datetime_utc,latitude,longitude,depth_km,magnitude,place,type,status,datetime_jst,date_jst
2011-04-06 13:54:52.200000+00:00,37.654,141.425,59.6,5.3,"42 km ENE of Namie, Japan",earthquake,reviewed,2011-04-06 22:54:52.200000+09:00,2011-04-06
2011-04-07 14:32:43.290000+00:00,38.276,141.588,42.0,7.1,"29 km ESE of Ishinomaki, Japan",earthquake,reviewed,2011-04-07 23:32:43.290000+09:00,2011-04-07
2011-04-07 22:02:19.880000+00:00,39.142,142.893,40.9,5.1,"88 km ESE of Yamada, Japan",earthquake,reviewed,2011-04-08 07:02:19.880000+09:00,2011-04-08
2011-04-09 01:25:26.660000+00:00,36.75,142.049,18.7,5.1,"109 km ESE of Iwaki, Japan",earthquake,reviewed,2011-04-09 10:25:26.660000+09:00,2011-04-09
2011-04-09 09:42:21.890000+00:00,38.28,141.701,65.3,5.3,"38 km ESE of Ishinomaki, Japan",earthquake,reviewed,2011-04-09 18:42:21.890000+09:00,2011-04-09
2011-04-09 12:57:47.820000+00:00,29.999,131.78,11.0,5.9,"110 km SE of Nishinoomote, Japan",earthquake,reviewed,2011-04-09 21:57:47.820000+09:00,2011-04-09
2011-04-10 21:35:52.590000+00:00,36.774,140.987,35.0,5.1,"21 km E of Kitaibaraki, Japan",earthquake,reviewed,2011-04-11 06:35:52.590000+09:00,2011-04-11
2011-04-11 08:16:12.730000+00:00,37.001,140.401,11.0,6.6,"17 km SSW of Ishikawa, Japan",earthquake,reviewed,2011-04-11 17:16:12.730000+09:00,2011-04-11
2011-04-11 08:16:50.910000+00:00,37.791,140.812,10.0,5.8,"14 km SSE of Marumori, Japan",earthquake,reviewed,2011-04-11 17:16:50.910000+09:00,2011-04-11
2011-04-11 08:26:35.300000+00:00,37.061,140.353,48.9,5.2,"13 km SW of Ishikawa, Japan",earthquake,reviewed,2011-04-11 17:26:35.300000+09:00,2011-04-11
2011-04-11 08:58:07.210000+00:00,37.03,140.369,38.1,5.0,"15 km SSW of Ishikawa, Japan",earthquake,reviewed,2011-04-11 17:58:07.210000+09:00,2011-04-11
2011-04-11 11:42:35.130000+00:00,36.98,140.356,10.0,5.5,"20 km SSW of Ishikawa, Japan",earthquake,reviewed,2011-04-11 20:42:35.130000+09:00,2011-04-11
2011-04-11 17:53:32.050000+00:00,37.643,144.47,12.0,5.4,"288 km SE of ?funato, Japan",earthquake,reviewed,2011-04-12 02:53:32.050000+09:00,2011-04-12
2011-04-11 22:26:20.030000+00:00,36.809,138.284,17.1,5.5,"8 km WSW of Iiyama, Japan",earthquake,reviewed,2011-04-12 07:26:20.030000+09:00,2011-04-12
2011-04-11 23:08:16.870000+00:00,35.417,140.575,15.0,6.2,"23 km SE of T?gane, Japan",earthquake,reviewed,2011-04-12 08:08:16.870000+09:00,2011-04-12
2011-04-12 05:07:41.860000+00:00,37.107,140.368,11.0,5.9,"8 km WSW of Ishikawa, Japan",earthquake,reviewed,2011-04-12 14:07:41.860000+09:00,2011-04-12
2011-04-12 19:37:48.290000+00:00,39.368,141.895,45.0,5.6,"0 km WNW of ?tsuchi, Japan",earthquake,reviewed,2011-04-13 04:37:48.290000+09:00,2011-04-13
2011-04-12 23:36:21.520000+00:00,35.376,140.678,19.0,5.1,"29 km ENE of ?hara, Japan",earthquake,reviewed,2011-04-13 08:36:21.520000+09:00,2011-04-13
2011-04-13 01:08:02.190000+00:00,36.953,140.418,32.0,5.3,"21 km NNE of Daigo, Japan",earthquake,reviewed,2011-04-13 10:08:02.190000+09:00,2011-04-13
2011-04-13 19:57:25.420000+00:00,39.583,143.34,22.0,6.0,"120 km E of Yamada, Japan",earthquake,reviewed,2011-04-14 04:57:25.420000+09:00,2011-04-14
2011-04-13 20:02:30.980000+00:00,39.568,143.414,14.7,5.0,"126 km E of Yamada, Japan",earthquake,reviewed,2011-04-14 05:02:30.980000+09:00,2011-04-14
2011-04-13 20:03:49.700000+00:00,39.497,143.365,6.9,5.0,"121 km E of Yamada, Japan",earthquake,reviewed,2011-04-14 05:03:49.700000+09:00,2011-04-14
2011-04-13 20:32:21.420000+00:00,39.619,143.191,18.5,5.5,"107 km E of Miyako, Japan",earthquake,reviewed,2011-04-14 05:32:21.420000+09:00,2011-04-14
2011-04-13 22:35:53.300000+00:00,36.797,140.372,25.0,5.0,"near the east coast of Honshu, Japan",earthquake,reviewed,2011-04-14 07:35:53.300000+09:00,2011-04-14
2011-04-14 03:08:57.990000+00:00,36.985,140.602,10.0,5.1,"22 km SE of Ishikawa, Japan",earthquake,reviewed,2011-04-14 12:08:57.990000+09:00,2011-04-14
2011-04-14 06:07:09.450000+00:00,36.686,141.58,36.2,5.1,"74 km ESE of Iwaki, Japan",earthquake,reviewed,2011-04-14 15:07:09.450000+09:00,2011-04-14
2011-04-14 06:08:47.340000+00:00,35.56,141.881,10.0,5.7,"96 km ESE of Hasaki, Japan",earthquake,reviewed,2011-04-14 15:08:47.340000+09:00,2011-04-14
2011-04-15 21:10:37.980000+00:00,37.211,142.41,27.6,5.0,"128 km ESE of Namie, Japan",earthquake,reviewed,2011-04-16 06:10:37.980000+09:00,2011-04-16
2011-04-16 02:19:30.790000+00:00,36.378,139.653,77.0,5.8,"6 km ENE of Tanuma, Japan",earthquake,reviewed,2011-04-16 11:19:30.790000+09:00,2011-04-16
2011-04-16 20:36:46.320000+00:00,36.878,143.917,15.1,5.5,"267 km ESE of Namie, Japan",earthquake,reviewed,2011-04-17 05:36:46.320000+09:00,2011-04-17
2011-04-18 13:03:33.600000+00:00,40.32,140.478,74.7,5.0,"8 km NW of ?date, Japan",earthquake,reviewed,2011-04-18 22:03:33.600000+09:00,2011-04-18
2011-04-19 04:04:30.080000+00:00,37.186,143.491,14.5,5.0,"223 km E of Namie, Japan",earthquake,reviewed,2011-04-19 13:04:30.080000+09:00,2011-04-19
2011-04-21 00:39:03.210000+00:00,40.341,143.549,10.0,5.7,"157 km ENE of Miyako, Japan",earthquake,reviewed,2011-04-21 09:39:03.210000+09:00,2011-04-21
2011-04-21 01:54:41.580000+00:00,40.306,143.628,11.0,5.8,"161 km ENE of Miyako, Japan",earthquake,reviewed,2011-04-21 10:54:41.580000+09:00,2011-04-21
2011-04-21 03:08:37.540000+00:00,37.265,142.247,24.2,5.0,"113 km ESE of Namie, Japan",earthquake,reviewed,2011-04-21 12:08:37.540000+09:00,2011-04-21
2011-04-21 08:18:16.140000+00:00,38.327,142.093,40.2,5.0,"70 km E of Ishinomaki, Japan",earthquake,reviewed,2011-04-21 17:18:16.140000+09:00,2011-04-21
2011-04-21 13:37:03.340000+00:00,35.579,140.305,43.0,6.2,"6 km WNW of T?gane, Japan",earthquake,reviewed,2011-04-21 22:37:03.340000+09:00,2011-04-21
2011-04-21 13:47:11.230000+00:00,35.712,140.696,35.0,5.1,"4 km E of Asahi, Japan",earthquake,reviewed,2011-04-21 22:47:11.230000+09:00,2011-04-21
2011-04-21 16:11:18.450000+00:00,37.553,141.219,55.6,5.6,"20 km ENE of Namie, Japan",earthquake,reviewed,2011-04-22 01:11:18.450000+09:00,2011-04-22
2011-04-22 15:25:17.840000+00:00,37.226,140.988,23.5,5.2,"21 km NNE of Iwaki, Japan",earthquake,reviewed,2011-04-23 00:25:17.840000+09:00,2011-04-23
2011-04-22 16:27:40.690000+00:00,37.083,144.124,37.8,5.0,"280 km E of Namie, Japan",earthquake,reviewed,2011-04-23 01:27:40.690000+09:00,2011-04-23
2011-04-23 10:12:46.980000+00:00,39.097,142.87,31.0,5.9,"88 km ESE of Kamaishi, Japan",earthquake,reviewed,2011-04-23 19:12:46.980000+09:00,2011-04-23
2011-04-24 21:06:38.640000+00:00,35.196,140.931,41.1,5.0,"49 km E of ?hara, Japan",earthquake,reviewed,2011-04-25 06:06:38.640000+09:00,2011-04-25
2011-04-25 09:00:21.590000+00:00,36.217,140.887,33.6,5.1,"29 km ESE of ?arai, Japan",earthquake,reviewed,2011-04-25 18:00:21.590000+09:00,2011-04-25
2011-04-25 21:14:14.400000+00:00,36.846,142.167,22.0,5.1,"116 km ESE of Iwaki, Japan",earthquake,reviewed,2011-04-26 06:14:14.400000+09:00,2011-04-26
2011-04-26 12:12:00.530000+00:00,36.085,139.778,40.2,5.0,"2 km SW of Sakai, Japan",earthquake,reviewed,2011-04-26 21:12:00.530000+09:00,2011-04-26
2011-04-27 21:42:47.120000+00:00,36.798,142.552,9.9,5.0,"151 km E of Iwaki, Japan",earthquake,reviewed,2011-04-28 06:42:47.120000+09:00,2011-04-28
2011-04-27 21:45:04.220000+00:00,38.151,141.651,66.2,5.0,"42 km SE of Ishinomaki, Japan",earthquake,reviewed,2011-04-28 06:45:04.220000+09:00,2011-04-28
2011-04-28 00:02:22.820000+00:00,36.719,142.568,15.5,5.0,"154 km ESE of Iwaki, Japan",earthquake,reviewed,2011-04-28 09:02:22.820000+09:00,2011-04-28
2011-04-28 09:27:47.230000+00:00,37.455,141.653,38.0,5.5,"near the east coast of Honshu, Japan",earthquake,reviewed,2011-04-28 18:27:47.230000+09:00,2011-04-28
2011-04-29 22:19:33.370000+00:00,38.859,141.916,59.2,5.2,"29 km SE of ?funato, Japan",earthquake,reviewed,2011-04-30 07:19:33.370000+09:00,2011-04-30
2011-04-30 05:06:35.860000+00:00,36.785,141.067,38.8,5.1,"28 km E of Kitaibaraki, Japan",earthquake,reviewed,2011-04-30 14:06:35.860000+09:00,2011-04-30
2011-04-30 11:13:51.070000+00:00,35.146,141.585,22.9,5.0,"94 km SE of Hasaki, Japan",earthquake,reviewed,2011-04-30 20:13:51.070000+09:00,2011-04-30
2011-05-02 21:25:49.540000+00:00,40.102,142.564,32.3,5.1,"73 km NE of Miyako, Japan",earthquake,reviewed,2011-05-03 06:25:49.540000+09:00,2011-05-03
2011-05-04 05:41:40.480000+00:00,40.786,141.269,35.0,5.0,"15 km NW of Misawa, Japan",earthquake,reviewed,2011-05-04 14:41:40.480000+09:00,2011-05-04
2011-05-04 08:23:53.110000+00:00,37.044,143.246,35.0,5.4,"205 km ESE of Namie, Japan",earthquake,reviewed,2011-05-04 17:23:53.110000+09:00,2011-05-04
2011-05-05 14:58:18.680000+00:00,38.17,144.032,11.0,6.0,"224 km SE of Kamaishi, Japan",earthquake,reviewed,2011-05-05 23:58:18.680000+09:00,2011-05-05
2011-05-05 15:26:46.740000+00:00,37.425,141.448,29.9,5.0,"40 km E of Namie, Japan",earthquake,reviewed,2011-05-06 00:26:46.740000+09:00,2011-05-06
2011-05-05 17:04:29.520000+00:00,37.072,140.754,14.8,5.2,"11 km WNW of Iwaki, Japan",earthquake,reviewed,2011-05-06 02:04:29.520000+09:00,2011-05-06
2011-05-05 18:36:16.960000+00:00,35.588,141.988,29.9,5.2,"105 km E of Hasaki, Japan",earthquake,reviewed,2011-05-06 03:36:16.960000+09:00,2011-05-06
2011-05-07 20:52:20.760000+00:00,40.239,142.243,35.0,5.7,"69 km ESE of Hachinohe, Japan",earthquake,reviewed,2011-05-08 05:52:20.760000+09:00,2011-05-08
2011-05-09 20:15:53.560000+00:00,37.739,143.536,11.0,5.6,"199 km ESE of Onagawa Ch?, Japan",earthquake,reviewed,2011-05-10 05:15:53.560000+09:00,2011-05-10
2011-05-10 07:16:14.180000+00:00,37.261,143.706,35.0,5.1,"240 km E of Namie, Japan",earthquake,reviewed,2011-05-10 16:16:14.180000+09:00,2011-05-10
2011-05-10 08:30:30.850000+00:00,37.797,143.561,25.1,5.2,"209 km ESE of Ishinomaki, Japan",earthquake,reviewed,2011-05-10 17:30:30.850000+09:00,2011-05-10
2011-05-10 08:54:50+00:00,38.187,142.138,58.7,5.0,"77 km ESE of Ishinomaki, Japan",earthquake,reviewed,2011-05-10 17:54:50+09:00,2011-05-10
2011-05-10 10:14:43.160000+00:00,36.235,141.608,41.4,5.1,"89 km NE of Hasaki, Japan",earthquake,reviewed,2011-05-10 19:14:43.160000+09:00,2011-05-10
2011-05-10 10:36:39.730000+00:00,36.111,141.876,23.9,5.0,"103 km ENE of Hasaki, Japan",earthquake,reviewed,2011-05-10 19:36:39.730000+09:00,2011-05-10
2011-05-10 15:26:04.610000+00:00,43.292,130.938,544.6,5.7,"46 km WNW of Barabash, Russia",earthquake,reviewed,2011-05-11 00:26:04.610000+09:00,2011-05-11
2011-05-11 01:20:05.600000+00:00,37.81,143.56,14.6,5.2,"209 km ESE of Ishinomaki, Japan",earthquake,reviewed,2011-05-11 10:20:05.600000+09:00,2011-05-11
2011-05-11 18:14:31.890000+00:00,36.1,142.267,10.0,5.2,"135 km ENE of Hasaki, Japan",earthquake,reviewed,2011-05-12 03:14:31.890000+09:00,2011-05-12
2011-05-13 23:35:52.860000+00:00,37.396,141.341,35.0,6.1,"31 km ESE of Namie, Japan",earthquake,reviewed,2011-05-14 08:35:52.860000+09:00,2011-05-14
2011-05-14 22:30:29.660000+00:00,43.144,146.131,36.6,5.1,"49 km ESE of Nemuro, Japan",earthquake,reviewed,2011-05-15 07:30:29.660000+09:00,2011-05-15
2011-05-14 23:50:49.810000+00:00,37.666,141.396,60.2,5.0,"40 km ENE of Namie, Japan",earthquake,reviewed,2011-05-15 08:50:49.810000+09:00,2011-05-15
2011-05-15 10:25:21.270000+00:00,37.059,142.33,31.3,5.1,"127 km ESE of Namie, Japan",earthquake,reviewed,2011-05-15 19:25:21.270000+09:00,2011-05-15
2011-05-15 12:14:20.300000+00:00,37.244,142.612,56.8,5.1,"145 km E of Namie, Japan",earthquake,reviewed,2011-05-15 21:14:20.300000+09:00,2011-05-15
2011-05-19 09:12:48.480000+00:00,37.121,142.674,40.5,5.3,"153 km ESE of Namie, Japan",earthquake,reviewed,2011-05-19 18:12:48.480000+09:00,2011-05-19
2011-05-20 00:46:16.950000+00:00,35.761,140.843,29.0,5.8,"3 km NNE of Hasaki, Japan",earthquake,reviewed,2011-05-20 09:46:16.950000+09:00,2011-05-20
2011-05-20 07:28:48.150000+00:00,37.44,141.414,43.4,5.1,"36 km E of Namie, Japan",earthquake,reviewed,2011-05-20 16:28:48.150000+09:00,2011-05-20
2011-05-21 22:06:26.390000+00:00,35.597,140.492,37.0,5.6,"6 km E of Narut?, Japan",earthquake,reviewed,2011-05-22 07:06:26.390000+09:00,2011-05-22
2011-05-22 08:33:41.390000+00:00,39.209,142.831,35.0,5.0,"81 km ESE of Yamada, Japan",earthquake,reviewed,2011-05-22 17:33:41.390000+09:00,2011-05-22
2011-05-22 14:46:11.670000+00:00,37.601,143.488,28.6,5.6,"212 km ESE of Ishinomaki, Japan",earthquake,reviewed,2011-05-22 23:46:11.670000+09:00,2011-05-22
2011-05-24 03:40:51.300000+00:00,39.709,143.247,16.0,5.8,"112 km E of Miyako, Japan",earthquake,reviewed,2011-05-24 12:40:51.300000+09:00,2011-05-24
2011-05-24 11:49:23.490000+00:00,36.377,140.942,35.0,5.0,"32 km ENE of ?arai, Japan",earthquake,reviewed,2011-05-24 20:49:23.490000+09:00,2011-05-24
2011-05-28 13:46:07.930000+00:00,36.287,142.021,35.0,5.0,"123 km ENE of Hasaki, Japan",earthquake,reviewed,2011-05-28 22:46:07.930000+09:00,2011-05-28
2011-05-28 14:56:04.930000+00:00,37.423,143.586,35.0,5.0,"228 km E of Namie, Japan",earthquake,reviewed,2011-05-28 23:56:04.930000+09:00,2011-05-28
2011-05-30 23:53:45.480000+00:00,40.29,143.205,39.4,5.1,"129 km ENE of Miyako, Japan",earthquake,reviewed,2011-05-31 08:53:45.480000+09:00,2011-05-31
2011-05-31 12:28:38.310000+00:00,39.409,141.791,64.9,5.4,"10 km WNW of ?tsuchi, Japan",earthquake,reviewed,2011-05-31 21:28:38.310000+09:00,2011-05-31
2011-05-31 16:26:12.390000+00:00,40.251,143.221,38.8,5.0,"128 km ENE of Miyako, Japan",earthquake,reviewed,2011-06-01 01:26:12.390000+09:00,2011-06-01
2011-06-01 03:14:14.440000+00:00,39.737,143.566,36.3,5.2,"139 km E of Miyako, Japan",earthquake,reviewed,2011-06-01 12:14:14.440000+09:00,2011-06-01
2011-06-03 00:05:00.830000+00:00,37.285,143.907,14.0,6.1,"258 km E of Namie, Japan",earthquake,reviewed,2011-06-03 09:05:00.830000+09:00,2011-06-03
2011-06-03 16:00:15.030000+00:00,37.067,140.912,17.0,5.5,"3 km NE of Iwaki, Japan",earthquake,reviewed,2011-06-04 01:00:15.030000+09:00,2011-06-04
2011-06-03 16:57:31.560000+00:00,35.027,132.325,10.0,5.0,"9 km ENE of G?tsuch?, Japan",earthquake,reviewed,2011-06-04 01:57:31.560000+09:00,2011-06-04
2011-06-08 22:11:17.360000+00:00,39.031,142.318,46.7,5.0,"near the east coast of Honshu, Japan",earthquake,reviewed,2011-06-09 07:11:17.360000+09:00,2011-06-09
2011-06-09 10:26:08.200000+00:00,37.263,142.147,35.0,5.0,"104 km ESE of Namie, Japan",earthquake,reviewed,2011-06-09 19:26:08.200000+09:00,2011-06-09
2011-06-09 10:38:34.540000+00:00,36.478,140.774,15.7,5.4,"17 km SE of Hitachi, Japan",earthquake,reviewed,2011-06-09 19:38:34.540000+09:00,2011-06-09
2011-06-10 22:35:55.070000+00:00,38.315,142.156,31.5,5.0,"75 km E of Ishinomaki, Japan",earthquake,reviewed,2011-06-11 07:35:55.070000+09:00,2011-06-11
2011-06-13 06:50:31.620000+00:00,39.91,143.02,17.9,5.1,"96 km ENE of Miyako, Japan",earthquake,reviewed,2011-06-13 15:50:31.620000+09:00,2011-06-13
2011-06-14 12:48:53.160000+00:00,43.221,145.236,56.2,5.0,"29 km WSW of Nemuro, Japan",earthquake,reviewed,2011-06-14 21:48:53.160000+09:00,2011-06-14
2011-06-14 13:06:52.190000+00:00,37.727,143.512,14.0,5.7,"208 km ESE of Ishinomaki, Japan",earthquake,reviewed,2011-06-14 22:06:52.190000+09:00,2011-06-14
2011-06-14 14:56:00.700000+00:00,39.483,142.392,20.5,5.4,"38 km E of Yamada, Japan",earthquake,reviewed,2011-06-14 23:56:00.700000+09:00,2011-06-14
2011-06-16 10:09:09.720000+00:00,39.795,143.199,19.3,5.0,"109 km E of Miyako, Japan",earthquake,reviewed,2011-06-16 19:09:09.720000+09:00,2011-06-16
2011-06-18 11:31:05.880000+00:00,37.664,141.664,20.0,5.7,"61 km ENE of Namie, Japan",earthquake,reviewed,2011-06-18 20:31:05.880000+09:00,2011-06-18
2011-06-21 08:49:40.500000+00:00,35.623,141.314,15.0,5.4,"45 km ESE of Hasaki, Japan",earthquake,reviewed,2011-06-21 17:49:40.500000+09:00,2011-06-21
2011-06-22 14:28:59.170000+00:00,40.046,142.777,42.7,5.7,"84 km ENE of Miyako, Japan",earthquake,reviewed,2011-06-22 23:28:59.170000+09:00,2011-06-22
2011-06-22 20:43:49.180000+00:00,37.704,144.26,14.5,5.1,"269 km SE of ?funato, Japan",earthquake,reviewed,2011-06-23 05:43:49.180000+09:00,2011-06-23
2011-06-22 21:50:52.350000+00:00,39.955,142.205,33.0,6.7,"41 km NNE of Miyako, Japan",earthquake,reviewed,2011-06-23 06:50:52.350000+09:00,2011-06-23
2011-06-23 10:35:00.230000+00:00,38.479,141.439,35.0,5.3,"13 km ENE of Ishinomaki, Japan",earthquake,reviewed,2011-06-23 19:35:00.230000+09:00,2011-06-23
2011-06-23 11:38:32.870000+00:00,30.284,131.467,26.0,5.1,"67 km SE of Nishinoomote, Japan",earthquake,reviewed,2011-06-23 20:38:32.870000+09:00,2011-06-23
2011-06-24 17:39:27.210000+00:00,42.049,142.553,58.1,5.5,"35 km SSE of Shizunai-furukawach?, Japan",earthquake,reviewed,2011-06-25 02:39:27.210000+09:00,2011-06-25
2011-06-28 07:42:55.010000+00:00,40.53,143.805,27.2,5.2,"186 km ENE of Miyako, Japan",earthquake,reviewed,2011-06-28 16:42:55.010000+09:00,2011-06-28
2011-06-29 22:14:38.480000+00:00,35.598,140.461,54.8,5.0,"4 km E of Narut?, Japan",earthquake,reviewed,2011-06-30 07:14:38.480000+09:00,2011-06-30
2011-06-29 23:16:40.170000+00:00,36.261,137.679,10.0,5.0,"20 km WSW of Hotaka, Japan",earthquake,reviewed,2011-06-30 08:16:40.170000+09:00,2011-06-30
2011-07-05 10:18:44.390000+00:00,33.988,135.135,16.3,5.0,"12 km NNW of Gob?, Japan",earthquake,reviewed,2011-07-05 19:18:44.390000+09:00,2011-07-05
2011-07-06 15:14:59.030000+00:00,36.372,141.618,10.0,5.7,"89 km ESE of Takahagi, Japan",earthquake,reviewed,2011-07-07 00:14:59.030000+09:00,2011-07-07
2011-07-07 18:35:40.740000+00:00,37.125,140.869,35.0,5.5,"8 km N of Iwaki, Japan",earthquake,reviewed,2011-07-08 03:35:40.740000+09:00,2011-07-08
2011-07-08 13:10:48.760000+00:00,39.87,142.102,50.6,5.0,"28 km NNE of Miyako, Japan",earthquake,reviewed,2011-07-08 22:10:48.760000+09:00,2011-07-08
2011-07-10 00:57:10.800000+00:00,38.034,143.264,23.0,7.0,"177 km ESE of Ishinomaki, Japan",earthquake,reviewed,2011-07-10 09:57:10.800000+09:00,2011-07-10
2011-07-11 04:29:30.480000+00:00,39.349,141.859,65.5,5.2,"4 km WSW of ?tsuchi, Japan",earthquake,reviewed,2011-07-11 13:29:30.480000+09:00,2011-07-11
2011-07-12 09:00:00.390000+00:00,38.811,141.884,63.2,5.0,"32 km SSE of ?funato, Japan",earthquake,reviewed,2011-07-12 18:00:00.390000+09:00,2011-07-12
2011-07-12 20:47:13.780000+00:00,37.348,141.015,32.0,5.1,"15 km S of Namie, Japan",earthquake,reviewed,2011-07-13 05:47:13.780000+09:00,2011-07-13
2011-07-14 04:10:55.070000+00:00,36.934,141.136,21.5,5.0,"near the east coast of Honshu, Japan",earthquake,reviewed,2011-07-14 13:10:55.070000+09:00,2011-07-14
2011-07-15 12:01:12.200000+00:00,36.128,139.85,88.7,5.5,"5 km NE of Sakai, Japan",earthquake,reviewed,2011-07-15 21:01:12.200000+09:00,2011-07-15
2011-07-19 01:38:51.280000+00:00,37.386,141.575,24.4,5.2,"52 km ESE of Namie, Japan",earthquake,reviewed,2011-07-19 10:38:51.280000+09:00,2011-07-19
2011-07-21 01:03:30.950000+00:00,39.632,143.466,28.9,5.1,"130 km E of Miyako, Japan",earthquake,reviewed,2011-07-21 10:03:30.950000+09:00,2011-07-21
2011-07-23 04:34:24.180000+00:00,38.898,141.815,41.0,6.3,"21 km SSE of ?funato, Japan",earthquake,reviewed,2011-07-23 13:34:24.180000+09:00,2011-07-23
2011-07-24 15:07:10.970000+00:00,38.855,141.993,62.4,5.1,"33 km SE of ?funato, Japan",earthquake,reviewed,2011-07-25 00:07:10.970000+09:00,2011-07-25
2011-07-24 18:51:25.070000+00:00,37.73,141.39,40.0,6.3,"43 km NE of Namie, Japan",earthquake,reviewed,2011-07-25 03:51:25.070000+09:00,2011-07-25
2011-07-25 11:03:24.110000+00:00,35.211,141.03,35.0,5.0,"58 km E of ?hara, Japan",earthquake,reviewed,2011-07-25 20:03:24.110000+09:00,2011-07-25
2011-07-25 11:04:46.030000+00:00,38.571,141.876,35.0,5.1,"53 km ENE of Ishinomaki, Japan",earthquake,reviewed,2011-07-25 20:04:46.030000+09:00,2011-07-25
2011-07-25 11:54:54.080000+00:00,35.273,140.933,46.0,5.6,"49 km E of ?hara, Japan",earthquake,reviewed,2011-07-25 20:54:54.080000+09:00,2011-07-25
2011-07-27 14:50:00.740000+00:00,40.097,142.746,48.9,5.0,"near the east coast of Honshu, Japan",earthquake,reviewed,2011-07-27 23:50:00.740000+09:00,2011-07-27
2011-07-28 09:01:39.030000+00:00,40.344,143.236,30.9,5.6,"135 km NE of Miyako, Japan",earthquake,reviewed,2011-07-28 18:01:39.030000+09:00,2011-07-28
2011-07-28 16:50:25.700000+00:00,38.918,142.561,47.8,5.2,"71 km SE of Kamaishi, Japan",earthquake,reviewed,2011-07-29 01:50:25.700000+09:00,2011-07-29
2011-07-29 14:53:18.980000+00:00,36.689,141.871,16.9,5.4,"96 km ESE of Iwaki, Japan",earthquake,reviewed,2011-07-29 23:53:18.980000+09:00,2011-07-29
2011-07-30 13:21:34.560000+00:00,34.825,141.601,35.0,5.0,"119 km ESE of ?hara, Japan",earthquake,reviewed,2011-07-30 22:21:34.560000+09:00,2011-07-30
2011-07-30 18:53:50.720000+00:00,36.942,140.955,38.0,6.3,"13 km SSE of Iwaki, Japan",earthquake,reviewed,2011-07-31 03:53:50.720000+09:00,2011-07-31
2011-07-31 17:35:57.870000+00:00,41.795,142.826,32.4,5.5,"70 km SSE of Shizunai-furukawach?, Japan",earthquake,reviewed,2011-08-01 02:35:57.870000+09:00,2011-08-01
2011-08-01 13:44:47.300000+00:00,39.837,142.083,40.0,5.7,"24 km NNE of Miyako, Japan",earthquake,reviewed,2011-08-01 22:44:47.300000+09:00,2011-08-01
2011-08-01 14:58:09.060000+00:00,34.631,138.433,13.0,5.9,"20 km E of ?yama, Japan",earthquake,reviewed,2011-08-01 23:58:09.060000+09:00,2011-08-01
2011-08-05 10:53:22.230000+00:00,40.131,142.312,54.2,5.0,"62 km NNE of Miyako, Japan",earthquake,reviewed,2011-08-05 19:53:22.230000+09:00,2011-08-05
2011-08-06 07:14:55.290000+00:00,35.245,140.99,25.5,5.3,"54 km E of ?hara, Japan",earthquake,reviewed,2011-08-06 16:14:55.290000+09:00,2011-08-06
2011-08-11 13:31:26.840000+00:00,38.363,142.039,44.4,5.2,"64 km E of Ishinomaki, Japan",earthquake,reviewed,2011-08-11 22:31:26.840000+09:00,2011-08-11
2011-08-11 18:22:04.920000+00:00,37.034,140.893,44.0,5.8,"1 km SSE of Iwaki, Japan",earthquake,reviewed,2011-08-12 03:22:04.920000+09:00,2011-08-12
2011-08-11 19:37:44.280000+00:00,34.398,137.962,6.1,5.0,"32 km SW of ?yama, Japan",earthquake,reviewed,2011-08-12 04:37:44.280000+09:00,2011-08-12
2011-08-16 12:43:01.790000+00:00,38.072,143.491,25.8,5.0,"190 km SE of ?funato, Japan",earthquake,reviewed,2011-08-16 21:43:01.790000+09:00,2011-08-16
2011-08-16 19:35:20.500000+00:00,40.138,142.307,49.9,5.3,"62 km NNE of Miyako, Japan",earthquake,reviewed,2011-08-17 04:35:20.500000+09:00,2011-08-17
2011-08-17 03:05:07.240000+00:00,38.395,142.093,42.0,5.0,"69 km E of Ishinomaki, Japan",earthquake,reviewed,2011-08-17 12:05:07.240000+09:00,2011-08-17
2011-08-17 11:44:08.370000+00:00,36.765,143.77,9.0,6.1,"258 km ESE of Namie, Japan",earthquake,reviewed,2011-08-17 20:44:08.370000+09:00,2011-08-17
2011-08-19 05:36:33.040000+00:00,37.671,141.652,47.0,6.2,"61 km ENE of Namie, Japan",earthquake,reviewed,2011-08-19 14:36:33.040000+09:00,2011-08-19
2011-08-22 11:23:35.250000+00:00,36.083,141.688,12.0,5.9,"86 km ENE of Hasaki, Japan",earthquake,reviewed,2011-08-22 20:23:35.250000+09:00,2011-08-22
2011-08-25 02:14:50.250000+00:00,36.106,143.452,19.6,5.0,"239 km E of Hasaki, Japan",earthquake,reviewed,2011-08-25 11:14:50.250000+09:00,2011-08-25
2011-09-03 20:52:49.440000+00:00,35.79,139.358,100.8,5.0,"6 km NNE of Fussa, Japan",earthquake,reviewed,2011-09-04 05:52:49.440000+09:00,2011-09-04
2011-09-05 19:49:13.170000+00:00,36.51,142.622,10.0,5.1,"166 km ESE of Iwaki, Japan",earthquake,reviewed,2011-09-06 04:49:13.170000+09:00,2011-09-06
2011-09-06 17:54:51.870000+00:00,36.661,141.594,21.0,5.2,"76 km SE of Iwaki, Japan",earthquake,reviewed,2011-09-07 02:54:51.870000+09:00,2011-09-07
2011-09-07 00:09:59.760000+00:00,39.962,143.477,24.1,5.0,"136 km ENE of Miyako, Japan",earthquake,reviewed,2011-09-07 09:09:59.760000+09:00,2011-09-07
2011-09-07 13:29:41.520000+00:00,42.238,142.424,7.7,5.1,"11 km SSE of Shizunai-furukawach?, Japan",earthquake,reviewed,2011-09-07 22:29:41.520000+09:00,2011-09-07
2011-09-08 13:38:13.170000+00:00,37.238,141.835,37.0,5.1,"78 km ESE of Namie, Japan",earthquake,reviewed,2011-09-08 22:38:13.170000+09:00,2011-09-08
2011-09-12 23:02:41.760000+00:00,35.69,143.329,20.0,5.0,"225 km E of Hasaki, Japan",earthquake,reviewed,2011-09-13 08:02:41.760000+09:00,2011-09-13
2011-09-15 08:00:09.640000+00:00,36.256,141.338,28.0,6.1,"68 km E of ?arai, Japan",earthquake,reviewed,2011-09-15 17:00:09.640000+09:00,2011-09-15
2011-09-16 19:26:40.260000+00:00,40.273,142.779,30.0,6.7,"99 km NE of Miyako, Japan",earthquake,reviewed,2011-09-17 04:26:40.260000+09:00,2011-09-17
2011-09-16 19:40:00.140000+00:00,40.164,143.397,35.0,5.1,"137 km ENE of Miyako, Japan",earthquake,reviewed,2011-09-17 04:40:00.140000+09:00,2011-09-17
2011-09-16 20:11:16.090000+00:00,40.235,143.24,35.0,5.7,"128 km ENE of Miyako, Japan",earthquake,reviewed,2011-09-17 05:11:16.090000+09:00,2011-09-17
2011-09-16 21:08:05.330000+00:00,40.239,143.008,18.0,5.9,"112 km NE of Miyako, Japan",earthquake,reviewed,2011-09-17 06:08:05.330000+09:00,2011-09-17
2011-09-16 21:36:38.590000+00:00,40.077,143.15,40.7,5.8,"113 km ENE of Miyako, Japan",earthquake,reviewed,2011-09-17 06:36:38.590000+09:00,2011-09-17
2011-09-16 22:40:46.930000+00:00,40.242,143.145,37.7,5.7,"122 km ENE of Miyako, Japan",earthquake,reviewed,2011-09-17 07:40:46.930000+09:00,2011-09-17
2011-09-17 07:33:57.840000+00:00,40.291,142.861,30.0,5.3,"106 km NE of Miyako, Japan",earthquake,reviewed,2011-09-17 16:33:57.840000+09:00,2011-09-17
2011-09-17 07:34:27.690000+00:00,40.265,142.657,30.0,5.7,"91 km NE of Miyako, Japan",earthquake,reviewed,2011-09-17 16:34:27.690000+09:00,2011-09-17
2011-09-17 17:54:47.410000+00:00,40.248,143.226,22.1,5.2,"128 km ENE of Miyako, Japan",earthquake,reviewed,2011-09-18 02:54:47.410000+09:00,2011-09-18
2011-09-18 07:04:18.070000+00:00,39.845,143.052,10.0,5.6,"97 km ENE of Miyako, Japan",earthquake,reviewed,2011-09-18 16:04:18.070000+09:00,2011-09-18
2011-09-18 10:39:48.400000+00:00,42.036,142.315,69.4,5.1,"33 km S of Shizunai-furukawach?, Japan",earthquake,reviewed,2011-09-18 19:39:48.400000+09:00,2011-09-18
2011-09-18 18:32:25.690000+00:00,37.844,141.404,54.4,5.4,"53 km ESE of Watari, Japan",earthquake,reviewed,2011-09-19 03:32:25.690000+09:00,2011-09-19
2011-09-21 13:31:01.430000+00:00,36.774,140.324,42.5,5.1,"2 km WNW of Daigo, Japan",earthquake,reviewed,2011-09-21 22:31:01.430000+09:00,2011-09-21
2011-09-23 08:16:00.390000+00:00,36.762,140.435,27.8,5.0,"7 km E of Daigo, Japan",earthquake,reviewed,2011-09-23 17:16:00.390000+09:00,2011-09-23
2011-09-23 13:12:27.300000+00:00,39.352,141.85,61.7,5.2,"4 km WSW of ?tsuchi, Japan",earthquake,reviewed,2011-09-23 22:12:27.300000+09:00,2011-09-23
2011-09-29 10:05:12.480000+00:00,37.147,140.65,43.5,5.1,"17 km E of Ishikawa, Japan",earthquake,reviewed,2011-09-29 19:05:12.480000+09:00,2011-09-29
2011-09-30 15:51:01.120000+00:00,39.147,143.523,10.0,5.0,"140 km ESE of Yamada, Japan",earthquake,reviewed,2011-10-01 00:51:01.120000+09:00,2011-10-01
2011-10-05 10:00:01.440000+00:00,36.478,137.593,10.0,5.3,"24 km W of ?machi, Japan",earthquake,reviewed,2011-10-05 19:00:01.440000+09:00,2011-10-05
2011-10-05 10:06:13.770000+00:00,36.49,137.384,13.1,5.2,"eastern Honshu, Japan",earthquake,reviewed,2011-10-05 19:06:13.770000+09:00,2011-10-05
2011-10-07 02:51:18.280000+00:00,41.631,141.964,46.0,5.3,"73 km ENE of Mutsu, Japan",earthquake,reviewed,2011-10-07 11:51:18.280000+09:00,2011-10-07
2011-10-10 02:45:57.860000+00:00,37.547,141.257,46.0,5.6,"23 km ENE of Namie, Japan",earthquake,reviewed,2011-10-10 11:45:57.860000+09:00,2011-10-10
2011-10-12 17:22:05.940000+00:00,37.765,144.421,35.0,5.0,"277 km ESE of ?funato, Japan",earthquake,reviewed,2011-10-13 02:22:05.940000+09:00,2011-10-13
2011-10-17 09:15:23.420000+00:00,37.744,141.89,35.4,5.0,"83 km ENE of Namie, Japan",earthquake,reviewed,2011-10-17 18:15:23.420000+09:00,2011-10-17
2011-10-21 08:02:37.950000+00:00,43.892,142.479,187.0,6.1,"16 km NE of Asahikawa, Japan",earthquake,reviewed,2011-10-21 17:02:37.950000+09:00,2011-10-21
2011-10-25 17:08:54.920000+00:00,37.026,140.971,37.1,5.0,"8 km ESE of Iwaki, Japan",earthquake,reviewed,2011-10-26 02:08:54.920000+09:00,2011-10-26
2011-10-25 19:34:12.720000+00:00,32.056,138.362,12.4,5.2,"Izu Islands, Japan region",earthquake,reviewed,2011-10-26 04:34:12.720000+09:00,2011-10-26
2011-11-01 16:21:25.690000+00:00,35.941,141.642,20.5,5.0,"76 km ENE of Hasaki, Japan",earthquake,reviewed,2011-11-02 01:21:25.690000+09:00,2011-11-02
2011-11-03 10:34:30.410000+00:00,35.814,139.934,82.5,5.0,"4 km NE of Matsudo, Japan",earthquake,reviewed,2011-11-03 19:34:30.410000+09:00,2011-11-03
2011-11-08 03:13:52.630000+00:00,31.36,142.217,35.0,5.2,"Izu Islands, Japan region",earthquake,reviewed,2011-11-08 12:13:52.630000+09:00,2011-11-08
2011-11-08 08:34:59.690000+00:00,37.651,143.962,21.9,5.0,"248 km ESE of Ishinomaki, Japan",earthquake,reviewed,2011-11-08 17:34:59.690000+09:00,2011-11-08
2011-11-08 22:45:04.820000+00:00,37.4,142.762,36.3,5.0,"156 km E of Namie, Japan",earthquake,reviewed,2011-11-09 07:45:04.820000+09:00,2011-11-09
2011-11-11 12:44:09.340000+00:00,39.667,143.371,14.8,5.1,"122 km E of Miyako, Japan",earthquake,reviewed,2011-11-11 21:44:09.340000+09:00,2011-11-11
2011-11-16 00:43:58.130000+00:00,34.14,141.468,39.3,5.3,"153 km SE of Katsuura, Japan",earthquake,reviewed,2011-11-16 09:43:58.130000+09:00,2011-11-16
2011-11-17 08:34:33.950000+00:00,38.82,141.912,60.9,5.0,"32 km SSE of ?funato, Japan",earthquake,reviewed,2011-11-17 17:34:33.950000+09:00,2011-11-17
2011-11-17 09:43:04.970000+00:00,35.671,141.633,33.5,5.0,"72 km E of Hasaki, Japan",earthquake,reviewed,2011-11-17 18:43:04.970000+09:00,2011-11-17
2011-11-20 01:23:44.730000+00:00,36.775,140.378,32.0,5.0,"2 km ENE of Daigo, Japan",earthquake,reviewed,2011-11-20 10:23:44.730000+09:00,2011-11-20
2011-11-21 10:16:33.810000+00:00,34.847,132.715,35.0,5.1,"13 km WNW of Miyoshi, Japan",earthquake,reviewed,2011-11-21 19:16:33.810000+09:00,2011-11-21
2011-11-23 19:24:31.470000+00:00,37.365,141.368,34.0,6.1,"35 km ESE of Namie, Japan",earthquake,reviewed,2011-11-24 04:24:31.470000+09:00,2011-11-24
2011-11-24 10:25:34.030000+00:00,41.898,142.639,38.0,6.2,"53 km SSE of Shizunai-furukawach?, Japan",earthquake,reviewed,2011-11-24 19:25:34.030000+09:00,2011-11-24
2011-12-01 11:20:31.450000+00:00,44.746,145.918,149.0,5.0,"75 km N of Otrada, Russia",earthquake,reviewed,2011-12-01 20:20:31.450000+09:00,2011-12-01
2011-12-02 20:55:29.490000+00:00,35.257,140.152,30.9,5.2,"18 km NNE of Kamogawa, Japan",earthquake,reviewed,2011-12-03 05:55:29.490000+09:00,2011-12-03
2011-12-05 01:01:12.560000+00:00,36.158,141.805,17.1,5.2,"99 km ENE of Hasaki, Japan",earthquake,reviewed,2011-12-05 10:01:12.560000+09:00,2011-12-05
2011-12-10 19:00:54.430000+00:00,37.659,143.588,10.0,5.0,"217 km ESE of Ishinomaki, Japan",earthquake,reviewed,2011-12-11 04:00:54.430000+09:00,2011-12-11
2011-12-13 00:57:08.090000+00:00,37.754,143.651,10.7,5.0,"218 km ESE of Ishinomaki, Japan",earthquake,reviewed,2011-12-13 09:57:08.090000+09:00,2011-12-13
2011-12-14 04:01:07.560000+00:00,35.308,137.188,47.6,5.1,"4 km S of Toki, Japan",earthquake,reviewed,2011-12-14 13:01:07.560000+09:00,2011-12-14
2011-12-15 02:49:24.600000+00:00,38.069,143.338,35.0,5.0,"179 km SE of ?funato, Japan",earthquake,reviewed,2011-12-15 11:49:24.600000+09:00,2011-12-15
2011-12-15 13:05:54.770000+00:00,31.675,141.665,10.0,5.3,"Izu Islands, Japan region",earthquake,reviewed,2011-12-15 22:05:54.770000+09:00,2011-12-15
2011-12-15 15:12:48.270000+00:00,31.717,141.631,34.8,5.6,"Izu Islands, Japan region",earthquake,reviewed,2011-12-16 00:12:48.270000+09:00,2011-12-16
2011-12-18 09:02:03.080000+00:00,35.508,140.913,30.2,5.1,"26 km SSE of Hasaki, Japan",earthquake,reviewed,2011-12-18 18:02:03.080000+09:00,2011-12-18
2011-12-20 06:26:23.210000+00:00,40.099,142.559,52.7,5.1,"72 km NE of Miyako, Japan",earthquake,reviewed,2011-12-20 15:26:23.210000+09:00,2011-12-20
2011-12-27 09:04:30.340000+00:00,31.125,140.338,94.8,5.3,"Izu Islands, Japan region",earthquake,reviewed,2011-12-27 18:04:30.340000+09:00,2011-12-27
2011-12-30 17:07:23.390000+00:00,30.799,138.254,405.8,5.2,"Izu Islands, Japan region",earthquake,reviewed,2011-12-31 02:07:23.390000+09:00,2011-12-31
2012-01-01 05:27:55.980000+00:00,31.456,138.072,365.3,6.8,"Izu Islands, Japan region",earthquake,reviewed,2012-01-01 14:27:55.980000+09:00,2012-01-01
2012-01-05 16:47:08.100000+00:00,38.714,142.197,47.1,5.0,"57 km SE of ?funato, Japan",earthquake,reviewed,2012-01-06 01:47:08.100000+09:00,2012-01-06
2012-01-07 21:30:11+00:00,36.063,142.073,31.6,5.0,"117 km ENE of Hasaki, Japan",earthquake,reviewed,2012-01-08 06:30:11+09:00,2012-01-08
2012-01-12 03:20:49.990000+00:00,36.994,141.071,16.0,5.5,"17 km ESE of Iwaki, Japan",earthquake,reviewed,2012-01-12 12:20:49.990000+09:00,2012-01-12
2012-01-12 05:37:28.760000+00:00,38.336,142.461,35.0,5.2,"101 km E of Ishinomaki, Japan",earthquake,reviewed,2012-01-12 14:37:28.760000+09:00,2012-01-12
2012-01-12 15:26:28.760000+00:00,36.672,141.895,25.3,5.0,"99 km ESE of Iwaki, Japan",earthquake,reviewed,2012-01-13 00:26:28.760000+09:00,2012-01-13
2012-01-20 13:30:50.590000+00:00,37.75,143.311,22.4,5.2,"191 km ESE of Ishinomaki, Japan",earthquake,reviewed,2012-01-20 22:30:50.590000+09:00,2012-01-20
2012-01-23 11:45:43.700000+00:00,37.108,140.965,62.4,5.2,"9 km NE of Iwaki, Japan",earthquake,reviewed,2012-01-23 20:45:43.700000+09:00,2012-01-23
2012-01-25 20:42:55.910000+00:00,38.19,141.573,52.3,5.2,"34 km SE of Ishinomaki, Japan",earthquake,reviewed,2012-01-26 05:42:55.910000+09:00,2012-01-26
2012-01-27 01:08:31.130000+00:00,37.904,143.891,14.0,5.0,"229 km SE of ?funato, Japan",earthquake,reviewed,2012-01-27 10:08:31.130000+09:00,2012-01-27
2012-01-27 22:43:16.140000+00:00,35.474,138.888,36.3,5.2,"9 km ENE of Fujiyoshida, Japan",earthquake,reviewed,2012-01-28 07:43:16.140000+09:00,2012-01-28
2012-01-28 00:22:18.940000+00:00,40.177,142.211,55.3,5.6,"63 km NNE of Miyako, Japan",earthquake,reviewed,2012-01-28 09:22:18.940000+09:00,2012-01-28
2012-01-29 18:18:24.190000+00:00,32.588,131.806,62.4,5.1,"13 km E of Nobeoka, Japan",earthquake,reviewed,2012-01-30 03:18:24.190000+09:00,2012-01-30
2012-02-04 05:56:02.530000+00:00,37.343,141.869,33.2,5.0,"78 km ESE of Namie, Japan",earthquake,reviewed,2012-02-04 14:56:02.530000+09:00,2012-02-04
2012-02-07 13:30:04.780000+00:00,45.559,142.219,314.7,5.0,"37 km ENE of Makubetsu, Japan",earthquake,reviewed,2012-02-07 22:30:04.780000+09:00,2012-02-07
2012-02-08 12:01:37.480000+00:00,37.858,137.999,10.0,5.4,"45 km WSW of Ry?tsu-minato, Japan",earthquake,reviewed,2012-02-08 21:01:37.480000+09:00,2012-02-08
2012-02-12 04:41:01.150000+00:00,38.529,144.252,20.2,5.2,"222 km ESE of Kamaishi, Japan",earthquake,reviewed,2012-02-12 13:41:01.150000+09:00,2012-02-12
2012-02-14 03:27:50.500000+00:00,36.193,141.402,30.2,5.5,"72 km NE of Hasaki, Japan",earthquake,reviewed,2012-02-14 12:27:50.500000+09:00,2012-02-14
2012-02-14 06:22:01.170000+00:00,36.214,141.386,28.0,5.8,"72 km ENE of Kashima-shi, Japan",earthquake,reviewed,2012-02-14 15:22:01.170000+09:00,2012-02-14
2012-02-14 22:34:38.200000+00:00,36.16,141.642,13.8,5.1,"86 km ENE of Hasaki, Japan",earthquake,reviewed,2012-02-15 07:34:38.200000+09:00,2012-02-15
2012-02-15 06:28:37.500000+00:00,37.803,141.475,61.4,5.0,"54 km NE of Namie, Japan",earthquake,reviewed,2012-02-15 15:28:37.500000+09:00,2012-02-15
2012-02-19 05:54:49.680000+00:00,36.761,140.313,10.0,5.2,"3 km W of Daigo, Japan",earthquake,reviewed,2012-02-19 14:54:49.680000+09:00,2012-02-19
2012-02-28 05:20:48.520000+00:00,36.373,141.023,12.8,5.0,"39 km E of ?arai, Japan",earthquake,reviewed,2012-02-28 14:20:48.520000+09:00,2012-02-28
2012-02-28 22:52:37.850000+00:00,37.203,144.137,10.0,5.4,"279 km E of Namie, Japan",earthquake,reviewed,2012-02-29 07:52:37.850000+09:00,2012-02-29
2012-02-29 09:00:05.370000+00:00,37.305,141.513,45.0,5.2,"49 km ESE of Namie, Japan",earthquake,reviewed,2012-02-29 18:00:05.370000+09:00,2012-02-29
2012-02-29 14:32:47.830000+00:00,35.2,141.001,26.2,5.6,"55 km E of ?hara, Japan",earthquake,reviewed,2012-02-29 23:32:47.830000+09:00,2012-02-29
2012-02-29 22:32:35.610000+00:00,36.427,140.448,74.9,5.4,"8 km WNW of Hitachi-Naka, Japan",earthquake,reviewed,2012-03-01 07:32:35.610000+09:00,2012-03-01
2012-03-01 00:16:01.060000+00:00,37.21,144.154,22.1,5.0,"281 km E of Namie, Japan",earthquake,reviewed,2012-03-01 09:16:01.060000+09:00,2012-03-01
2012-03-02 10:11:43.220000+00:00,35.16,141.043,26.8,5.3,"59 km E of ?hara, Japan",earthquake,reviewed,2012-03-02 19:11:43.220000+09:00,2012-03-02
2012-03-05 06:24:26.840000+00:00,40.167,142.389,52.5,5.0,"69 km NNE of Miyako, Japan",earthquake,reviewed,2012-03-05 15:24:26.840000+09:00,2012-03-05
2012-03-09 17:25:33.190000+00:00,36.719,140.392,27.1,5.4,"6 km SE of Daigo, Japan",earthquake,reviewed,2012-03-10 02:25:33.190000+09:00,2012-03-10
2012-03-09 18:18:59.280000+00:00,35.642,142.033,10.2,5.0,"109 km E of Hasaki, Japan",earthquake,reviewed,2012-03-10 03:18:59.280000+09:00,2012-03-10
2012-03-14 09:08:35.140000+00:00,40.887,144.944,12.0,6.9,"236 km SSE of Kushiro, Japan",earthquake,reviewed,2012-03-14 18:08:35.140000+09:00,2012-03-14
2012-03-14 10:49:24.580000+00:00,40.781,144.761,10.0,6.1,"245 km S of Kushiro, Japan",earthquake,reviewed,2012-03-14 19:49:24.580000+09:00,2012-03-14
2012-03-14 10:57:40.100000+00:00,40.755,144.806,12.0,5.6,"211 km SE of Hiroo, Japan",earthquake,reviewed,2012-03-14 19:57:40.100000+09:00,2012-03-14
2012-03-14 11:40:17.100000+00:00,40.905,144.848,10.0,5.4,"233 km S of Kushiro, Japan",earthquake,reviewed,2012-03-14 20:40:17.100000+09:00,2012-03-14
2012-03-14 12:05:04.520000+00:00,35.687,140.695,10.0,6.0,"5 km SE of Asahi, Japan",earthquake,reviewed,2012-03-14 21:05:04.520000+09:00,2012-03-14
2012-03-14 21:38:55.350000+00:00,35.502,141.612,30.0,5.2,"75 km ESE of Hasaki, Japan",earthquake,reviewed,2012-03-15 06:38:55.350000+09:00,2012-03-15
2012-03-15 19:20:18.260000+00:00,35.802,139.279,103.8,5.5,"3 km ENE of ?me, Japan",earthquake,reviewed,2012-03-16 04:20:18.260000+09:00,2012-03-16
2012-03-25 13:22:41.650000+00:00,37.692,141.603,62.2,5.2,"58 km ENE of Namie, Japan",earthquake,reviewed,2012-03-25 22:22:41.650000+09:00,2012-03-25
2012-03-27 11:00:44.500000+00:00,39.859,142.017,15.0,6.1,"24 km NNE of Miyako, Japan",earthquake,reviewed,2012-03-27 20:00:44.500000+09:00,2012-03-27
2012-03-30 04:38:33.660000+00:00,37.539,141.244,57.2,5.1,"near the east coast of Honshu, Japan",earthquake,reviewed,2012-03-30 13:38:33.660000+09:00,2012-03-30
2012-03-30 10:55:24.400000+00:00,40.764,144.807,10.0,5.1,"248 km S of Kushiro, Japan",earthquake,reviewed,2012-03-30 19:55:24.400000+09:00,2012-03-30
2012-04-01 14:04:24.910000+00:00,37.116,140.957,48.0,5.7,"9 km NE of Iwaki, Japan",earthquake,reviewed,2012-04-01 23:04:24.910000+09:00,2012-04-01
2012-04-02 19:54:33.610000+00:00,37.937,142.813,24.7,5.0,"142 km ESE of Ishinomaki, Japan",earthquake,reviewed,2012-04-03 04:54:33.610000+09:00,2012-04-03
2012-04-12 11:20:00.980000+00:00,36.865,141.032,27.3,5.2,"24 km SSE of Iwaki, Japan",earthquake,reviewed,2012-04-12 20:20:00.980000+09:00,2012-04-12
2012-04-12 14:50:52.850000+00:00,37.513,141.468,25.1,5.5,"41 km E of Namie, Japan",earthquake,reviewed,2012-04-12 23:50:52.850000+09:00,2012-04-12
2012-04-13 10:10:01.200000+00:00,36.988,141.152,11.0,5.7,"24 km ESE of Iwaki, Japan",earthquake,reviewed,2012-04-13 19:10:01.200000+09:00,2012-04-13
2012-04-13 12:12:05.660000+00:00,37.022,141.151,28.1,5.1,"24 km E of Iwaki, Japan",earthquake,reviewed,2012-04-13 21:12:05.660000+09:00,2012-04-13
2012-04-19 03:33:27.360000+00:00,36.976,141.181,31.9,5.2,"27 km ESE of Iwaki, Japan",earthquake,reviewed,2012-04-19 12:33:27.360000+09:00,2012-04-19
2012-04-24 20:22:10.410000+00:00,35.622,140.472,54.3,5.5,"5 km ENE of Narut?, Japan",earthquake,reviewed,2012-04-25 05:22:10.410000+09:00,2012-04-25
2012-04-26 18:41:20.870000+00:00,41.485,141.818,75.0,5.1,"54 km ENE of Mutsu, Japan",earthquake,reviewed,2012-04-27 03:41:20.870000+09:00,2012-04-27
2012-04-29 10:28:51.870000+00:00,35.596,140.349,44.0,5.8,"5 km NNW of T?gane, Japan",earthquake,reviewed,2012-04-29 19:28:51.870000+09:00,2012-04-29
2012-04-29 15:02:18.420000+00:00,39.745,142.037,10.0,5.6,"13 km NE of Miyako, Japan",earthquake,reviewed,2012-04-30 00:02:18.420000+09:00,2012-04-30
2012-05-05 20:12:35.060000+00:00,38.182,141.628,65.5,5.1,"38 km SE of Ishinomaki, Japan",earthquake,reviewed,2012-05-06 05:12:35.060000+09:00,2012-05-06
2012-05-08 09:16:34.930000+00:00,37.364,144.644,31.0,5.0,"off the east coast of Honshu, Japan",earthquake,reviewed,2012-05-08 18:16:34.930000+09:00,2012-05-08
2012-05-10 00:28:21.780000+00:00,39.772,142.171,40.4,5.2,"24 km NE of Miyako, Japan",earthquake,reviewed,2012-05-10 09:28:21.780000+09:00,2012-05-10
2012-05-11 20:34:25.340000+00:00,30.669,138.61,389.1,5.1,"Izu Islands, Japan region",earthquake,reviewed,2012-05-12 05:34:25.340000+09:00,2012-05-12
2012-05-18 21:23:28.130000+00:00,39.646,143.178,35.8,5.0,"106 km E of Miyako, Japan",earthquake,reviewed,2012-05-19 06:23:28.130000+09:00,2012-05-19
2012-05-19 19:05:18.970000+00:00,39.665,143.311,10.0,5.9,"off the east coast of Honshu, Japan",earthquake,reviewed,2012-05-20 04:05:18.970000+09:00,2012-05-20
2012-05-20 07:19:54.880000+00:00,39.548,143.248,11.0,5.6,"111 km E of Yamada, Japan",earthquake,reviewed,2012-05-20 16:19:54.880000+09:00,2012-05-20
2012-05-20 07:20:36.870000+00:00,39.646,143.164,11.0,6.3,"105 km E of Miyako, Japan",earthquake,reviewed,2012-05-20 16:20:36.870000+09:00,2012-05-20
2012-05-20 08:20:57.950000+00:00,39.619,143.175,10.0,5.3,"106 km E of Miyako, Japan",earthquake,reviewed,2012-05-20 17:20:57.950000+09:00,2012-05-20
2012-05-20 08:40:42.830000+00:00,39.577,143.197,28.9,5.1,"107 km E of Yamada, Japan",earthquake,reviewed,2012-05-20 17:40:42.830000+09:00,2012-05-20
2012-05-20 08:41:44.900000+00:00,39.543,143.116,10.0,5.0,"100 km E of Yamada, Japan",earthquake,reviewed,2012-05-20 17:41:44.900000+09:00,2012-05-20
2012-05-20 22:21:02.980000+00:00,39.556,143.619,28.7,5.1,"143 km E of Yamada, Japan",earthquake,reviewed,2012-05-21 07:21:02.980000+09:00,2012-05-21
2012-05-21 10:17:11.140000+00:00,39.364,143.47,28.6,5.2,"131 km E of Yamada, Japan",earthquake,reviewed,2012-05-21 19:17:11.140000+09:00,2012-05-21
2012-05-23 15:02:25.310000+00:00,41.335,142.082,46.0,5.9,"72 km E of Mutsu, Japan",earthquake,reviewed,2012-05-24 00:02:25.310000+09:00,2012-05-24
2012-05-28 16:36:46.240000+00:00,35.707,139.95,66.2,5.1,"3 km W of Honch?, Japan",earthquake,reviewed,2012-05-29 01:36:46.240000+09:00,2012-05-29
2012-05-29 01:56:04.440000+00:00,39.099,144.645,33.6,5.2,"236 km E of Yamada, Japan",earthquake,reviewed,2012-05-29 10:56:04.440000+09:00,2012-05-29
2012-06-01 08:48:10.440000+00:00,35.98,139.642,63.1,5.1,"1 km NNW of Hasuda, Japan",earthquake,reviewed,2012-06-01 17:48:10.440000+09:00,2012-06-01
2012-06-05 19:31:33.750000+00:00,34.943,141.132,15.0,6.1,"75 km ESE of ?hara, Japan",earthquake,reviewed,2012-06-06 04:31:33.750000+09:00,2012-06-06
2012-06-07 18:39:45.650000+00:00,39.875,143.295,34.7,5.0,"118 km ENE of Miyako, Japan",earthquake,reviewed,2012-06-08 03:39:45.650000+09:00,2012-06-08
2012-06-17 20:32:20.590000+00:00,38.919,141.831,36.0,6.3,"19 km SSE of ?funato, Japan",earthquake,reviewed,2012-06-18 05:32:20.590000+09:00,2012-06-18
2012-06-21 20:32:46.580000+00:00,39.38,143.364,10.0,5.2,"122 km E of Yamada, Japan",earthquake,reviewed,2012-06-22 05:32:46.580000+09:00,2012-06-22
2012-06-22 07:58:43.420000+00:00,39.369,143.492,26.1,5.0,"133 km E of Yamada, Japan",earthquake,reviewed,2012-06-22 16:58:43.420000+09:00,2012-06-22
2012-06-28 05:51:53.560000+00:00,37.165,140.934,77.9,5.2,"13 km NNE of Iwaki, Japan",earthquake,reviewed,2012-06-28 14:51:53.560000+09:00,2012-06-28
2012-07-03 02:31:03.070000+00:00,34.934,139.744,86.4,5.3,"12 km WSW of Tateyama, Japan",earthquake,reviewed,2012-07-03 11:31:03.070000+09:00,2012-07-03
2012-07-05 09:46:21.390000+00:00,32.284,141.64,28.9,5.0,"Izu Islands, Japan region",earthquake,reviewed,2012-07-05 18:46:21.390000+09:00,2012-07-05
2012-07-09 19:25:07.110000+00:00,29.381,130.099,39.2,5.6,"101 km SSW of Yudomari, Japan",earthquake,reviewed,2012-07-10 04:25:07.110000+09:00,2012-07-10
2012-07-15 14:34:46.400000+00:00,43.244,146.41,63.7,5.2,"66 km SSW of Shikotan, Russia",earthquake,reviewed,2012-07-15 23:34:46.400000+09:00,2012-07-15
2012-07-22 04:41:57.290000+00:00,42.552,142.848,56.6,5.1,"46 km ENE of Shizunai-furukawach?, Japan",earthquake,reviewed,2012-07-22 13:41:57.290000+09:00,2012-07-22
2012-07-25 17:20:11.140000+00:00,30.981,130.348,137.2,5.0,"31 km S of Makurazaki, Japan",earthquake,reviewed,2012-07-26 02:20:11.140000+09:00,2012-07-26
2012-07-29 22:05:09.170000+00:00,39.075,142.323,49.2,5.3,"45 km ESE of Kamaishi, Japan",earthquake,reviewed,2012-07-30 07:05:09.170000+09:00,2012-07-30
2012-08-06 03:28:23.110000+00:00,29.487,130.603,45.3,5.3,"83 km S of Koshima, Japan",earthquake,reviewed,2012-08-06 12:28:23.110000+09:00,2012-08-06
2012-08-06 05:30:19.510000+00:00,29.495,130.521,33.0,5.0,"81 km S of Koshima, Japan",earthquake,reviewed,2012-08-06 14:30:19.510000+09:00,2012-08-06
2012-08-20 16:42:55.010000+00:00,36.927,141.323,55.9,5.1,"41 km ESE of Iwaki, Japan",earthquake,reviewed,2012-08-21 01:42:55.010000+09:00,2012-08-21
2012-08-22 01:33:05.970000+00:00,42.404,142.86,61.8,5.0,"41 km E of Shizunai-furukawach?, Japan",earthquake,reviewed,2012-08-22 10:33:05.970000+09:00,2012-08-22
2012-08-25 14:16:17.080000+00:00,42.419,142.913,54.5,5.9,"45 km ENE of Shizunai-furukawach?, Japan",earthquake,reviewed,2012-08-25 23:16:17.080000+09:00,2012-08-25
2012-08-25 18:36:59.820000+00:00,36.962,140.969,88.7,5.2,"12 km SE of Iwaki, Japan",earthquake,reviewed,2012-08-26 03:36:59.820000+09:00,2012-08-26
2012-08-29 19:05:11.120000+00:00,38.425,141.814,47.4,5.5,"44 km E of Ishinomaki, Japan",earthquake,reviewed,2012-08-30 04:05:11.120000+09:00,2012-08-30
2012-09-13 17:22:08.440000+00:00,35.752,140.388,35.0,5.2,"7 km ESE of Narita, Japan",earthquake,reviewed,2012-09-14 02:22:08.440000+09:00,2012-09-14
2012-09-17 19:09:33.680000+00:00,39.832,142.052,62.4,5.0,"22 km NNE of Miyako, Japan",earthquake,reviewed,2012-09-18 04:09:33.680000+09:00,2012-09-18
2012-09-20 18:32:11.540000+00:00,39.607,143.344,37.7,5.1,"120 km E of Miyako, Japan",earthquake,reviewed,2012-09-21 03:32:11.540000+09:00,2012-09-21
2012-09-25 14:21:39.280000+00:00,36.114,142.319,21.0,5.0,"140 km ENE of Hasaki, Japan",earthquake,reviewed,2012-09-25 23:21:39.280000+09:00,2012-09-25
2012-10-01 18:40:54.590000+00:00,36.916,141.028,26.4,5.1,"19 km SE of Iwaki, Japan",earthquake,reviewed,2012-10-02 03:40:54.590000+09:00,2012-10-02
2012-10-01 22:21:46.020000+00:00,39.808,143.099,15.0,6.1,"100 km E of Miyako, Japan",earthquake,reviewed,2012-10-02 07:21:46.020000+09:00,2012-10-02
2012-10-01 22:55:47.250000+00:00,39.74,143.189,10.0,5.2,"107 km E of Miyako, Japan",earthquake,reviewed,2012-10-02 07:55:47.250000+09:00,2012-10-02
2012-10-12 04:57:19.830000+00:00,35.764,140.346,25.1,5.2,"3 km SE of Narita, Japan",earthquake,reviewed,2012-10-12 13:57:19.830000+09:00,2012-10-12
2012-10-14 11:11:36.430000+00:00,38.215,144.333,34.0,5.4,"244 km ESE of Kamaishi, Japan",earthquake,reviewed,2012-10-14 20:11:36.430000+09:00,2012-10-14
2012-10-16 02:03:28.760000+00:00,31.277,140.222,101.4,5.4,"Izu Islands, Japan region",earthquake,reviewed,2012-10-16 11:03:28.760000+09:00,2012-10-16
2012-10-16 13:39:25.580000+00:00,31.216,130.199,168.6,5.3,"12 km WSW of Makurazaki, Japan",earthquake,reviewed,2012-10-16 22:39:25.580000+09:00,2012-10-16
2012-10-25 10:32:28.190000+00:00,38.306,141.699,55.7,5.6,"36 km ESE of Ishinomaki, Japan",earthquake,reviewed,2012-10-25 19:32:28.190000+09:00,2012-10-25
2012-11-05 04:30:26.720000+00:00,37.791,143.61,19.1,5.6,"214 km ESE of Ishinomaki, Japan",earthquake,reviewed,2012-11-05 13:30:26.720000+09:00,2012-11-05
2012-11-09 03:51:57.870000+00:00,36.838,141.246,37.1,5.2,"39 km SE of Iwaki, Japan",earthquake,reviewed,2012-11-09 12:51:57.870000+09:00,2012-11-09
2012-11-12 11:15:09.260000+00:00,29.691,137.994,501.7,5.0,"Izu Islands, Japan region",earthquake,reviewed,2012-11-12 20:15:09.260000+09:00,2012-11-12
2012-11-16 08:25:57.760000+00:00,35.217,140.988,41.6,5.3,"54 km E of ?hara, Japan",earthquake,reviewed,2012-11-16 17:25:57.760000+09:00,2012-11-16
2012-11-21 17:42:36.660000+00:00,38.479,141.648,34.9,5.0,"31 km ENE of Ishinomaki, Japan",earthquake,reviewed,2012-11-22 02:42:36.660000+09:00,2012-11-22
2012-11-23 20:21:30.450000+00:00,38.212,141.694,68.8,5.3,"41 km ESE of Ishinomaki, Japan",earthquake,reviewed,2012-11-24 05:21:30.450000+09:00,2012-11-24
2012-11-24 01:30:00.630000+00:00,38.23,141.702,59.8,5.1,"40 km ESE of Ishinomaki, Japan",earthquake,reviewed,2012-11-24 10:30:00.630000+09:00,2012-11-24
2012-12-07 08:18:23.130000+00:00,37.89,143.949,31.0,7.3,"234 km SE of ?funato, Japan",earthquake,reviewed,2012-12-07 17:18:23.130000+09:00,2012-12-07
2012-12-07 08:31:14.800000+00:00,37.914,143.764,32.0,6.2,"220 km SE of ?funato, Japan",earthquake,reviewed,2012-12-07 17:31:14.800000+09:00,2012-12-07
2012-12-07 08:36:20.370000+00:00,37.325,143.93,35.0,5.2,"260 km E of Namie, Japan",earthquake,reviewed,2012-12-07 17:36:20.370000+09:00,2012-12-07
2012-12-07 08:48:13.040000+00:00,37.828,143.607,20.2,5.5,"212 km ESE of Ishinomaki, Japan",earthquake,reviewed,2012-12-07 17:48:13.040000+09:00,2012-12-07
2012-12-07 12:58:07.150000+00:00,37.835,143.627,35.0,5.0,"214 km ESE of Ishinomaki, Japan",earthquake,reviewed,2012-12-07 21:58:07.150000+09:00,2012-12-07
2012-12-07 14:32:17.200000+00:00,37.813,143.633,35.0,5.1,"215 km ESE of Ishinomaki, Japan",earthquake,reviewed,2012-12-07 23:32:17.200000+09:00,2012-12-07
2012-12-07 15:15:31.560000+00:00,37.869,143.781,35.0,5.0,"224 km SE of ?funato, Japan",earthquake,reviewed,2012-12-08 00:15:31.560000+09:00,2012-12-08
2012-12-07 16:01:54.640000+00:00,37.654,143.771,35.0,5.1,"232 km ESE of Ishinomaki, Japan",earthquake,reviewed,2012-12-08 01:01:54.640000+09:00,2012-12-08
2012-12-07 23:00:00.500000+00:00,37.739,143.762,24.4,5.2,"228 km ESE of Ishinomaki, Japan",earthquake,reviewed,2012-12-08 08:00:00.500000+09:00,2012-12-08
2012-12-09 02:34:17.090000+00:00,37.744,143.617,19.1,5.1,"216 km ESE of Ishinomaki, Japan",earthquake,reviewed,2012-12-09 11:34:17.090000+09:00,2012-12-09
2012-12-09 23:50:33.020000+00:00,37.519,143.811,22.3,5.0,"242 km ESE of Ishinomaki, Japan",earthquake,reviewed,2012-12-10 08:50:33.020000+09:00,2012-12-10
2012-12-11 18:21:38.450000+00:00,37.633,143.833,35.0,5.1,"238 km ESE of Ishinomaki, Japan",earthquake,reviewed,2012-12-12 03:21:38.450000+09:00,2012-12-12
2012-12-15 04:27:02.330000+00:00,37.311,141.205,62.6,5.2,"26 km SE of Namie, Japan",earthquake,reviewed,2012-12-15 13:27:02.330000+09:00,2012-12-15
2012-12-17 22:52:19.630000+00:00,37.728,143.568,20.7,5.0,"off the east coast of Honshu, Japan",earthquake,reviewed,2012-12-18 07:52:19.630000+09:00,2012-12-18
2012-12-18 18:36:24.300000+00:00,36.664,141.917,32.1,5.1,"101 km ESE of Iwaki, Japan",earthquake,reviewed,2012-12-19 03:36:24.300000+09:00,2012-12-19
2012-12-21 08:07:20.270000+00:00,38.633,141.71,50.5,5.0,"43 km NE of Ishinomaki, Japan",earthquake,reviewed,2012-12-21 17:07:20.270000+09:00,2012-12-21
2012-12-21 14:43:39.420000+00:00,29.779,142.212,35.0,5.0,"Izu Islands, Japan region",earthquake,reviewed,2012-12-21 23:43:39.420000+09:00,2012-12-21
2012-12-29 07:19:35.320000+00:00,37.064,141.025,66.2,5.0,"12 km E of Iwaki, Japan",earthquake,reviewed,2012-12-29 16:19:35.320000+09:00,2012-12-29
2012-12-29 14:59:38.910000+00:00,38.738,142.024,55.6,5.4,"near the east coast of Honshu, Japan",earthquake,reviewed,2012-12-29 23:59:38.910000+09:00,2012-12-29
2012-12-29 23:05:24.200000+00:00,37.018,141.168,39.8,5.2,"25 km E of Iwaki, Japan",earthquake,reviewed,2012-12-30 08:05:24.200000+09:00,2012-12-30
2013-01-08 07:51:30.300000+00:00,40.133,142.309,35.0,5.4,"62 km NNE of Miyako, Japan",earthquake,reviewed,2013-01-08 16:51:30.300000+09:00,2013-01-08
2013-01-10 12:48:21.460000+00:00,37.491,141.308,57.2,5.0,"27 km E of Namie, Japan",earthquake,reviewed,2013-01-10 21:48:21.460000+09:00,2013-01-10
2013-01-13 03:17:43.790000+00:00,39.182,142.156,60.0,5.0,"27 km ESE of Kamaishi, Japan",earthquake,reviewed,2013-01-13 12:17:43.790000+09:00,2013-01-13
2013-01-15 02:58:14+00:00,32.437,141.566,36.0,5.0,"Izu Islands, Japan region",earthquake,reviewed,2013-01-15 11:58:14+09:00,2013-01-15
2013-01-22 13:29:22.940000+00:00,44.482,140.959,234.7,5.4,"77 km SSW of Rishiri Town, Japan",earthquake,reviewed,2013-01-22 22:29:22.940000+09:00,2013-01-22
2013-01-23 21:34:33.600000+00:00,43.087,145.678,73.5,5.3,"27 km SSE of Nemuro, Japan",earthquake,reviewed,2013-01-24 06:34:33.600000+09:00,2013-01-24
2013-01-27 18:41:50.860000+00:00,36.562,140.446,89.2,5.0,"2 km ENE of ?miya, Japan",earthquake,reviewed,2013-01-28 03:41:50.860000+09:00,2013-01-28
2013-02-02 14:17:35.130000+00:00,42.77,143.092,107.0,6.9,"18 km SSW of Obihiro, Japan",earthquake,reviewed,2013-02-02 23:17:35.130000+09:00,2013-02-02
2013-02-02 18:31:36.580000+00:00,29.336,141.992,40.8,5.5,"Izu Islands, Japan region",earthquake,reviewed,2013-02-03 03:31:36.580000+09:00,2013-02-03
2013-02-03 22:56:10.230000+00:00,29.329,142.021,23.0,5.4,"Izu Islands, Japan region",earthquake,reviewed,2013-02-04 07:56:10.230000+09:00,2013-02-04
2013-02-03 23:04:14.510000+00:00,29.309,141.87,21.6,5.2,"Izu Islands, Japan region",earthquake,reviewed,2013-02-04 08:04:14.510000+09:00,2013-02-04
2013-02-09 04:43:07.960000+00:00,36.879,141.091,35.6,5.0,"26 km SE of Iwaki, Japan",earthquake,reviewed,2013-02-09 13:43:07.960000+09:00,2013-02-09
2013-02-13 03:57:42.500000+00:00,30.252,131.412,10.0,5.2,"66 km SE of Nishinoomote, Japan",earthquake,reviewed,2013-02-13 12:57:42.500000+09:00,2013-02-13
2013-02-19 12:27:36.140000+00:00,35.251,140.955,20.0,5.4,"51 km E of ?hara, Japan",earthquake,reviewed,2013-02-19 21:27:36.140000+09:00,2013-02-19
2013-02-25 07:23:55.960000+00:00,36.844,139.245,10.0,5.8,"29 km NE of Numata, Japan",earthquake,reviewed,2013-02-25 16:23:55.960000+09:00,2013-02-25
2013-03-11 09:34:52.170000+00:00,31.603,131.534,36.9,5.2,"15 km E of Nichinan, Japan",earthquake,reviewed,2013-03-11 18:34:52.170000+09:00,2013-03-11
2013-03-12 21:32:28.270000+00:00,39.302,141.844,72.7,5.0,"3 km NW of Kamaishi, Japan",earthquake,reviewed,2013-03-13 06:32:28.270000+09:00,2013-03-13
2013-03-31 07:46:17.640000+00:00,38.868,141.936,35.0,5.3,"29 km SE of ?funato, Japan",earthquake,reviewed,2013-03-31 16:46:17.640000+09:00,2013-03-31
2013-04-01 18:53:17.420000+00:00,39.526,143.167,14.0,6.0,"104 km E of Yamada, Japan",earthquake,reviewed,2013-04-02 03:53:17.420000+09:00,2013-04-02
2013-04-01 20:04:32.370000+00:00,39.54,143.066,15.6,5.1,"96 km E of Yamada, Japan",earthquake,reviewed,2013-04-02 05:04:32.370000+09:00,2013-04-02
2013-04-02 02:08:47.760000+00:00,39.506,143.155,16.8,5.5,"103 km E of Yamada, Japan",earthquake,reviewed,2013-04-02 11:08:47.760000+09:00,2013-04-02
2013-04-03 18:41:26.550000+00:00,36.695,144.069,10.4,5.1,"286 km ESE of Namie, Japan",earthquake,reviewed,2013-04-04 03:41:26.550000+09:00,2013-04-04
2013-04-04 04:42:37.820000+00:00,35.705,140.792,10.0,5.0,"4 km SW of Hasaki, Japan",earthquake,reviewed,2013-04-04 13:42:37.820000+09:00,2013-04-04
2013-04-05 13:00:02.130000+00:00,42.736,131.003,563.3,6.3,"13 km NNW of Zarubino, Russia",earthquake,reviewed,2013-04-05 22:00:02.130000+09:00,2013-04-05
2013-04-05 19:24:57.380000+00:00,43.444,145.9,98.7,5.1,"29 km ENE of Nemuro, Japan",earthquake,reviewed,2013-04-06 04:24:57.380000+09:00,2013-04-06
2013-04-05 20:00:52.770000+00:00,36.762,141.342,48.5,5.4,"51 km SE of Iwaki, Japan",earthquake,reviewed,2013-04-06 05:00:52.770000+09:00,2013-04-06
2013-04-05 21:52:57.270000+00:00,37.383,144.546,8.0,5.0,"off the east coast of Honshu, Japan",earthquake,reviewed,2013-04-06 06:52:57.270000+09:00,2013-04-06
2013-04-06 00:29:55.090000+00:00,42.726,130.976,562.8,5.8,"13 km NW of Zarubino, Russia",earthquake,reviewed,2013-04-06 09:29:55.090000+09:00,2013-04-06
2013-04-12 20:33:17.540000+00:00,34.369,134.828,14.0,5.8,"6 km WNW of Sumoto, Japan",earthquake,reviewed,2013-04-13 05:33:17.540000+09:00,2013-04-13
2013-04-14 13:25:02.290000+00:00,37.572,141.307,57.3,5.3,"28 km ENE of Namie, Japan",earthquake,reviewed,2013-04-14 22:25:02.290000+09:00,2013-04-14
2013-04-17 08:57:33.900000+00:00,33.958,139.352,8.8,5.6,"88 km SSE of Shimoda, Japan",earthquake,reviewed,2013-04-17 17:57:33.900000+09:00,2013-04-17
2013-04-17 12:03:31.760000+00:00,38.475,141.63,50.5,5.9,"29 km ENE of Ishinomaki, Japan",earthquake,reviewed,2013-04-17 21:03:31.760000+09:00,2013-04-17
2013-04-19 19:59:29.550000+00:00,39.693,143.258,35.0,5.0,"113 km E of Miyako, Japan",earthquake,reviewed,2013-04-20 04:59:29.550000+09:00,2013-04-20
2013-04-21 03:22:16.220000+00:00,29.933,138.887,421.9,6.1,"Izu Islands, Japan region",earthquake,reviewed,2013-04-21 12:22:16.220000+09:00,2013-04-21
2013-04-24 06:21:19.170000+00:00,32.396,139.093,221.7,5.2,"253 km S of Shimoda, Japan",earthquake,reviewed,2013-04-24 15:21:19.170000+09:00,2013-04-24
2013-04-29 13:01:44.710000+00:00,35.702,140.979,35.0,5.6,"13 km ESE of Hasaki, Japan",earthquake,reviewed,2013-04-29 22:01:44.710000+09:00,2013-04-29
2013-05-01 23:13:05+00:00,34.759,141.65,9.2,5.4,"126 km ESE of ?hara, Japan",earthquake,reviewed,2013-05-02 08:13:05+09:00,2013-05-02
2013-05-06 13:14:33.860000+00:00,37.412,143.673,11.3,5.0,"236 km ESE of Ishinomaki, Japan",earthquake,reviewed,2013-05-06 22:14:33.860000+09:00,2013-05-06
2013-05-18 05:47:59.500000+00:00,37.739,141.471,39.0,6.0,"50 km NE of Namie, Japan",earthquake,reviewed,2013-05-18 14:47:59.500000+09:00,2013-05-18
2013-05-21 14:51:48.110000+00:00,45.135,142.837,272.5,5.1,"83 km ESE of Makubetsu, Japan",earthquake,reviewed,2013-05-21 23:51:48.110000+09:00,2013-05-21
2013-05-28 19:24:24.630000+00:00,34.173,140.745,30.0,5.0,"114 km SSE of Katsuura, Japan",earthquake,reviewed,2013-05-29 04:24:24.630000+09:00,2013-05-29
2013-06-06 03:28:58.130000+00:00,35.548,140.459,53.6,5.0,"6 km SSE of Narut?, Japan",earthquake,reviewed,2013-06-06 12:28:58.130000+09:00,2013-06-06
2013-06-20 01:49:44.720000+00:00,40.83,142.345,52.6,5.0,"80 km ENE of Hachinohe, Japan",earthquake,reviewed,2013-06-20 10:49:44.720000+09:00,2013-06-20
2013-07-03 15:06:10.650000+00:00,37.323,141.453,11.8,5.0,"43 km ESE of Namie, Japan",earthquake,reviewed,2013-07-04 00:06:10.650000+09:00,2013-07-04
2013-07-10 05:22:14.780000+00:00,39.638,141.705,81.9,5.3,"20 km W of Miyako, Japan",earthquake,reviewed,2013-07-10 14:22:14.780000+09:00,2013-07-10
2013-07-11 00:14:34.800000+00:00,30.476,141.771,25.5,5.3,"Izu Islands, Japan region",earthquake,reviewed,2013-07-11 09:14:34.800000+09:00,2013-07-11
2013-07-15 22:45:57.930000+00:00,39.621,142.264,63.3,5.2,"27 km E of Miyako, Japan",earthquake,reviewed,2013-07-16 07:45:57.930000+09:00,2013-07-16
2013-07-16 14:09:27.510000+00:00,43.018,145.411,46.6,5.2,"36 km SSW of Nemuro, Japan",earthquake,reviewed,2013-07-16 23:09:27.510000+09:00,2013-07-16
2013-07-18 23:44:13.680000+00:00,39.056,142.177,54.6,5.0,"36 km SE of Kamaishi, Japan",earthquake,reviewed,2013-07-19 08:44:13.680000+09:00,2013-07-19
2013-07-19 16:39:18.640000+00:00,37.5,141.625,40.0,5.5,"55 km E of Namie, Japan",earthquake,reviewed,2013-07-20 01:39:18.640000+09:00,2013-07-20
2013-07-20 06:06:22.130000+00:00,36.251,141.698,14.0,5.2,"96 km NE of Hasaki, Japan",earthquake,reviewed,2013-07-20 15:06:22.130000+09:00,2013-07-20
2013-07-23 03:02:13.780000+00:00,37.136,140.65,15.5,5.3,"17 km E of Ishikawa, Japan",earthquake,reviewed,2013-07-23 12:02:13.780000+09:00,2013-07-23
2013-07-25 19:05:07.130000+00:00,40.199,142.472,44.9,5.0,"76 km NE of Miyako, Japan",earthquake,reviewed,2013-07-26 04:05:07.130000+09:00,2013-07-26
2013-07-27 01:08:59.260000+00:00,33.019,141.716,9.9,5.3,"269 km SSE of Katsuura, Japan",earthquake,reviewed,2013-07-27 10:08:59.260000+09:00,2013-07-27
2013-08-03 00:56:15.280000+00:00,34.5452,137.549,33.12,5.1,"24 km SW of Hamamatsu, Japan",earthquake,reviewed,2013-08-03 09:56:15.280000+09:00,2013-08-03
2013-08-04 03:28:50.810000+00:00,38.2133,141.8621,56.0,5.8,"54 km ESE of Ishinomaki, Japan",earthquake,reviewed,2013-08-04 12:28:50.810000+09:00,2013-08-04
2013-08-09 02:59:37.380000+00:00,39.7779,143.6251,32.87,5.0,"145 km E of Miyako, Japan",earthquake,reviewed,2013-08-09 11:59:37.380000+09:00,2013-08-09
2013-08-09 22:56:03.670000+00:00,36.9071,141.0419,60.77,5.0,"21 km SE of Iwaki, Japan",earthquake,reviewed,2013-08-10 07:56:03.670000+09:00,2013-08-10
2013-08-13 00:09:44.980000+00:00,43.7191,143.4694,177.92,5.1,"35 km WSW of Kitami, Japan",earthquake,reviewed,2013-08-13 09:09:44.980000+09:00,2013-08-13
2013-09-02 02:51:13.230000+00:00,42.1989,133.6656,445.0,5.7,"76 km SE of Vrangel’, Russia",earthquake,reviewed,2013-09-02 11:51:13.230000+09:00,2013-09-02
2013-09-04 00:18:23.370000+00:00,29.9377,138.8325,402.0,6.5,"Izu Islands, Japan region",earthquake,reviewed,2013-09-04 09:18:23.370000+09:00,2013-09-04
2013-09-18 00:27:46.170000+00:00,38.7119,142.3169,44.08,5.0,"65 km SE of ?funato, Japan",earthquake,reviewed,2013-09-18 09:27:46.170000+09:00,2013-09-18
2013-09-19 17:25:06.920000+00:00,37.0674,140.7879,8.0,5.4,"8 km WNW of Iwaki, Japan",earthquake,reviewed,2013-09-20 02:25:06.920000+09:00,2013-09-20
2013-09-20 06:50:27.660000+00:00,30.0386,131.1453,31.58,5.0,"61 km SE of Koseda, Japan",earthquake,reviewed,2013-09-20 15:50:27.660000+09:00,2013-09-20
2013-10-09 01:06:16.480000+00:00,29.5813,130.4707,49.08,5.0,"72 km S of Yudomari, Japan",earthquake,reviewed,2013-10-09 10:06:16.480000+09:00,2013-10-09
2013-10-22 01:18:45.980000+00:00,37.7299,141.8937,25.7,5.3,"83 km ENE of Namie, Japan",earthquake,reviewed,2013-10-22 10:18:45.980000+09:00,2013-10-22
2013-10-25 17:10:19.710000+00:00,37.1557,144.6611,35.0,7.1,"off the east coast of Honshu, Japan",earthquake,reviewed,2013-10-26 02:10:19.710000+09:00,2013-10-26
2013-10-25 17:22:53.980000+00:00,37.2544,144.6049,35.67,5.1,"off the east coast of Honshu, Japan",earthquake,reviewed,2013-10-26 02:22:53.980000+09:00,2013-10-26
2013-10-25 17:27:59.900000+00:00,37.1657,144.9698,37.01,5.4,"off the east coast of Honshu, Japan",earthquake,reviewed,2013-10-26 02:27:59.900000+09:00,2013-10-26
2013-10-25 17:57:39.530000+00:00,37.2349,144.7009,33.88,5.1,"off the east coast of Honshu, Japan",earthquake,reviewed,2013-10-26 02:57:39.530000+09:00,2013-10-26
2013-10-25 21:27:34.650000+00:00,37.1057,144.6715,10.0,5.5,"off the east coast of Honshu, Japan",earthquake,reviewed,2013-10-26 06:27:34.650000+09:00,2013-10-26
2013-10-27 18:13:06.440000+00:00,37.0876,144.5734,20.16,5.5,"off the east coast of Honshu, Japan",earthquake,reviewed,2013-10-28 03:13:06.440000+09:00,2013-10-28
2013-10-27 23:01:45.600000+00:00,37.1804,144.7063,10.08,5.0,"off the east coast of Honshu, Japan",earthquake,reviewed,2013-10-28 08:01:45.600000+09:00,2013-10-28
2013-10-29 20:17:50.710000+00:00,43.2375,130.8797,554.28,5.1,"49 km W of Barabash, Russia",earthquake,reviewed,2013-10-30 05:17:50.710000+09:00,2013-10-30
2013-10-31 15:01:05.580000+00:00,38.2487,142.6742,22.02,5.3,"121 km E of Ishinomaki, Japan",earthquake,reviewed,2013-11-01 00:01:05.580000+09:00,2013-11-01
2013-11-03 05:25:15.340000+00:00,35.9713,140.1213,76.63,5.1,"1 km WNW of Ushiku, Japan",earthquake,reviewed,2013-11-03 14:25:15.340000+09:00,2013-11-03
2013-11-03 08:52:56.670000+00:00,38.2654,142.6953,35.0,5.2,"123 km E of Ishinomaki, Japan",earthquake,reviewed,2013-11-03 17:52:56.670000+09:00,2013-11-03
2013-11-09 22:37:50.410000+00:00,35.9187,139.9684,64.31,5.6,"3 km WSW of Moriya, Japan",earthquake,reviewed,2013-11-10 07:37:50.410000+09:00,2013-11-10
2013-11-15 02:00:33.990000+00:00,41.4306,142.177,46.0,5.5,"81 km E of Mutsu, Japan",earthquake,reviewed,2013-11-15 11:00:33.990000+09:00,2013-11-15
2013-11-16 05:54:36.950000+00:00,39.3067,142.0954,51.18,5.0,"18 km ESE of ?tsuchi, Japan",earthquake,reviewed,2013-11-16 14:54:36.950000+09:00,2013-11-16
2013-11-16 11:44:41.340000+00:00,35.6039,140.1529,59.4,5.5,"3 km E of Chiba, Japan",earthquake,reviewed,2013-11-16 20:44:41.340000+09:00,2013-11-16
2013-11-18 19:10:45.430000+00:00,34.3343,137.0475,328.0,5.6,"25 km SE of Toba, Japan",earthquake,reviewed,2013-11-19 04:10:45.430000+09:00,2013-11-19
2013-11-22 21:05:13.150000+00:00,41.6623,137.8339,19.05,5.3,"232 km WNW of Shimokizukuri, Japan",earthquake,reviewed,2013-11-23 06:05:13.150000+09:00,2013-11-23
2013-11-25 15:43:02.470000+00:00,38.4819,141.94,52.86,5.0,"56 km E of Ishinomaki, Japan",earthquake,reviewed,2013-11-26 00:43:02.470000+09:00,2013-11-26
2013-11-27 17:45:50.950000+00:00,42.0166,141.5895,94.79,5.0,"59 km SE of Muroran, Japan",earthquake,reviewed,2013-11-28 02:45:50.950000+09:00,2013-11-28
2013-11-28 16:15:06.080000+00:00,35.5978,139.9774,72.22,5.0,"11 km SE of Urayasu, Japan",earthquake,reviewed,2013-11-29 01:15:06.080000+09:00,2013-11-29
2013-12-03 09:16:43.550000+00:00,36.492,141.7115,18.32,5.1,"92 km ESE of Kitaibaraki, Japan",earthquake,reviewed,2013-12-03 18:16:43.550000+09:00,2013-12-03
2013-12-09 20:36:49.720000+00:00,36.4198,141.9222,26.41,5.1,"112 km ESE of Kitaibaraki, Japan",earthquake,reviewed,2013-12-10 05:36:49.720000+09:00,2013-12-10
2013-12-14 04:06:15.330000+00:00,35.6544,140.6546,42.0,5.5,"6 km S of Asahi, Japan",earthquake,reviewed,2013-12-14 13:06:15.330000+09:00,2013-12-14
2013-12-18 12:54:38.340000+00:00,30.1622,138.6377,431.46,5.2,"Izu Islands, Japan region",earthquake,reviewed,2013-12-18 21:54:38.340000+09:00,2013-12-18
2013-12-20 16:10:46.900000+00:00,35.8725,140.0637,72.65,5.3,"3 km SSW of Toride, Japan",earthquake,reviewed,2013-12-21 01:10:46.900000+09:00,2013-12-21
2013-12-21 01:34:13.610000+00:00,35.6065,140.6497,35.36,5.5,"12 km S of Asahi, Japan",earthquake,reviewed,2013-12-21 10:34:13.610000+09:00,2013-12-21
2013-12-23 06:57:29.110000+00:00,35.688,142.1406,8.0,5.6,"118 km E of Hasaki, Japan",earthquake,reviewed,2013-12-23 15:57:29.110000+09:00,2013-12-23
2013-12-23 09:11:31.400000+00:00,36.0942,142.4131,7.48,5.3,"148 km ENE of Hasaki, Japan",earthquake,reviewed,2013-12-23 18:11:31.400000+09:00,2013-12-23
2013-12-23 09:25:12.290000+00:00,35.5027,142.302,17.4,5.1,"135 km ESE of Hasaki, Japan",earthquake,reviewed,2013-12-23 18:25:12.290000+09:00,2013-12-23
2013-12-27 10:31:20.930000+00:00,40.3041,142.2498,62.25,5.0,"67 km ESE of Hachinohe, Japan",earthquake,reviewed,2013-12-27 19:31:20.930000+09:00,2013-12-27
2013-12-31 01:02:59.460000+00:00,36.6768,140.7171,9.99,5.1,"4 km S of Takahagi, Japan",earthquake,reviewed,2013-12-31 10:02:59.460000+09:00,2013-12-31
2014-01-04 05:23:00.310000+00:00,36.9704,143.3822,22.0,5.5,"218 km ESE of Namie, Japan",earthquake,reviewed,2014-01-04 14:23:00.310000+09:00,2014-01-04
2014-01-09 04:31:54.460000+00:00,42.0428,142.6886,64.22,5.0,"41 km SE of Shizunai-furukawach?, Japan",earthquake,reviewed,2014-01-09 13:31:54.460000+09:00,2014-01-09
2014-01-16 01:12:17.710000+00:00,40.1151,142.8184,51.83,5.1,"91 km NE of Miyako, Japan",earthquake,reviewed,2014-01-16 10:12:17.710000+09:00,2014-01-16
2014-02-05 17:32:14.760000+00:00,38.6854,142.3634,48.51,5.3,"70 km SE of ?funato, Japan",earthquake,reviewed,2014-02-06 02:32:14.760000+09:00,2014-02-06
2014-02-07 17:18:34.490000+00:00,37.5618,141.3625,61.98,5.2,"33 km ENE of Namie, Japan",earthquake,reviewed,2014-02-08 02:18:34.490000+09:00,2014-02-08
2014-02-08 02:34:23.050000+00:00,37.0868,141.1201,51.78,5.0,"21 km E of Iwaki, Japan",earthquake,reviewed,2014-02-08 11:34:23.050000+09:00,2014-02-08
2014-02-10 09:38:04.530000+00:00,39.6171,143.5251,30.58,5.0,"136 km E of Miyako, Japan",earthquake,reviewed,2014-02-10 18:38:04.530000+09:00,2014-02-10
2014-02-10 19:14:39.980000+00:00,34.1564,139.9465,93.59,5.3,"92 km S of Tateyama, Japan",earthquake,reviewed,2014-02-11 04:14:39.980000+09:00,2014-02-11
2014-03-04 05:49:06.430000+00:00,30.8282,141.0478,54.55,5.0,"Izu Islands, Japan region",earthquake,reviewed,2014-03-04 14:49:06.430000+09:00,2014-03-04
2014-03-11 20:04:31.360000+00:00,35.7225,140.1604,58.52,5.0,"6 km W of Sakura, Japan",earthquake,reviewed,2014-03-12 05:04:31.360000+09:00,2014-03-12
2014-03-13 17:06:50.770000+00:00,33.6842,131.8249,79.0,6.3,"32 km SSW of Hikari, Japan",earthquake,reviewed,2014-03-14 02:06:50.770000+09:00,2014-03-14
2014-03-17 09:02:52.850000+00:00,36.9353,141.4718,30.24,5.0,"53 km ESE of Iwaki, Japan",earthquake,reviewed,2014-03-17 18:02:52.850000+09:00,2014-03-17
2014-03-29 01:53:57.700000+00:00,36.3215,141.8379,20.0,5.4,"109 km ESE of Takahagi, Japan",earthquake,reviewed,2014-03-29 10:53:57.700000+09:00,2014-03-29
2014-04-02 23:22:47.720000+00:00,39.1648,141.8049,58.06,5.5,"12 km NE of ?funato, Japan",earthquake,reviewed,2014-04-03 08:22:47.720000+09:00,2014-04-03
2014-04-05 01:16:18.420000+00:00,39.1937,142.5642,29.68,5.2,"60 km ESE of ?tsuchi, Japan",earthquake,reviewed,2014-04-05 10:16:18.420000+09:00,2014-04-05
2014-04-17 14:44:01.140000+00:00,37.4254,142.2446,31.96,5.2,"110 km E of Namie, Japan",earthquake,reviewed,2014-04-17 23:44:01.140000+09:00,2014-04-17
2014-05-02 09:15:20.720000+00:00,37.852,144.2342,15.97,5.6,"258 km ESE of ?funato, Japan",earthquake,reviewed,2014-05-02 18:15:20.720000+09:00,2014-05-02
2014-05-04 20:18:24.680000+00:00,34.9118,139.4186,153.0,6.0,"31 km ESE of It?, Japan",earthquake,reviewed,2014-05-05 05:18:24.680000+09:00,2014-05-05
2014-05-12 23:35:02.310000+00:00,35.5972,140.0595,55.34,5.1,"5 km W of Chiba, Japan",earthquake,reviewed,2014-05-13 08:35:02.310000+09:00,2014-05-13
2014-05-27 16:12:10.480000+00:00,32.5,140.5882,76.79,5.3,"283 km SSE of Tateyama, Japan",earthquake,reviewed,2014-05-28 01:12:10.480000+09:00,2014-05-28
2014-06-08 05:24:33.390000+00:00,39.1635,141.7092,95.61,5.2,"10 km N of ?funato, Japan",earthquake,reviewed,2014-06-08 14:24:33.390000+09:00,2014-06-08
2014-06-13 05:50:49.790000+00:00,30.6986,141.8353,47.19,5.0,"Izu Islands, Japan region",earthquake,reviewed,2014-06-13 14:50:49.790000+09:00,2014-06-13
2014-06-14 17:31:41.560000+00:00,39.4384,140.9876,92.0,5.5,"12 km WNW of Hanamaki, Japan",earthquake,reviewed,2014-06-15 02:31:41.560000+09:00,2014-06-15
2014-06-15 18:19:14.540000+00:00,36.6041,141.7237,15.87,5.5,"near the east coast of Honshu, Japan",earthquake,reviewed,2014-06-16 03:19:14.540000+09:00,2014-06-16
2014-06-15 20:14:50.620000+00:00,37.0961,141.1141,45.0,5.6,"21 km ENE of Iwaki, Japan",earthquake,reviewed,2014-06-16 05:14:50.620000+09:00,2014-06-16
2014-06-16 17:42:22.530000+00:00,33.8719,139.58,130.28,5.3,"106 km SSE of Shimoda, Japan",earthquake,reviewed,2014-06-17 02:42:22.530000+09:00,2014-06-17
2014-06-27 11:10:41.520000+00:00,36.2103,144.1294,35.19,5.0,"off the east coast of Honshu, Japan",earthquake,reviewed,2014-06-27 20:10:41.520000+09:00,2014-06-27
2014-07-04 22:42:05.070000+00:00,39.648,142.0802,50.31,5.7,"11 km E of Miyako, Japan",earthquake,reviewed,2014-07-05 07:42:05.070000+09:00,2014-07-05
2014-07-08 09:05:22.970000+00:00,42.6676,141.3472,10.0,5.5,"13 km N of Shiraoi, Japan",earthquake,reviewed,2014-07-08 18:05:22.970000+09:00,2014-07-08
2014-07-11 19:22:00.820000+00:00,37.0052,142.4525,20.0,6.5,"139 km ESE of Namie, Japan",earthquake,reviewed,2014-07-12 04:22:00.820000+09:00,2014-07-12
2014-07-11 19:28:14.250000+00:00,36.9093,142.4903,17.59,5.2,"143 km E of Iwaki, Japan",earthquake,reviewed,2014-07-12 04:28:14.250000+09:00,2014-07-12
2014-07-11 19:30:49.170000+00:00,37.0358,142.4068,9.23,5.1,"134 km ESE of Namie, Japan",earthquake,reviewed,2014-07-12 04:30:49.170000+09:00,2014-07-12
2014-07-11 19:34:05.310000+00:00,36.7981,142.5773,11.3,5.0,"153 km E of Iwaki, Japan",earthquake,reviewed,2014-07-12 04:34:05.310000+09:00,2014-07-12
2014-07-25 04:18:16.240000+00:00,41.5694,142.1922,64.06,5.1,"86 km S of Shizunai-furukawach?, Japan",earthquake,reviewed,2014-07-25 13:18:16.240000+09:00,2014-07-25
2014-08-10 03:43:17.240000+00:00,41.1585,142.1309,41.0,6.1,"78 km E of Mutsu, Japan",earthquake,reviewed,2014-08-10 12:43:17.240000+09:00,2014-08-10
2014-08-19 13:26:23.410000+00:00,42.9675,145.6438,42.89,5.1,"39 km S of Nemuro, Japan",earthquake,reviewed,2014-08-19 22:26:23.410000+09:00,2014-08-19
2014-08-20 19:38:25.260000+00:00,33.1969,138.1144,307.89,5.2,"156 km S of ?yama, Japan",earthquake,reviewed,2014-08-21 04:38:25.260000+09:00,2014-08-21
2014-08-27 04:48:58.370000+00:00,41.0699,143.167,26.0,5.4,"154 km ENE of Hachinohe, Japan",earthquake,reviewed,2014-08-27 13:48:58.370000+09:00,2014-08-27
2014-08-28 19:14:35.550000+00:00,32.0864,132.0682,20.0,5.8,"53 km E of Takanabe, Japan",earthquake,reviewed,2014-08-29 04:14:35.550000+09:00,2014-08-29
2014-09-03 07:24:21.920000+00:00,36.8594,139.4288,29.71,5.2,"20 km NW of Nikk?, Japan",earthquake,reviewed,2014-09-03 16:24:21.920000+09:00,2014-09-03
2014-09-16 03:28:30.310000+00:00,36.0873,139.8502,49.94,5.5,"4 km ESE of Sakai, Japan",earthquake,reviewed,2014-09-16 12:28:30.310000+09:00,2014-09-16
2014-09-24 12:45:46.920000+00:00,37.5179,141.3349,50.96,5.2,"29 km E of Namie, Japan",earthquake,reviewed,2014-09-24 21:45:46.920000+09:00,2014-09-24
2014-09-24 13:30:57.020000+00:00,37.5477,141.3659,53.08,5.1,"33 km ENE of Namie, Japan",earthquake,reviewed,2014-09-24 22:30:57.020000+09:00,2014-09-24
2014-10-03 00:57:30.710000+00:00,40.1565,142.7657,30.0,5.5,"90 km NE of Miyako, Japan",earthquake,reviewed,2014-10-03 09:57:30.710000+09:00,2014-10-03
2014-10-11 02:35:47.480000+00:00,41.0272,143.1649,22.0,6.1,"152 km ENE of Hachinohe, Japan",earthquake,reviewed,2014-10-11 11:35:47.480000+09:00,2014-10-11
2014-10-11 05:20:35.040000+00:00,40.9544,143.0805,20.0,5.4,"142 km ENE of Hachinohe, Japan",earthquake,reviewed,2014-10-11 14:20:35.040000+09:00,2014-10-11
2014-10-14 18:08:45.960000+00:00,40.9297,143.2338,29.32,5.0,"154 km ENE of Hachinohe, Japan",earthquake,reviewed,2014-10-15 03:08:45.960000+09:00,2014-10-15
2014-10-15 23:53:02.260000+00:00,31.7863,140.5047,60.0,5.5,"Izu Islands, Japan region",earthquake,reviewed,2014-10-16 08:53:02.260000+09:00,2014-10-16
2014-11-07 23:54:22.850000+00:00,37.804,142.299,42.44,5.1,"110 km SE of Ishinomaki, Japan",earthquake,reviewed,2014-11-08 08:54:22.850000+09:00,2014-11-08
2014-11-12 11:04:48.910000+00:00,33.0208,140.6623,66.24,5.1,"229 km SSE of Tateyama, Japan",earthquake,reviewed,2014-11-12 20:04:48.910000+09:00,2014-11-12
2014-11-18 15:20:49.640000+00:00,30.0444,131.1233,18.64,5.0,"59 km SE of Koseda, Japan",earthquake,reviewed,2014-11-19 00:20:49.640000+09:00,2014-11-19
2014-11-19 14:34:42.850000+00:00,30.6106,131.3516,22.6,5.1,"36 km ESE of Nishinoomote, Japan",earthquake,reviewed,2014-11-19 23:34:42.850000+09:00,2014-11-19
2014-11-20 01:51:42.180000+00:00,37.3226,141.6082,32.0,5.6,"56 km ESE of Namie, Japan",earthquake,reviewed,2014-11-20 10:51:42.180000+09:00,2014-11-20
2014-11-22 13:08:18.420000+00:00,36.6408,137.8875,9.0,6.2,"6 km SSE of Hakuba, Japan",earthquake,reviewed,2014-11-22 22:08:18.420000+09:00,2014-11-22
2014-11-23 13:34:54.760000+00:00,39.6015,143.2619,18.17,5.0,"113 km E of Miyako, Japan",earthquake,reviewed,2014-11-23 22:34:54.760000+09:00,2014-11-23
2014-12-05 12:35:50.980000+00:00,30.9867,141.8889,10.0,5.0,"Izu Islands, Japan region",earthquake,reviewed,2014-12-05 21:35:50.980000+09:00,2014-12-05
2014-12-05 16:01:56.830000+00:00,35.5141,135.7189,355.12,5.0,"3 km NW of Obama, Japan",earthquake,reviewed,2014-12-06 01:01:56.830000+09:00,2014-12-06
2014-12-16 10:12:51.080000+00:00,31.1098,141.7797,10.0,5.1,"Izu Islands, Japan region",earthquake,reviewed,2014-12-16 19:12:51.080000+09:00,2014-12-16
2014-12-19 04:47:40.250000+00:00,42.7025,145.5103,28.21,5.3,"69 km S of Nemuro, Japan",earthquake,reviewed,2014-12-19 13:47:40.250000+09:00,2014-12-19
2014-12-20 09:29:57.490000+00:00,37.4017,141.5534,31.31,5.9,"49 km E of Namie, Japan",earthquake,reviewed,2014-12-20 18:29:57.490000+09:00,2014-12-20
2014-12-21 05:39:36.760000+00:00,30.9075,142.0141,29.3,5.1,"Izu Islands, Japan region",earthquake,reviewed,2014-12-21 14:39:36.760000+09:00,2014-12-21
2014-12-24 23:06:05.470000+00:00,37.2516,141.5576,10.0,5.2,"55 km ESE of Namie, Japan",earthquake,reviewed,2014-12-25 08:06:05.470000+09:00,2014-12-25
2014-12-28 11:49:47.180000+00:00,38.3949,144.3947,35.0,5.1,"240 km ESE of Kamaishi, Japan",earthquake,reviewed,2014-12-28 20:49:47.180000+09:00,2014-12-28
2015-01-05 15:16:27.830000+00:00,30.6064,142.1941,31.22,5.3,"Izu Islands, Japan region",earthquake,reviewed,2015-01-06 00:16:27.830000+09:00,2015-01-06
2015-01-05 15:31:18.580000+00:00,30.5346,142.0331,26.96,5.0,"Izu Islands, Japan region",earthquake,reviewed,2015-01-06 00:31:18.580000+09:00,2015-01-06
2015-01-08 18:42:12.240000+00:00,43.6917,144.8685,132.33,5.3,"21 km W of Shibetsu, Japan",earthquake,reviewed,2015-01-09 03:42:12.240000+09:00,2015-01-09
2015-01-13 05:26:59.180000+00:00,30.5992,131.432,41.14,5.0,"43 km ESE of Nishinoomote, Japan",earthquake,reviewed,2015-01-13 14:26:59.180000+09:00,2015-01-13
2015-01-18 16:15:08.360000+00:00,30.483,142.1626,10.0,5.3,"Izu Islands, Japan region",earthquake,reviewed,2015-01-19 01:15:08.360000+09:00,2015-01-19
2015-02-16 23:06:28.270000+00:00,39.8558,142.8808,23.0,6.7,"83 km ENE of Miyako, Japan",earthquake,reviewed,2015-02-17 08:06:28.270000+09:00,2015-02-17
2015-02-17 04:46:38.940000+00:00,40.1095,141.8914,47.0,5.5,"51 km N of Miyako, Japan",earthquake,reviewed,2015-02-17 13:46:38.940000+09:00,2015-02-17
2015-02-17 16:33:21.280000+00:00,39.5696,143.5829,10.0,5.5,"140 km E of Yamada, Japan",earthquake,reviewed,2015-02-18 01:33:21.280000+09:00,2015-02-18
2015-02-20 04:25:23.380000+00:00,39.8244,143.5871,10.0,6.2,"142 km E of Miyako, Japan",earthquake,reviewed,2015-02-20 13:25:23.380000+09:00,2015-02-20
2015-02-20 19:28:27.940000+00:00,41.947,142.6543,60.31,5.3,"49 km SSE of Shizunai-furukawach?, Japan",earthquake,reviewed,2015-02-21 04:28:27.940000+09:00,2015-02-21
2015-02-21 10:13:53.290000+00:00,39.8185,143.4861,7.0,6.0,"133 km E of Miyako, Japan",earthquake,reviewed,2015-02-21 19:13:53.290000+09:00,2015-02-21
2015-02-22 02:53:42.230000+00:00,40.076,143.6209,10.0,5.0,"151 km ENE of Miyako, Japan",earthquake,reviewed,2015-02-22 11:53:42.230000+09:00,2015-02-22
2015-02-22 19:43:32.660000+00:00,39.7592,143.2815,10.0,5.1,"115 km E of Miyako, Japan",earthquake,reviewed,2015-02-23 04:43:32.660000+09:00,2015-02-23
2015-02-24 02:28:54.090000+00:00,39.6546,143.1982,20.0,5.8,"107 km E of Miyako, Japan",earthquake,reviewed,2015-02-24 11:28:54.090000+09:00,2015-02-24
2015-02-25 07:01:00.930000+00:00,31.0659,141.8201,9.0,5.9,"Izu Islands, Japan region",earthquake,reviewed,2015-02-25 16:01:00.930000+09:00,2015-02-25
2015-02-26 01:11:23.800000+00:00,38.4821,142.0433,52.04,5.0,"65 km E of Ishinomaki, Japan",earthquake,reviewed,2015-02-26 10:11:23.800000+09:00,2015-02-26
2015-03-14 15:36:08.750000+00:00,34.2885,141.6586,7.15,5.4,"155 km SE of Katsuura, Japan",earthquake,reviewed,2015-03-15 00:36:08.750000+09:00,2015-03-15
2015-03-27 03:04:07.300000+00:00,36.3653,143.1197,10.0,5.4,"213 km ESE of Iwaki, Japan",earthquake,reviewed,2015-03-27 12:04:07.300000+09:00,2015-03-27
2015-04-12 19:25:01.770000+00:00,37.1545,143.8447,10.0,5.1,"254 km E of Namie, Japan",earthquake,reviewed,2015-04-13 04:25:01.770000+09:00,2015-04-13
2015-04-15 19:55:00.590000+00:00,39.3928,143.5274,10.0,5.1,"136 km E of Yamada, Japan",earthquake,reviewed,2015-04-16 04:55:00.590000+09:00,2015-04-16
2015-04-19 12:06:36.500000+00:00,30.4707,142.7886,10.0,5.3,"Izu Islands, Japan region",earthquake,reviewed,2015-04-19 21:06:36.500000+09:00,2015-04-19
2015-04-23 14:31:40.590000+00:00,45.7177,142.1055,309.56,5.0,"44 km NNE of Makubetsu, Japan",earthquake,reviewed,2015-04-23 23:31:40.590000+09:00,2015-04-23
2015-04-25 06:35:46.330000+00:00,32.8677,140.4075,86.38,5.2,"239 km SSE of Tateyama, Japan",earthquake,reviewed,2015-04-25 15:35:46.330000+09:00,2015-04-25
2015-04-29 16:09:51.830000+00:00,40.0485,142.8086,37.3,5.4,"86 km ENE of Miyako, Japan",earthquake,reviewed,2015-04-30 01:09:51.830000+09:00,2015-04-30
2015-05-02 16:50:42.990000+00:00,31.5293,140.213,10.0,5.7,"Izu Islands, Japan region",earthquake,reviewed,2015-05-03 01:50:42.990000+09:00,2015-05-03
2015-05-03 04:02:52.550000+00:00,37.5588,141.453,45.35,5.0,"40 km ENE of Namie, Japan",earthquake,reviewed,2015-05-03 13:02:52.550000+09:00,2015-05-03
2015-05-10 16:54:42.690000+00:00,31.1753,141.9859,9.0,5.3,"Izu Islands, Japan region",earthquake,reviewed,2015-05-11 01:54:42.690000+09:00,2015-05-11
2015-05-10 17:14:31.160000+00:00,31.1298,141.9661,10.0,5.1,"Izu Islands, Japan region",earthquake,reviewed,2015-05-11 02:14:31.160000+09:00,2015-05-11
2015-05-10 21:25:46.440000+00:00,31.2373,142.0157,6.0,6.0,"Izu Islands, Japan region",earthquake,reviewed,2015-05-11 06:25:46.440000+09:00,2015-05-11
2015-05-11 00:03:59.260000+00:00,31.2064,141.9051,21.94,5.0,"Izu Islands, Japan region",earthquake,reviewed,2015-05-11 09:03:59.260000+09:00,2015-05-11
2015-05-12 21:12:58.890000+00:00,38.9056,142.0317,35.0,6.8,"32 km SE of ?funato, Japan",earthquake,reviewed,2015-05-13 06:12:58.890000+09:00,2015-05-13
2015-05-15 03:30:34.360000+00:00,37.0459,141.2026,37.95,5.1,"28 km E of Iwaki, Japan",earthquake,reviewed,2015-05-15 12:30:34.360000+09:00,2015-05-15
2015-05-25 05:28:08.100000+00:00,35.995,139.6134,38.74,5.1,"2 km N of Ageoshimo, Japan",earthquake,reviewed,2015-05-25 14:28:08.100000+09:00,2015-05-25
2015-05-25 06:37:40.890000+00:00,41.8504,135.3922,385.81,5.1,"169 km SE of Preobrazheniye, Russia",earthquake,reviewed,2015-05-25 15:37:40.890000+09:00,2015-05-25
2015-05-30 18:49:07.340000+00:00,30.7856,142.9722,6.05,6.2,"Izu Islands, Japan region",earthquake,reviewed,2015-05-31 03:49:07.340000+09:00,2015-05-31
2015-06-08 06:01:08.300000+00:00,41.5615,142.0308,42.0,6.1,"74 km ENE of Mutsu, Japan",earthquake,reviewed,2015-06-08 15:01:08.300000+09:00,2015-06-08
2015-06-10 08:33:03.780000+00:00,39.6795,143.319,30.96,5.8,"118 km E of Miyako, Japan",earthquake,reviewed,2015-06-10 17:33:03.780000+09:00,2015-06-10
2015-06-11 04:45:29.730000+00:00,39.672,143.331,10.49,5.7,"119 km E of Miyako, Japan",earthquake,reviewed,2015-06-11 13:45:29.730000+09:00,2015-06-11
2015-06-11 04:51:24.140000+00:00,39.608,143.3457,5.72,5.7,"120 km E of Miyako, Japan",earthquake,reviewed,2015-06-11 13:51:24.140000+09:00,2015-06-11
2015-06-11 04:56:32.160000+00:00,39.6101,143.2414,10.0,5.4,"111 km E of Miyako, Japan",earthquake,reviewed,2015-06-11 13:56:32.160000+09:00,2015-06-11
2015-06-11 09:19:23.300000+00:00,29.794,131.4189,36.9,5.1,"98 km ESE of Koshima, Japan",earthquake,reviewed,2015-06-11 18:19:23.300000+09:00,2015-06-11
2015-07-09 08:27:39.500000+00:00,40.1226,142.6028,38.28,5.2,"77 km NE of Miyako, Japan",earthquake,reviewed,2015-07-09 17:27:39.500000+09:00,2015-07-09
2015-07-09 18:32:51.220000+00:00,40.3631,141.4646,81.0,5.5,"15 km S of Hachinohe, Japan",earthquake,reviewed,2015-07-10 03:32:51.220000+09:00,2015-07-10
2015-07-12 17:52:06.170000+00:00,33.0229,131.7493,53.0,5.5,"12 km SSW of Usuki, Japan",earthquake,reviewed,2015-07-13 02:52:06.170000+09:00,2015-07-13
2015-07-13 23:21:58.800000+00:00,30.8901,142.0087,18.11,5.1,"Izu Islands, Japan region",earthquake,reviewed,2015-07-14 08:21:58.800000+09:00,2015-07-14
2015-07-23 12:51:49.920000+00:00,37.0407,144.7235,35.57,5.1,"off the east coast of Honshu, Japan",earthquake,reviewed,2015-07-23 21:51:49.920000+09:00,2015-07-23
2015-08-03 05:30:11.290000+00:00,37.7836,141.5287,43.15,5.0,"57 km NE of Namie, Japan",earthquake,reviewed,2015-08-03 14:30:11.290000+09:00,2015-08-03
2015-08-06 09:22:29.530000+00:00,36.4517,140.5954,52.78,5.2,"3 km ESE of Funaishikawa, Japan",earthquake,reviewed,2015-08-06 18:22:29.530000+09:00,2015-08-06
2015-08-13 20:13:33.760000+00:00,37.2211,141.3681,34.63,5.1,"43 km SE of Namie, Japan",earthquake,reviewed,2015-08-14 05:13:33.760000+09:00,2015-08-14
2015-08-14 04:43:44.730000+00:00,42.6447,143.1818,87.33,5.2,"30 km S of Obihiro, Japan",earthquake,reviewed,2015-08-14 13:43:44.730000+09:00,2015-08-14
2015-08-17 11:40:33.820000+00:00,30.8186,131.0266,7.83,5.1,"9 km NNE of Nishinoomote, Japan",earthquake,reviewed,2015-08-17 20:40:33.820000+09:00,2015-08-17
2015-08-25 22:51:36.710000+00:00,32.0765,131.733,36.49,5.2,"22 km ESE of Takanabe, Japan",earthquake,reviewed,2015-08-26 07:51:36.710000+09:00,2015-08-26
2015-08-28 14:46:20.180000+00:00,36.3989,140.8818,34.97,5.0,"28 km ENE of ?arai, Japan",earthquake,reviewed,2015-08-28 23:46:20.180000+09:00,2015-08-28
2015-08-30 05:30:57.280000+00:00,29.6583,130.3794,29.71,5.1,"64 km S of Yudomari, Japan",earthquake,reviewed,2015-08-30 14:30:57.280000+09:00,2015-08-30
2015-09-01 15:24:08.540000+00:00,31.2841,141.7062,10.0,5.6,"Izu Islands, Japan region",earthquake,reviewed,2015-09-02 00:24:08.540000+09:00,2015-09-02
2015-09-01 15:25:09.520000+00:00,31.1806,141.6,8.0,6.0,"Izu Islands, Japan region",earthquake,reviewed,2015-09-02 00:25:09.520000+09:00,2015-09-02
2015-09-03 16:51:47.750000+00:00,37.1958,143.4691,10.0,5.4,"221 km E of Namie, Japan",earthquake,reviewed,2015-09-04 01:51:47.750000+09:00,2015-09-04
2015-09-06 07:40:48.650000+00:00,31.2807,141.8553,10.0,5.0,"Izu Islands, Japan region",earthquake,reviewed,2015-09-06 16:40:48.650000+09:00,2015-09-06
2015-09-11 20:49:07.260000+00:00,35.5042,139.9064,51.18,5.1,"13 km N of Kisarazu, Japan",earthquake,reviewed,2015-09-12 05:49:07.260000+09:00,2015-09-12
2015-09-12 13:38:01.860000+00:00,41.8968,142.6522,49.0,5.4,"53 km SSE of Shizunai-furukawach?, Japan",earthquake,reviewed,2015-09-12 22:38:01.860000+09:00,2015-09-12
2015-09-26 09:49:47.390000+00:00,42.2288,142.0037,85.8,5.0,"32 km WSW of Shizunai-furukawach?, Japan",earthquake,reviewed,2015-09-26 18:49:47.390000+09:00,2015-09-26
2015-09-29 08:46:50.590000+00:00,40.3094,143.6835,10.0,5.2,"166 km ENE of Miyako, Japan",earthquake,reviewed,2015-09-29 17:46:50.590000+09:00,2015-09-29
2015-10-21 06:04:49.160000+00:00,37.3186,141.0771,24.16,5.3,"19 km SSE of Namie, Japan",earthquake,reviewed,2015-10-21 15:04:49.160000+09:00,2015-10-21
2015-11-01 03:48:47.450000+00:00,41.5774,141.9855,47.0,5.4,"71 km ENE of Mutsu, Japan",earthquake,reviewed,2015-11-01 12:48:47.450000+09:00,2015-11-01
2015-11-04 13:47:50.300000+00:00,43.3348,146.1094,95.65,5.0,"43 km E of Nemuro, Japan",earthquake,reviewed,2015-11-04 22:47:50.300000+09:00,2015-11-04
2015-11-05 18:02:54.050000+00:00,39.427,143.4135,10.0,5.0,"126 km E of Yamada, Japan",earthquake,reviewed,2015-11-06 03:02:54.050000+09:00,2015-11-06
2015-11-07 13:44:44.720000+00:00,35.9067,139.9683,107.5,5.0,"4 km SW of Moriya, Japan",earthquake,reviewed,2015-11-07 22:44:44.720000+09:00,2015-11-07
2015-11-14 10:21:42.400000+00:00,37.9417,143.8515,27.37,5.2,"224 km SE of ?funato, Japan",earthquake,reviewed,2015-11-14 19:21:42.400000+09:00,2015-11-14
2015-11-25 04:46:50.780000+00:00,31.4331,140.1479,124.67,5.0,"Izu Islands, Japan region",earthquake,reviewed,2015-11-25 13:46:50.780000+09:00,2015-11-25
2015-11-28 02:51:07.830000+00:00,43.3856,146.4353,69.0,5.6,"51 km SSW of Shikotan, Russia",earthquake,reviewed,2015-11-28 11:51:07.830000+09:00,2015-11-28
2016-01-02 04:22:19.570000+00:00,44.8069,129.9406,585.47,5.8,"21 km ENE of Chaihe, China",earthquake,reviewed,2016-01-02 13:22:19.570000+09:00,2016-01-02
2016-01-05 02:21:11.340000+00:00,30.6132,132.7337,4.71,5.8,"166 km E of Nishinoomote, Japan",earthquake,reviewed,2016-01-05 11:21:11.340000+09:00,2016-01-05
2016-01-11 17:08:03.920000+00:00,44.4761,141.0867,238.81,6.2,"74 km NW of Rumoi, Japan",earthquake,reviewed,2016-01-12 02:08:03.920000+09:00,2016-01-12
2016-01-14 03:25:33.640000+00:00,41.9723,142.781,46.0,6.7,"52 km SE of Shizunai-furukawach?, Japan",earthquake,reviewed,2016-01-14 12:25:33.640000+09:00,2016-01-14
2016-01-20 21:53:41.490000+00:00,43.1102,146.0168,38.44,5.1,"43 km ESE of Nemuro, Japan",earthquake,reviewed,2016-01-21 06:53:41.490000+09:00,2016-01-21
2016-02-02 05:31:47.770000+00:00,39.7102,142.9463,12.23,5.3,"86 km E of Miyako, Japan",earthquake,reviewed,2016-02-02 14:31:47.770000+09:00,2016-02-02
2016-02-14 18:09:26.290000+00:00,30.2966,138.8823,410.0,5.7,"Izu Islands, Japan region",earthquake,reviewed,2016-02-15 03:09:26.290000+09:00,2016-02-15
2016-02-19 13:13:52.380000+00:00,37.2534,142.2432,18.86,5.1,"113 km ESE of Namie, Japan",earthquake,reviewed,2016-02-19 22:13:52.380000+09:00,2016-02-19
2016-03-03 07:11:16.090000+00:00,31.7483,131.4272,55.49,5.3,"17 km NNE of Nichinan, Japan",earthquake,reviewed,2016-03-03 16:11:16.090000+09:00,2016-03-03
2016-03-05 00:33:21.930000+00:00,41.6536,144.2304,14.06,5.1,"147 km S of Kushiro, Japan",earthquake,reviewed,2016-03-05 09:33:21.930000+09:00,2016-03-05
2016-04-01 02:39:08.050000+00:00,33.3807,136.3901,14.0,5.9,"54 km SE of Shing?, Japan",earthquake,reviewed,2016-04-01 11:39:08.050000+09:00,2016-04-01
2016-04-14 12:26:35.730000+00:00,32.788,130.7042,9.0,6.2,"2 km SSE of Kumamoto, Japan",earthquake,reviewed,2016-04-14 21:26:35.730000+09:00,2016-04-14
2016-04-14 13:07:35.490000+00:00,32.7429,130.8235,10.0,5.4,"14 km ESE of Kumamoto, Japan",earthquake,reviewed,2016-04-14 22:07:35.490000+09:00,2016-04-14
2016-04-14 15:03:47.240000+00:00,32.6973,130.7204,8.0,6.0,"5 km ENE of Uto, Japan",earthquake,reviewed,2016-04-15 00:03:47.240000+09:00,2016-04-15
2016-04-14 15:06:22.190000+00:00,32.716,130.6904,10.0,5.3,"4 km NNE of Uto, Japan",earthquake,reviewed,2016-04-15 00:06:22.190000+09:00,2016-04-15
2016-04-15 16:25:06.220000+00:00,32.7906,130.7543,10.0,7.0,"6 km ESE of Kumamoto, Japan",earthquake,reviewed,2016-04-16 01:25:06.220000+09:00,2016-04-16
2016-04-15 16:30:46.470000+00:00,32.8598,131.8011,10.0,5.1,"13 km SW of Saiki, Japan",earthquake,reviewed,2016-04-16 01:30:46.470000+09:00,2016-04-16
2016-04-15 16:33:20.400000+00:00,32.7665,130.8229,10.0,5.3,"13 km ESE of Kumamoto, Japan",earthquake,reviewed,2016-04-16 01:33:20.400000+09:00,2016-04-16
2016-04-15 16:43:07.560000+00:00,32.6976,130.8055,10.0,5.2,"13 km E of Uto, Japan",earthquake,reviewed,2016-04-16 01:43:07.560000+09:00,2016-04-16
2016-04-15 16:44:06.860000+00:00,32.7091,130.7194,10.0,5.3,"5 km ENE of Uto, Japan",earthquake,reviewed,2016-04-16 01:44:06.860000+09:00,2016-04-16
2016-04-15 16:45:56.680000+00:00,32.9241,130.8091,10.0,5.7,"6 km S of Kikuchi, Japan",earthquake,reviewed,2016-04-16 01:45:56.680000+09:00,2016-04-16
2016-04-15 18:03:10.940000+00:00,32.9196,131.0212,4.35,5.4,"5 km WSW of Aso, Japan",earthquake,reviewed,2016-04-16 03:03:10.940000+09:00,2016-04-16
2016-04-15 18:55:53.500000+00:00,33.0051,131.1569,13.22,5.5,"10 km NE of Aso, Japan",earthquake,reviewed,2016-04-16 03:55:53.500000+09:00,2016-04-16
2016-04-15 22:11:40.270000+00:00,33.2528,131.3738,10.0,5.1,"11 km WSW of Beppu, Japan",earthquake,reviewed,2016-04-16 07:11:40.270000+09:00,2016-04-16
2016-04-16 00:48:32.810000+00:00,32.8404,130.7768,9.07,5.2,"8 km ENE of Kumamoto, Japan",earthquake,reviewed,2016-04-16 09:48:32.810000+09:00,2016-04-16
2016-04-16 07:02:01.850000+00:00,32.7232,130.6626,9.12,5.1,"4 km N of Uto, Japan",earthquake,reviewed,2016-04-16 16:02:01.850000+09:00,2016-04-16
2016-04-18 11:42:00.220000+00:00,33.0143,131.0991,10.46,5.5,"8 km NNE of Aso, Japan",earthquake,reviewed,2016-04-18 20:42:00.220000+09:00,2016-04-18
2016-04-19 08:52:14.800000+00:00,32.5574,130.6136,5.4,5.3,"6 km NNE of Honmachi, Japan",earthquake,reviewed,2016-04-19 17:52:14.800000+09:00,2016-04-19
2016-04-20 12:19:43.950000+00:00,37.8013,141.6216,33.11,5.9,"65 km ENE of Namie, Japan",earthquake,reviewed,2016-04-20 21:19:43.950000+09:00,2016-04-20
2016-04-26 15:01:24.830000+00:00,38.2124,141.6444,43.98,5.0,"37 km SE of Ishinomaki, Japan",earthquake,reviewed,2016-04-27 00:01:24.830000+09:00,2016-04-27
2016-05-07 05:42:13.500000+00:00,31.2618,129.297,10.0,5.3,"97 km W of Makurazaki, Japan",earthquake,reviewed,2016-05-07 14:42:13.500000+09:00,2016-05-07
2016-05-16 12:23:02.500000+00:00,36.023,139.806,44.51,5.4,"6 km NE of Kasukabe, Japan",earthquake,reviewed,2016-05-16 21:23:02.500000+09:00,2016-05-16
2016-05-21 06:06:42.150000+00:00,30.9561,140.0808,124.52,5.5,"Izu Islands, Japan region",earthquake,reviewed,2016-05-21 15:06:42.150000+09:00,2016-05-21
2016-06-10 12:07:03.840000+00:00,38.3646,144.5763,35.0,5.0,"256 km ESE of Kamaishi, Japan",earthquake,reviewed,2016-06-10 21:07:03.840000+09:00,2016-06-10
2016-06-11 22:54:22.410000+00:00,35.9783,139.9693,34.71,5.0,"4 km SSW of Mitsukaid?, Japan",earthquake,reviewed,2016-06-12 07:54:22.410000+09:00,2016-06-12
2016-06-16 05:21:29.270000+00:00,41.9836,140.9353,14.3,5.2,"22 km ENE of Honch?, Japan",earthquake,reviewed,2016-06-16 14:21:29.270000+09:00,2016-06-16
2016-06-26 22:57:06.150000+00:00,36.9968,142.2226,12.82,5.7,"119 km E of Iwaki, Japan",earthquake,reviewed,2016-06-27 07:57:06.150000+09:00,2016-06-27
2016-06-29 18:12:38.310000+00:00,39.7272,144.8774,10.0,5.0,"252 km E of Miyako, Japan",earthquake,reviewed,2016-06-30 03:12:38.310000+09:00,2016-06-30
2016-07-17 04:24:01.860000+00:00,36.0052,139.9227,40.22,5.0,"5 km SSE of Iwai, Japan",earthquake,reviewed,2016-07-17 13:24:01.860000+09:00,2016-07-17
2016-07-19 22:25:32.210000+00:00,35.9914,140.0323,39.28,5.0,"5 km ESE of Mitsukaid?, Japan",earthquake,reviewed,2016-07-20 07:25:32.210000+09:00,2016-07-20
2016-07-19 23:50:21.510000+00:00,39.3201,142.261,41.55,5.0,"31 km ESE of Yamada, Japan",earthquake,reviewed,2016-07-20 08:50:21.510000+09:00,2016-07-20
2016-07-27 14:47:17.010000+00:00,36.492,140.7576,46.0,5.3,"15 km SE of Hitachi, Japan",earthquake,reviewed,2016-07-27 23:47:17.010000+09:00,2016-07-27
2016-08-13 20:15:07.190000+00:00,34.5221,140.3732,38.44,5.2,"68 km SSE of Kamogawa, Japan",earthquake,reviewed,2016-08-14 05:15:07.190000+09:00,2016-08-14
2016-08-15 07:04:41.020000+00:00,37.4115,141.7203,33.0,5.6,"64 km E of Namie, Japan",earthquake,reviewed,2016-08-15 16:04:41.020000+09:00,2016-08-15
2016-08-19 12:07:42.500000+00:00,36.6132,141.2096,37.25,5.0,"45 km ESE of Kitaibaraki, Japan",earthquake,reviewed,2016-08-19 21:07:42.500000+09:00,2016-08-19
2016-08-20 05:14:57.910000+00:00,39.5603,143.5399,23.43,5.3,"137 km E of Yamada, Japan",earthquake,reviewed,2016-08-20 14:14:57.910000+09:00,2016-08-20
2016-08-20 09:01:26.210000+00:00,40.3942,143.6796,10.0,6.0,"170 km ENE of Miyako, Japan",earthquake,reviewed,2016-08-20 18:01:26.210000+09:00,2016-08-20
2016-08-20 15:58:04.590000+00:00,40.3135,143.7281,11.0,5.8,"169 km ENE of Miyako, Japan",earthquake,reviewed,2016-08-21 00:58:04.590000+09:00,2016-08-21
2016-08-20 16:10:34.670000+00:00,40.4208,143.6339,10.0,5.2,"168 km ENE of Miyako, Japan",earthquake,reviewed,2016-08-21 01:10:34.670000+09:00,2016-08-21
2016-08-20 16:28:12.900000+00:00,40.3173,143.7435,10.0,5.2,"171 km ENE of Miyako, Japan",earthquake,reviewed,2016-08-21 01:28:12.900000+09:00,2016-08-21
2016-08-21 12:49:13.640000+00:00,40.6797,143.7497,10.0,5.2,"191 km E of Hachinohe, Japan",earthquake,reviewed,2016-08-21 21:49:13.640000+09:00,2016-08-21
2016-08-21 23:13:09.630000+00:00,39.7547,143.637,5.79,5.3,"145 km E of Miyako, Japan",earthquake,reviewed,2016-08-22 08:13:09.630000+09:00,2016-08-22
2016-08-22 06:11:08.980000+00:00,38.3251,142.113,35.0,5.1,"71 km E of Ishinomaki, Japan",earthquake,reviewed,2016-08-22 15:11:08.980000+09:00,2016-08-22
2016-08-22 09:33:07.800000+00:00,29.8814,139.1356,391.0,5.6,"Izu Islands, Japan region",earthquake,reviewed,2016-08-22 18:33:07.800000+09:00,2016-08-22
2016-08-25 17:04:43.270000+00:00,30.6141,137.8537,456.0,5.9,"Izu Islands, Japan region",earthquake,reviewed,2016-08-26 02:04:43.270000+09:00,2016-08-26
2016-09-02 13:29:37.300000+00:00,34.4547,141.4975,10.0,5.3,"132 km SE of Katsuura, Japan",earthquake,reviewed,2016-09-02 22:29:37.300000+09:00,2016-09-02
2016-09-03 12:26:43.460000+00:00,31.4495,138.4886,326.69,5.0,"Izu Islands, Japan region",earthquake,reviewed,2016-09-03 21:26:43.460000+09:00,2016-09-03
2016-09-07 09:42:03.470000+00:00,42.3797,142.638,112.09,5.0,"22 km ENE of Shizunai-furukawach?, Japan",earthquake,reviewed,2016-09-07 18:42:03.470000+09:00,2016-09-07
2016-09-09 11:53:15.470000+00:00,36.3925,141.1259,32.09,5.4,"48 km ESE of Hitachi, Japan",earthquake,reviewed,2016-09-09 20:53:15.470000+09:00,2016-09-09
2016-09-12 11:32:55.770000+00:00,35.7808,129.2162,13.0,5.4,"6km S of Gyeongju, South Korea",earthquake,reviewed,2016-09-12 20:32:55.770000+09:00,2016-09-12
2016-09-13 10:12:26.500000+00:00,35.8978,139.7844,74.0,5.0,"near the south coast of Honshu, Japan",earthquake,reviewed,2016-09-13 19:12:26.500000+09:00,2016-09-13
2016-09-20 16:21:16.550000+00:00,30.5017,142.0478,9.0,6.1,"Izu Islands, Japan region",earthquake,reviewed,2016-09-21 01:21:16.550000+09:00,2016-09-21
2016-09-22 15:56:05.650000+00:00,34.4727,141.8318,10.0,5.3,"157 km ESE of ?hara, Japan",earthquake,reviewed,2016-09-23 00:56:05.650000+09:00,2016-09-23
2016-09-22 15:57:06.940000+00:00,34.3707,141.7588,19.17,5.3,"157 km ESE of Katsuura, Japan",earthquake,reviewed,2016-09-23 00:57:06.940000+09:00,2016-09-23
2016-09-22 16:00:46.020000+00:00,34.4304,141.7961,18.44,5.0,"157 km ESE of Katsuura, Japan",earthquake,reviewed,2016-09-23 01:00:46.020000+09:00,2016-09-23
2016-09-23 00:14:34.700000+00:00,34.4619,141.6368,10.0,6.2,"142 km ESE of Katsuura, Japan",earthquake,reviewed,2016-09-23 09:14:34.700000+09:00,2016-09-23
2016-09-23 05:34:31.480000+00:00,34.5214,141.7965,10.0,5.2,"151 km ESE of ?hara, Japan",earthquake,reviewed,2016-09-23 14:34:31.480000+09:00,2016-09-23
2016-09-23 06:13:19.110000+00:00,34.9052,141.4606,10.0,5.3,"104 km ESE of ?hara, Japan",earthquake,reviewed,2016-09-23 15:13:19.110000+09:00,2016-09-23
2016-09-23 10:28:20.430000+00:00,34.5949,141.2321,10.0,5.0,"103 km SE of Katsuura, Japan",earthquake,reviewed,2016-09-23 19:28:20.430000+09:00,2016-09-23
2016-09-23 15:05:17.090000+00:00,30.4921,141.7943,35.0,5.1,"Izu Islands, Japan region",earthquake,reviewed,2016-09-24 00:05:17.090000+09:00,2016-09-24
2016-09-26 02:24:37.740000+00:00,41.8802,142.2041,64.0,5.0,"52 km SSW of Shizunai-furukawach?, Japan",earthquake,reviewed,2016-09-26 11:24:37.740000+09:00,2016-09-26
2016-09-26 05:13:25.570000+00:00,41.699,143.0782,33.73,5.3,"91 km SE of Shizunai-furukawach?, Japan",earthquake,reviewed,2016-09-26 14:13:25.570000+09:00,2016-09-26
2016-09-29 23:21:01.710000+00:00,34.523,141.792,10.0,5.1,"151 km ESE of ?hara, Japan",earthquake,reviewed,2016-09-30 08:21:01.710000+09:00,2016-09-30
2016-10-04 12:13:49.040000+00:00,34.7267,141.4434,19.44,5.2,"111 km ESE of ?hara, Japan",earthquake,reviewed,2016-10-04 21:13:49.040000+09:00,2016-10-04
2016-10-20 02:49:53.120000+00:00,35.8196,140.5082,18.91,5.3,"7 km S of Sawara, Japan",earthquake,reviewed,2016-10-20 11:49:53.120000+09:00,2016-10-20
2016-10-21 05:07:22.990000+00:00,35.3743,133.8092,5.63,6.2,"6 km S of Kurayoshi, Japan",earthquake,reviewed,2016-10-21 14:07:22.990000+09:00,2016-10-21
2016-11-01 22:37:32.790000+00:00,37.5171,141.7017,14.4,5.0,"62 km E of Namie, Japan",earthquake,reviewed,2016-11-02 07:37:32.790000+09:00,2016-11-02
2016-11-09 22:20:41.640000+00:00,38.7262,142.1618,48.21,5.0,"54 km SE of ?funato, Japan",earthquake,reviewed,2016-11-10 07:20:41.640000+09:00,2016-11-10
2016-11-11 21:42:59.650000+00:00,38.4973,141.5658,42.4,6.1,"24 km ENE of Ishinomaki, Japan",earthquake,reviewed,2016-11-12 06:42:59.650000+09:00,2016-11-12
2016-11-19 02:48:01.660000+00:00,33.8144,135.42,41.96,5.3,"10 km NNE of Tanabe, Japan",earthquake,reviewed,2016-11-19 11:48:01.660000+09:00,2016-11-19
2016-11-20 21:59:26.990000+00:00,35.9162,140.9682,18.66,5.0,"23 km NNE of Hasaki, Japan",earthquake,reviewed,2016-11-21 06:59:26.990000+09:00,2016-11-21
2016-11-21 20:59:49.270000+00:00,37.3931,141.387,9.0,6.9,"35 km ESE of Namie, Japan",earthquake,reviewed,2016-11-22 05:59:49.270000+09:00,2016-11-22
2016-11-21 21:08:08.590000+00:00,37.2087,141.4787,10.0,5.0,"52 km SE of Namie, Japan",earthquake,reviewed,2016-11-22 06:08:08.590000+09:00,2016-11-22
2016-11-21 21:10:20.900000+00:00,37.2516,141.4718,10.0,5.4,"near the east coast of Honshu, Japan",earthquake,reviewed,2016-11-22 06:10:20.900000+09:00,2016-11-22
2016-11-21 21:16:16.060000+00:00,37.2228,141.2155,10.0,5.0,"34 km SSE of Namie, Japan",earthquake,reviewed,2016-11-22 06:16:16.060000+09:00,2016-11-22
2016-11-21 21:39:44.480000+00:00,37.3023,141.1967,24.92,5.3,"26 km SE of Namie, Japan",earthquake,reviewed,2016-11-22 06:39:44.480000+09:00,2016-11-22
2016-11-21 21:42:37.240000+00:00,37.1374,141.4529,10.0,5.0,"51 km E of Iwaki, Japan",earthquake,reviewed,2016-11-22 06:42:37.240000+09:00,2016-11-22
2016-11-21 21:43:07.240000+00:00,37.1999,141.2239,10.0,5.1,"34 km ENE of Iwaki, Japan",earthquake,reviewed,2016-11-22 06:43:07.240000+09:00,2016-11-22
2016-11-22 14:03:59.010000+00:00,37.2338,141.366,15.91,5.2,"42 km SE of Namie, Japan",earthquake,reviewed,2016-11-22 23:03:59.010000+09:00,2016-11-22
2016-11-22 17:41:16.760000+00:00,37.274,141.3362,31.56,5.1,"37 km SE of Namie, Japan",earthquake,reviewed,2016-11-23 02:41:16.760000+09:00,2016-11-23
2016-11-23 21:23:36.900000+00:00,37.2143,141.3209,9.0,5.9,"41 km SE of Namie, Japan",earthquake,reviewed,2016-11-24 06:23:36.900000+09:00,2016-11-24
2016-11-24 00:35:09.730000+00:00,31.7455,138.1936,345.99,5.2,"Izu Islands, Japan region",earthquake,reviewed,2016-11-24 09:35:09.730000+09:00,2016-11-24
2016-12-10 04:44:57.310000+00:00,40.179,142.3854,52.02,5.0,"70 km NNE of Miyako, Japan",earthquake,reviewed,2016-12-10 13:44:57.310000+09:00,2016-12-10
2016-12-19 16:41:12.080000+00:00,37.3989,141.5612,10.0,5.1,"50 km E of Namie, Japan",earthquake,reviewed,2016-12-20 01:41:12.080000+09:00,2016-12-20
2016-12-23 17:25:02.600000+00:00,36.7164,142.0023,23.49,5.1,"106 km ESE of Iwaki, Japan",earthquake,reviewed,2016-12-24 02:25:02.600000+09:00,2016-12-24
2016-12-28 12:38:49.650000+00:00,36.8604,140.4421,7.0,5.9,"13 km NE of Daigo, Japan",earthquake,reviewed,2016-12-28 21:38:49.650000+09:00,2016-12-28
2016-12-30 20:08:26.820000+00:00,37.3732,141.459,9.09,5.1,"42 km ESE of Namie, Japan",earthquake,reviewed,2016-12-31 05:08:26.820000+09:00,2016-12-31
2017-01-04 15:43:59.640000+00:00,36.902,140.9426,53.38,5.2,"17 km SSE of Iwaki, Japan",earthquake,reviewed,2017-01-05 00:43:59.640000+09:00,2017-01-05
2017-01-04 17:53:20.710000+00:00,37.1515,141.3125,10.0,5.3,"39 km ENE of Iwaki, Japan",earthquake,reviewed,2017-01-05 02:53:20.710000+09:00,2017-01-05
2017-01-12 17:04:59.820000+00:00,41.7468,132.9867,497.86,5.4,Sea of Japan,earthquake,reviewed,2017-01-13 02:04:59.820000+09:00,2017-01-13
2017-01-13 03:25:30.740000+00:00,35.6593,140.772,49.46,5.0,"9 km SW of Hasaki, Japan",earthquake,reviewed,2017-01-13 12:25:30.740000+09:00,2017-01-13
2017-01-26 08:06:30.210000+00:00,40.2435,142.434,42.4,5.1,"78 km NNE of Miyako, Japan",earthquake,reviewed,2017-01-26 17:06:30.210000+09:00,2017-01-26
2017-02-06 11:58:06.700000+00:00,33.6378,142.4697,16.87,5.0,"259 km SE of Katsuura, Japan",earthquake,reviewed,2017-02-06 20:58:06.700000+09:00,2017-02-06
2017-02-10 21:05:26.550000+00:00,37.2748,141.7038,6.78,5.2,"66 km ESE of Namie, Japan",earthquake,reviewed,2017-02-11 06:05:26.550000+09:00,2017-02-11
2017-02-12 13:36:55.050000+00:00,40.2182,142.3081,43.59,5.0,"70 km NNE of Miyako, Japan",earthquake,reviewed,2017-02-12 22:36:55.050000+09:00,2017-02-12
2017-02-19 09:19:31.080000+00:00,35.6621,140.7523,42.0,5.4,"10 km SW of Hasaki, Japan",earthquake,reviewed,2017-02-19 18:19:31.080000+09:00,2017-02-19
2017-02-28 07:49:02.860000+00:00,37.5666,141.3347,47.0,5.7,"30 km ENE of Namie, Japan",earthquake,reviewed,2017-02-28 16:49:02.860000+09:00,2017-02-28
2017-03-01 06:43:05.520000+00:00,37.5691,141.411,53.9,5.0,"37 km ENE of Namie, Japan",earthquake,reviewed,2017-03-01 15:43:05.520000+09:00,2017-03-01
2017-03-02 14:53:42.590000+00:00,32.6336,132.1018,44.42,5.3,"39 km SSE of Saiki, Japan",earthquake,reviewed,2017-03-02 23:53:42.590000+09:00,2017-03-02
2017-03-03 08:27:34.530000+00:00,43.1132,145.6678,66.27,5.1,"Hokkaido, Japan region",earthquake,reviewed,2017-03-03 17:27:34.530000+09:00,2017-03-03
2017-03-07 16:08:19.040000+00:00,41.5149,141.9022,56.0,5.7,"62 km ENE of Mutsu, Japan",earthquake,reviewed,2017-03-08 01:08:19.040000+09:00,2017-03-08
2017-03-10 15:53:52.900000+00:00,29.6888,140.9677,109.67,5.0,"Izu Islands, Japan region",earthquake,reviewed,2017-03-11 00:53:52.900000+09:00,2017-03-11
2017-03-11 18:48:41.030000+00:00,30.9973,130.3866,138.29,5.3,"30 km SSE of Makurazaki, Japan",earthquake,reviewed,2017-03-12 03:48:41.030000+09:00,2017-03-12
2017-03-11 19:57:48.100000+00:00,37.529,141.5136,43.92,5.3,"45 km E of Namie, Japan",earthquake,reviewed,2017-03-12 04:57:48.100000+09:00,2017-03-12
2017-03-27 22:31:21.050000+00:00,42.0424,138.5495,5.19,5.1,"175 km W of Kamiiso, Japan",earthquake,reviewed,2017-03-28 07:31:21.050000+09:00,2017-03-28
2017-04-19 17:15:34.560000+00:00,37.3094,141.8,38.46,5.0,"73 km ESE of Namie, Japan",earthquake,reviewed,2017-04-20 02:15:34.560000+09:00,2017-04-20
2017-04-29 12:32:34.130000+00:00,30.815,131.4147,31.0,5.7,"40 km ENE of Nishinoomote, Japan",earthquake,reviewed,2017-04-29 21:32:34.130000+09:00,2017-04-29
2017-04-29 20:22:59.150000+00:00,30.7724,131.4043,20.55,5.0,"38 km E of Nishinoomote, Japan",earthquake,reviewed,2017-04-30 05:22:59.150000+09:00,2017-04-30
2017-04-30 14:42:35.390000+00:00,42.308,142.9945,57.98,5.3,"51 km E of Shizunai-furukawach?, Japan",earthquake,reviewed,2017-04-30 23:42:35.390000+09:00,2017-04-30
2017-06-20 14:27:41+00:00,32.8717,132.036,36.76,5.0,"15 km SE of Saiki, Japan",earthquake,reviewed,2017-06-20 23:27:41+09:00,2017-06-20
2017-06-24 22:02:16.970000+00:00,35.8637,137.5681,10.0,5.2,"31 km ENE of Gero, Japan",earthquake,reviewed,2017-06-25 07:02:16.970000+09:00,2017-06-25
2017-07-01 14:45:53.440000+00:00,42.814,141.9263,36.73,5.3,"22 km E of Chitose, Japan",earthquake,reviewed,2017-07-01 23:45:53.440000+09:00,2017-07-01
2017-07-06 06:42:26.080000+00:00,38.2917,143.3363,10.0,5.0,"165 km ESE of ?funato, Japan",earthquake,reviewed,2017-07-06 15:42:26.080000+09:00,2017-07-06
2017-07-11 02:56:36.980000+00:00,31.3883,130.6243,23.91,5.3,"12 km SW of Tarumizu, Japan",earthquake,reviewed,2017-07-11 11:56:36.980000+09:00,2017-07-11
2017-07-12 19:48:07.810000+00:00,40.8551,131.6637,545.0,5.9,"179 km ESE of Hoemul-li, North Korea",earthquake,reviewed,2017-07-13 04:48:07.810000+09:00,2017-07-13
2017-07-20 00:11:24.830000+00:00,37.417,141.5859,31.0,5.8,"52 km E of Namie, Japan",earthquake,reviewed,2017-07-20 09:11:24.830000+09:00,2017-07-20
2017-07-23 15:35:40.930000+00:00,40.0387,143.4878,10.0,5.6,"139 km ENE of Miyako, Japan",earthquake,reviewed,2017-07-24 00:35:40.930000+09:00,2017-07-24
2017-07-30 12:45:04.990000+00:00,36.261,143.7218,6.43,5.3,"266 km ENE of Hasaki, Japan",earthquake,reviewed,2017-07-30 21:45:04.990000+09:00,2017-07-30
2017-08-01 17:02:05.450000+00:00,36.7759,140.6801,8.33,5.2,"6 km W of Kitaibaraki, Japan",earthquake,reviewed,2017-08-02 02:02:05.450000+09:00,2017-08-02
2017-08-10 00:36:30.690000+00:00,35.7086,140.1416,61.61,5.1,"6 km NNW of Yotsukaid?, Japan",earthquake,reviewed,2017-08-10 09:36:30.690000+09:00,2017-08-10
2017-08-12 18:23:43.850000+00:00,30.001,131.1298,21.08,5.3,"62 km ESE of Koshima, Japan",earthquake,reviewed,2017-08-13 03:23:43.850000+09:00,2017-08-13
2017-09-10 08:44:24.540000+00:00,41.7813,142.8932,45.0,5.5,"75 km SE of Shizunai-furukawach?, Japan",earthquake,reviewed,2017-09-10 17:44:24.540000+09:00,2017-09-10
2017-09-19 20:18:08.420000+00:00,37.3074,141.6201,47.16,5.4,"58 km ESE of Namie, Japan",earthquake,reviewed,2017-09-20 05:18:08.420000+09:00,2017-09-20
2017-09-20 16:37:16.360000+00:00,37.9814,144.6601,11.0,6.1,"282 km ESE of Kamaishi, Japan",earthquake,reviewed,2017-09-21 01:37:16.360000+09:00,2017-09-21
2017-09-22 23:49:32.060000+00:00,31.3308,140.9508,48.21,5.2,"Izu Islands, Japan region",earthquake,reviewed,2017-09-23 08:49:32.060000+09:00,2017-09-23
2017-09-26 20:22:11.640000+00:00,40.335,142.3424,37.0,5.8,"73 km ESE of Hachinohe, Japan",earthquake,reviewed,2017-09-27 05:22:11.640000+09:00,2017-09-27
2017-10-06 07:59:32.880000+00:00,37.5033,144.0201,9.0,6.2,"259 km ESE of Ishinomaki, Japan",earthquake,reviewed,2017-10-06 16:59:32.880000+09:00,2017-10-06
2017-10-06 14:56:41.300000+00:00,37.0959,141.0771,44.0,5.6,"17 km ENE of Iwaki, Japan",earthquake,reviewed,2017-10-06 23:56:41.300000+09:00,2017-10-06
2017-10-12 06:12:38.050000+00:00,36.7443,142.0711,15.55,5.0,"111 km ESE of Iwaki, Japan",earthquake,reviewed,2017-10-12 15:12:38.050000+09:00,2017-10-12
2017-10-14 23:34:09.380000+00:00,30.9307,130.3087,148.09,5.0,"37 km S of Makurazaki, Japan",earthquake,reviewed,2017-10-15 08:34:09.380000+09:00,2017-10-15
2017-11-09 07:42:11.020000+00:00,32.5208,141.438,12.0,6.0,"Izu Islands, Japan region",earthquake,reviewed,2017-11-09 16:42:11.020000+09:00,2017-11-09
2017-11-09 18:45:45.340000+00:00,32.4554,141.5139,14.98,5.4,"Izu Islands, Japan region",earthquake,reviewed,2017-11-10 03:45:45.340000+09:00,2017-11-10
2017-11-12 22:24:06.840000+00:00,37.9353,144.9308,10.2,5.9,"off the east coast of Honshu, Japan",earthquake,reviewed,2017-11-13 07:24:06.840000+09:00,2017-11-13
2017-11-15 05:29:32.820000+00:00,36.0735,129.28,10.0,5.5,"7 km SW of Heunghae, South Korea",earthquake,reviewed,2017-11-15 14:29:32.820000+09:00,2017-11-15
2017-11-16 09:43:33.860000+00:00,32.2203,140.5499,59.0,5.8,"Izu Islands, Japan region",earthquake,reviewed,2017-11-16 18:43:33.860000+09:00,2017-11-16
2017-11-17 01:02:47.850000+00:00,37.2273,141.4163,40.12,5.0,"46 km SE of Namie, Japan",earthquake,reviewed,2017-11-17 10:02:47.850000+09:00,2017-11-17
2017-11-29 22:32:22.920000+00:00,45.2018,146.3012,9.61,5.5,"123 km W of Kuril’sk, Russia",earthquake,reviewed,2017-11-30 07:32:22.920000+09:00,2017-11-30
2017-12-05 15:13:49.710000+00:00,36.3969,137.9329,2.87,5.1,"7 km NE of Hotaka, Japan",earthquake,reviewed,2017-12-06 00:13:49.710000+09:00,2017-12-06
2017-12-15 17:58:41.900000+00:00,39.6987,141.9361,30.11,5.2,"5 km N of Miyako, Japan",earthquake,reviewed,2017-12-16 02:58:41.900000+09:00,2017-12-16
2017-12-18 23:28:29.240000+00:00,30.7011,132.044,15.36,5.2,"100 km E of Nishinoomote, Japan",earthquake,reviewed,2017-12-19 08:28:29.240000+09:00,2017-12-19
2017-12-20 13:40:54.570000+00:00,30.6154,132.0779,10.0,5.5,"104 km E of Nishinoomote, Japan",earthquake,reviewed,2017-12-20 22:40:54.570000+09:00,2017-12-20
2017-12-20 14:45:00.260000+00:00,30.7454,131.9295,14.77,5.0,"89 km E of Nishinoomote, Japan",earthquake,reviewed,2017-12-20 23:45:00.260000+09:00,2017-12-20
2017-12-20 15:39:53.520000+00:00,30.6668,131.8929,10.0,5.0,"85 km E of Nishinoomote, Japan",earthquake,reviewed,2017-12-21 00:39:53.520000+09:00,2017-12-21
2017-12-21 03:40:55.480000+00:00,30.6761,132.0082,21.27,5.1,"96 km E of Nishinoomote, Japan",earthquake,reviewed,2017-12-21 12:40:55.480000+09:00,2017-12-21
2017-12-22 23:10:56.430000+00:00,29.3187,142.5704,10.55,5.0,"Izu Islands, Japan region",earthquake,reviewed,2017-12-23 08:10:56.430000+09:00,2017-12-23
2017-12-31 03:48:57.420000+00:00,29.6759,129.3045,162.8,5.0,"126 km WSW of Kurio, Japan",earthquake,reviewed,2017-12-31 12:48:57.420000+09:00,2017-12-31
2018-01-03 21:30:21.940000+00:00,29.6374,140.5205,9.46,5.5,"Izu Islands, Japan region",earthquake,reviewed,2018-01-04 06:30:21.940000+09:00,2018-01-04
2018-01-03 21:32:49.470000+00:00,29.6113,140.5166,10.0,5.1,"Izu Islands, Japan region",earthquake,reviewed,2018-01-04 06:32:49.470000+09:00,2018-01-04
2018-01-09 22:20:51.760000+00:00,35.4154,141.195,34.54,5.0,"48 km SE of Hasaki, Japan",earthquake,reviewed,2018-01-10 07:20:51.760000+09:00,2018-01-10
2018-01-09 22:30:19.090000+00:00,35.3367,141.199,18.93,5.4,"55 km SE of Hasaki, Japan",earthquake,reviewed,2018-01-10 07:30:19.090000+09:00,2018-01-10
2018-01-24 10:51:19.090000+00:00,41.1034,142.4323,31.0,6.3,"99 km ENE of Misawa, Japan",earthquake,reviewed,2018-01-24 19:51:19.090000+09:00,2018-01-24
2018-02-18 18:31:36.430000+00:00,32.802,132.1368,42.04,5.0,"27 km SE of Saiki, Japan",earthquake,reviewed,2018-02-19 03:31:36.430000+09:00,2018-02-19
2018-02-24 08:35:42.900000+00:00,34.5766,141.7403,8.0,5.0,"143 km ESE of ?hara, Japan",earthquake,reviewed,2018-02-24 17:35:42.900000+09:00,2018-02-24
2018-02-25 16:28:39.540000+00:00,37.5968,141.7329,30.57,5.6,"65 km E of Namie, Japan",earthquake,reviewed,2018-02-26 01:28:39.540000+09:00,2018-02-26
2018-03-08 05:58:38.950000+00:00,29.3372,142.2269,10.0,5.2,"Izu Islands, Japan region",earthquake,reviewed,2018-03-08 14:58:38.950000+09:00,2018-03-08
2018-03-25 14:37:23.170000+00:00,32.5916,140.6901,50.0,5.7,"276 km SSE of Tateyama, Japan",earthquake,reviewed,2018-03-25 23:37:23.170000+09:00,2018-03-25
2018-03-25 15:36:24.920000+00:00,32.5225,140.6485,54.14,5.0,"282 km SSE of Tateyama, Japan",earthquake,reviewed,2018-03-26 00:36:24.920000+09:00,2018-03-26
2018-03-29 23:17:33.180000+00:00,36.4375,140.7736,40.16,5.0,"18 km E of Funaishikawa, Japan",earthquake,reviewed,2018-03-30 08:17:33.180000+09:00,2018-03-30
2018-04-08 16:32:31.520000+00:00,35.2588,132.5528,10.34,5.7,"8 km NNE of ?dach?-?da, Japan",earthquake,reviewed,2018-04-09 01:32:31.520000+09:00,2018-04-09
2018-04-12 07:56:53.070000+00:00,43.6748,139.5377,216.57,5.3,"110 km NW of Iwanai, Japan",earthquake,reviewed,2018-04-12 16:56:53.070000+09:00,2018-04-12
2018-04-13 19:00:00.530000+00:00,43.1867,145.8728,47.65,5.2,"28 km ESE of Nemuro, Japan",earthquake,reviewed,2018-04-14 04:00:00.530000+09:00,2018-04-14
2018-04-21 09:47:18.210000+00:00,35.5014,141.0884,21.69,5.1,"34 km SE of Hasaki, Japan",earthquake,reviewed,2018-04-21 18:47:18.210000+09:00,2018-04-21
2018-04-24 08:53:21.860000+00:00,43.3482,145.7259,83.0,5.5,"12 km ENE of Nemuro, Japan",earthquake,reviewed,2018-04-24 17:53:21.860000+09:00,2018-04-24
2018-05-06 06:03:59.330000+00:00,31.4438,140.1932,10.0,5.4,"Izu Islands, Japan region",earthquake,reviewed,2018-05-06 15:03:59.330000+09:00,2018-05-06
2018-05-06 20:00:48.630000+00:00,39.6737,141.0775,96.72,5.1,"6 km WSW of Morioka, Japan",earthquake,reviewed,2018-05-07 05:00:48.630000+09:00,2018-05-07
2018-05-12 01:29:29.810000+00:00,36.643,137.9022,9.94,5.1,"7 km SSE of Hakuba, Japan",earthquake,reviewed,2018-05-12 10:29:29.810000+09:00,2018-05-12
2018-05-12 16:49:37.350000+00:00,38.4847,141.9287,43.99,5.0,"55 km E of Ishinomaki, Japan",earthquake,reviewed,2018-05-13 01:49:37.350000+09:00,2018-05-13
2018-05-14 10:31:19.820000+00:00,40.0942,142.6787,40.33,5.0,"80 km NE of Miyako, Japan",earthquake,reviewed,2018-05-14 19:31:19.820000+09:00,2018-05-14
2018-05-17 03:12:32.690000+00:00,35.6584,140.7193,41.89,5.3,"9 km SE of Asahi, Japan",earthquake,reviewed,2018-05-17 12:12:32.690000+09:00,2018-05-17
2018-05-17 18:42:13.240000+00:00,42.6846,145.586,30.0,5.7,"70 km S of Nemuro, Japan",earthquake,reviewed,2018-05-18 03:42:13.240000+09:00,2018-05-18
2018-06-11 19:54:21.270000+00:00,31.295,131.3679,30.0,5.4,"24 km SSE of Kushima, Japan",earthquake,reviewed,2018-06-12 04:54:21.270000+09:00,2018-06-12
2018-06-17 22:58:34.770000+00:00,34.8246,135.6389,10.34,5.5,"near the south coast of western Honshu, Japan",earthquake,reviewed,2018-06-18 07:58:34.770000+09:00,2018-06-18
2018-07-02 11:53:21.290000+00:00,41.2557,142.7104,37.82,5.2,"123 km SSE of Shizunai-furukawach?, Japan",earthquake,reviewed,2018-07-02 20:53:21.290000+09:00,2018-07-02
2018-07-07 11:23:50.050000+00:00,35.1073,140.6424,40.0,5.9,"27 km SE of ?hara, Japan",earthquake,reviewed,2018-07-07 20:23:50.050000+09:00,2018-07-07
2018-07-31 08:42:20.550000+00:00,37.1788,141.0967,10.9,5.5,"23 km NE of Iwaki, Japan",earthquake,reviewed,2018-07-31 17:42:20.550000+09:00,2018-07-31
2018-08-07 15:12:57.530000+00:00,37.8857,144.0549,14.47,5.5,"242 km ESE of ?funato, Japan",earthquake,reviewed,2018-08-08 00:12:57.530000+09:00,2018-08-08
2018-08-22 15:06:27.380000+00:00,41.4025,142.5438,41.27,5.0,"104 km S of Shizunai-furukawach?, Japan",earthquake,reviewed,2018-08-23 00:06:27.380000+09:00,2018-08-23
2018-08-24 14:15:55.910000+00:00,41.1252,142.6273,43.25,5.3,"115 km ENE of Misawa, Japan",earthquake,reviewed,2018-08-24 23:15:55.910000+09:00,2018-08-24
2018-09-04 20:11:19.570000+00:00,36.4802,141.392,39.53,5.4,"65 km ESE of Takahagi, Japan",earthquake,reviewed,2018-09-05 05:11:19.570000+09:00,2018-09-05
2018-09-05 18:07:59.150000+00:00,42.6861,141.9294,35.0,6.6,"27 km ESE of Chitose, Japan",earthquake,reviewed,2018-09-06 03:07:59.150000+09:00,2018-09-06
2018-09-05 18:17:10.470000+00:00,42.6389,142.001,35.0,5.3,"32 km E of Tomakomai, Japan",earthquake,reviewed,2018-09-06 03:17:10.470000+09:00,2018-09-06
2018-09-05 18:20:11.460000+00:00,42.59,142.0468,35.0,5.2,"36 km E of Tomakomai, Japan",earthquake,reviewed,2018-09-06 03:20:11.460000+09:00,2018-09-06
2018-09-05 21:11:28.920000+00:00,42.6827,142.0003,29.28,5.3,"32 km ESE of Chitose, Japan",earthquake,reviewed,2018-09-06 06:11:28.920000+09:00,2018-09-06
2018-09-18 16:21:49.100000+00:00,38.4621,141.5577,56.52,5.1,"23 km ENE of Ishinomaki, Japan",earthquake,reviewed,2018-09-19 01:21:49.100000+09:00,2018-09-19
2018-10-04 23:58:48.760000+00:00,42.5988,142.0359,16.92,5.0,"35 km E of Tomakomai, Japan",earthquake,reviewed,2018-10-05 08:58:48.760000+09:00,2018-10-05
2018-10-12 04:15:47.790000+00:00,35.7549,140.7582,34.51,5.2,"7 km WNW of Hasaki, Japan",earthquake,reviewed,2018-10-12 13:15:47.790000+09:00,2018-10-12
2018-10-22 10:47:18.210000+00:00,37.5457,141.4753,43.05,5.0,"42 km E of Namie, Japan",earthquake,reviewed,2018-10-22 19:47:18.210000+09:00,2018-10-22
2018-10-25 18:36:09.090000+00:00,38.3158,141.785,40.0,5.7,"43 km ESE of Ishinomaki, Japan",earthquake,reviewed,2018-10-26 03:36:09.090000+09:00,2018-10-26
2018-10-26 03:04:53.530000+00:00,44.4943,145.4594,10.0,5.6,"57 km NW of Otrada, Russia",earthquake,reviewed,2018-10-26 12:04:53.530000+09:00,2018-10-26
2018-10-26 03:06:18.400000+00:00,44.4486,145.5656,10.0,5.1,"48 km NNW of Otrada, Russia",earthquake,reviewed,2018-10-26 12:06:18.400000+09:00,2018-10-26
2018-10-29 01:27:44.280000+00:00,31.6133,140.2515,94.0,5.5,"Izu Islands, Japan region",earthquake,reviewed,2018-10-29 10:27:44.280000+09:00,2018-10-29
2018-11-02 07:53:54.390000+00:00,33.6719,135.1475,28.2,5.4,"21 km WSW of Tanabe, Japan",earthquake,reviewed,2018-11-02 16:53:54.390000+09:00,2018-11-02
2018-11-04 19:26:03.380000+00:00,44.5478,145.6552,9.0,5.9,"55 km NNW of Otrada, Russia",earthquake,reviewed,2018-11-05 04:26:03.380000+09:00,2018-11-05
2018-11-20 19:09:48.840000+00:00,30.42,130.0667,123.0,5.5,"34 km W of Nagata, Japan",earthquake,reviewed,2018-11-21 04:09:48.840000+09:00,2018-11-21
2018-11-28 02:23:24.910000+00:00,41.3642,143.1793,9.0,5.4,"127 km SSE of Shizunai-furukawach?, Japan",earthquake,reviewed,2018-11-28 11:23:24.910000+09:00,2018-11-28
2018-12-11 00:26:43.760000+00:00,43.7946,146.2874,112.44,5.0,"34 km W of Shikotan, Russia",earthquake,reviewed,2018-12-11 09:26:43.760000+09:00,2018-12-11
2018-12-24 00:18:07.020000+00:00,34.0702,141.6992,13.04,5.6,"174 km SE of Katsuura, Japan",earthquake,reviewed,2018-12-24 09:18:07.020000+09:00,2018-12-24
2018-12-24 00:43:11.310000+00:00,34.0619,141.6226,9.22,5.5,"169 km SE of Katsuura, Japan",earthquake,reviewed,2018-12-24 09:43:11.310000+09:00,2018-12-24
2018-12-25 00:10:30.660000+00:00,34.0316,141.6199,10.0,5.3,"172 km SE of Katsuura, Japan",earthquake,reviewed,2018-12-25 09:10:30.660000+09:00,2018-12-25
2018-12-29 19:08:30.410000+00:00,42.3513,143.079,52.0,5.2,"58 km E of Shizunai-furukawach?, Japan",earthquake,reviewed,2018-12-30 04:08:30.410000+09:00,2018-12-30
2018-12-31 14:10:25.440000+00:00,37.4904,141.4337,44.89,5.1,"38 km E of Namie, Japan",earthquake,reviewed,2018-12-31 23:10:25.440000+09:00,2018-12-31
2019-01-08 12:39:30.950000+00:00,30.5872,131.0441,35.0,6.3,"16 km SSE of Nishinoomote, Japan",earthquake,reviewed,2019-01-08 21:39:30.950000+09:00,2019-01-08
2019-01-14 04:23:41.040000+00:00,36.1902,139.8748,53.43,5.0,"11 km NW of Ishige, Japan",earthquake,reviewed,2019-01-14 13:23:41.040000+09:00,2019-01-14
2019-01-18 12:46:24.200000+00:00,35.8998,140.5698,49.97,5.1,"4 km SSE of Itako, Japan",earthquake,reviewed,2019-01-18 21:46:24.200000+09:00,2019-01-18
2019-01-26 08:23:03.140000+00:00,40.3332,142.2224,48.24,5.5,"64 km ESE of Hachinohe, Japan",earthquake,reviewed,2019-01-26 17:23:03.140000+09:00,2019-01-26
2019-01-29 03:42:26.710000+00:00,34.9588,141.0902,35.0,5.2,"71 km ESE of ?hara, Japan",earthquake,reviewed,2019-01-29 12:42:26.710000+09:00,2019-01-29
2019-02-02 19:10:12.770000+00:00,35.5563,141.106,32.83,5.0,"31 km SE of Hasaki, Japan",earthquake,reviewed,2019-02-03 04:10:12.770000+09:00,2019-02-03
2019-02-21 12:22:40.100000+00:00,42.76,141.9473,28.0,5.4,"25 km ESE of Chitose, Japan",earthquake,reviewed,2019-02-21 21:22:40.100000+09:00,2019-02-21
2019-03-02 15:51:53.110000+00:00,30.8682,142.0072,10.0,5.4,"Izu Islands, Japan region",earthquake,reviewed,2019-03-03 00:51:53.110000+09:00,2019-03-03
2019-03-10 17:10:52.490000+00:00,36.8322,142.3585,13.0,5.7,"133 km E of Iwaki, Japan",earthquake,reviewed,2019-03-11 02:10:52.490000+09:00,2019-03-11
2019-03-10 18:43:42.730000+00:00,36.7315,142.4287,10.0,5.0,"142 km ESE of Iwaki, Japan",earthquake,reviewed,2019-03-11 03:43:42.730000+09:00,2019-03-11
2019-03-13 04:48:49.334000+00:00,33.8114,134.8565,37.25,5.2,"22 km ESE of Anan, Japan",earthquake,reviewed,2019-03-13 13:48:49.334000+09:00,2019-03-13
2019-03-27 00:11:22.461000+00:00,32.1572,131.9791,16.55,5.2,"45 km E of Takanabe, Japan",earthquake,reviewed,2019-03-27 09:11:22.461000+09:00,2019-03-27
2019-03-27 06:38:03.640000+00:00,32.1507,132.1049,19.0,5.3,"57 km E of Takanabe, Japan",earthquake,reviewed,2019-03-27 15:38:03.640000+09:00,2019-03-27
2019-03-29 20:55:42.225000+00:00,30.6159,131.023,27.26,5.1,"13 km S of Nishinoomote, Japan",earthquake,reviewed,2019-03-30 05:55:42.225000+09:00,2019-03-30
2019-04-05 09:56:52.723000+00:00,30.4095,138.6839,383.0,5.9,"Izu Islands, Japan region",earthquake,reviewed,2019-04-05 18:56:52.723000+09:00,2019-04-05
2019-04-11 08:18:21.380000+00:00,40.4096,143.2985,18.0,6.0,"143 km NE of Miyako, Japan",earthquake,reviewed,2019-04-11 17:18:21.380000+09:00,2019-04-11
2019-04-14 20:28:30.721000+00:00,42.4819,144.8206,40.41,5.0,"65 km SSE of Kushiro, Japan",earthquake,reviewed,2019-04-15 05:28:30.721000+09:00,2019-04-15
2019-04-22 17:45:18.131000+00:00,40.6623,143.6948,10.0,5.4,"186 km E of Hachinohe, Japan",earthquake,reviewed,2019-04-23 02:45:18.131000+09:00,2019-04-23
2019-04-27 17:24:45.654000+00:00,42.4547,142.8191,110.52,5.4,"39 km ENE of Shizunai-furukawach?, Japan",earthquake,reviewed,2019-04-28 02:24:45.654000+09:00,2019-04-28
2019-05-04 16:40:24.294000+00:00,43.3501,146.347,35.97,5.1,"58 km SSW of Shikotan, Russia",earthquake,reviewed,2019-05-05 01:40:24.294000+09:00,2019-05-05
2019-05-09 22:43:23.033000+00:00,31.8013,131.8869,22.0,5.6,"46 km ESE of Miyazaki, Japan",earthquake,reviewed,2019-05-10 07:43:23.033000+09:00,2019-05-10
2019-05-09 23:48:42.779000+00:00,31.7772,131.8483,22.0,6.2,"43 km ESE of Miyazaki, Japan",earthquake,reviewed,2019-05-10 08:48:42.779000+09:00,2019-05-10
2019-05-10 00:07:34.725000+00:00,31.6869,131.7848,10.0,5.1,"40 km ENE of Nichinan, Japan",earthquake,reviewed,2019-05-10 09:07:34.725000+09:00,2019-05-10
2019-05-15 05:24:31.606000+00:00,29.7216,130.7116,29.0,5.7,"59 km SSE of Koshima, Japan",earthquake,reviewed,2019-05-15 14:24:31.606000+09:00,2019-05-15
2019-06-18 13:22:19.010000+00:00,38.6391,139.4769,12.0,6.4,"31 km WSW of Tsuruoka, Japan",earthquake,reviewed,2019-06-18 22:22:19.010000+09:00,2019-06-18
2019-06-24 00:11:45.089000+00:00,34.9288,140.01,46.43,5.2,"14 km ESE of Tateyama, Japan",earthquake,reviewed,2019-06-24 09:11:45.089000+09:00,2019-06-24
2019-07-01 00:37:36.037000+00:00,41.2155,142.125,44.45,5.2,"76 km E of Mutsu, Japan",earthquake,reviewed,2019-07-01 09:37:36.037000+09:00,2019-07-01
2019-07-24 22:14:22.388000+00:00,35.1339,140.6881,44.67,5.0,"29 km ESE of ?hara, Japan",earthquake,reviewed,2019-07-25 07:14:22.388000+09:00,2019-07-25
2019-07-27 18:31:07.540000+00:00,33.1492,137.3029,367.0,6.3,"138 km ESE of Shing?, Japan",earthquake,reviewed,2019-07-28 03:31:07.540000+09:00,2019-07-28
2019-07-29 20:37:43.551000+00:00,32.8383,140.569,59.14,5.8,"246 km SSE of Tateyama, Japan",earthquake,reviewed,2019-07-30 05:37:43.551000+09:00,2019-07-30
2019-08-04 10:23:03.726000+00:00,37.7594,141.6031,38.0,6.3,"61 km ENE of Namie, Japan",earthquake,reviewed,2019-08-04 19:23:03.726000+09:00,2019-08-04
2019-08-15 05:32:53.142000+00:00,40.8275,141.2441,86.0,5.4,"19 km NW of Misawa, Japan",earthquake,reviewed,2019-08-15 14:32:53.142000+09:00,2019-08-15
2019-08-17 22:28:37.868000+00:00,30.9286,142.554,10.0,5.0,"Izu Islands, Japan region",earthquake,reviewed,2019-08-18 07:28:37.868000+09:00,2019-08-18
2019-08-24 04:52:46.518000+00:00,37.3338,142.5014,11.6,5.1,"133 km E of Namie, Japan",earthquake,reviewed,2019-08-24 13:52:46.518000+09:00,2019-08-24
2019-08-28 23:46:40.132000+00:00,41.0682,142.9955,23.77,5.9,"141 km ENE of Hachinohe, Japan",earthquake,reviewed,2019-08-29 08:46:40.132000+09:00,2019-08-29
2019-09-07 09:35:50.975000+00:00,41.5937,142.0583,56.79,5.2,"78 km ENE of Mutsu, Japan",earthquake,reviewed,2019-09-07 18:35:50.975000+09:00,2019-09-07
2019-09-30 17:56:08.109000+00:00,43.4467,136.3734,314.06,5.0,"93 km ESE of Ol’ga, Russia",earthquake,reviewed,2019-10-01 02:56:08.109000+09:00,2019-10-01
2019-10-12 09:21:53.070000+00:00,34.7248,140.6235,48.04,5.3,"54 km SSE of Katsuura, Japan",earthquake,reviewed,2019-10-12 18:21:53.070000+09:00,2019-10-12
2019-11-10 10:46:05.040000+00:00,40.2548,143.9904,10.0,5.2,"187 km ENE of Miyako, Japan",earthquake,reviewed,2019-11-10 19:46:05.040000+09:00,2019-11-10
2019-11-22 09:05:08.723000+00:00,31.9093,131.9497,35.0,5.1,"49 km ESE of Takanabe, Japan",earthquake,reviewed,2019-11-22 18:05:08.723000+09:00,2019-11-22
2019-11-29 04:01:40.285000+00:00,39.1619,143.017,19.0,5.4,"off the east coast of Honshu, Japan",earthquake,reviewed,2019-11-29 13:01:40.285000+09:00,2019-11-29
2019-12-04 01:38:55.815000+00:00,36.8425,140.4263,26.94,5.0,"10 km NE of Daigo, Japan",earthquake,reviewed,2019-12-04 10:38:55.815000+09:00,2019-12-04
2019-12-10 17:05:02.138000+00:00,30.7269,141.7195,11.0,5.8,"Izu Islands, Japan region",earthquake,reviewed,2019-12-11 02:05:02.138000+09:00,2019-12-11
2019-12-10 17:29:01.063000+00:00,30.737,141.7257,10.63,5.1,"Izu Islands, Japan region",earthquake,reviewed,2019-12-11 02:29:01.063000+09:00,2019-12-11
2019-12-11 09:39:08.902000+00:00,37.7626,141.8258,44.85,5.2,"79 km ENE of Namie, Japan",earthquake,reviewed,2019-12-11 18:39:08.902000+09:00,2019-12-11
2019-12-19 06:21:33.362000+00:00,40.5559,142.066,49.32,5.1,"48 km E of Hachinohe, Japan",earthquake,reviewed,2019-12-19 15:21:33.362000+09:00,2019-12-19
2019-12-20 19:40:52.538000+00:00,32.8613,142.6603,10.0,5.2,"Izu Islands, Japan region",earthquake,reviewed,2019-12-21 04:40:52.538000+09:00,2019-12-21
2019-12-24 14:36:54.098000+00:00,43.6018,146.0657,93.93,5.0,"50 km SSE of Yuzhno-Kurilsk, Russia",earthquake,reviewed,2019-12-24 23:36:54.098000+09:00,2019-12-24
2019-12-25 08:58:03.061000+00:00,31.4928,139.9304,118.59,5.0,"Izu Islands, Japan region",earthquake,reviewed,2019-12-25 17:58:03.061000+09:00,2019-12-25
2020-01-02 18:23:53.135000+00:00,35.8098,141.249,31.0,5.7,"38 km ENE of Hasaki, Japan",earthquake,reviewed,2020-01-03 03:23:53.135000+09:00,2020-01-03
2020-01-13 19:53:48.042000+00:00,36.0821,139.9162,40.94,5.0,"3 km NNE of Iwai, Japan",earthquake,reviewed,2020-01-14 04:53:48.042000+09:00,2020-01-14
2020-01-15 11:31:34.840000+00:00,42.9468,145.2356,77.95,5.0,"50 km SSW of Nemuro, Japan",earthquake,reviewed,2020-01-15 20:31:34.840000+09:00,2020-01-15
2020-01-28 01:36:03.649000+00:00,43.5274,145.911,91.0,5.4,"35 km NE of Nemuro, Japan",earthquake,reviewed,2020-01-28 10:36:03.649000+09:00,2020-01-28
2020-01-31 16:11:21.024000+00:00,35.6513,140.7281,35.43,5.2,"10 km SE of Asahi, Japan",earthquake,reviewed,2020-02-01 01:11:21.024000+09:00,2020-02-01
2020-01-31 17:07:46.302000+00:00,35.884,140.0639,64.0,5.3,"2 km SW of Toride, Japan",earthquake,reviewed,2020-02-01 02:07:46.302000+09:00,2020-02-01
2020-02-06 11:19:56.405000+00:00,36.2822,141.8024,10.0,5.3,"106 km NE of Hasaki, Japan",earthquake,reviewed,2020-02-06 20:19:56.405000+09:00,2020-02-06
2020-02-12 10:37:18.660000+00:00,37.3216,141.3807,77.87,5.2,"38 km ESE of Namie, Japan",earthquake,reviewed,2020-02-12 19:37:18.660000+09:00,2020-02-12
2020-03-12 17:18:46.197000+00:00,37.2745,136.878,10.0,5.3,"26 km NNW of Nanao, Japan",earthquake,reviewed,2020-03-13 02:18:46.197000+09:00,2020-03-13
2020-03-17 15:10:32.414000+00:00,42.3191,138.3524,230.25,5.0,"191 km WSW of Iwanai, Japan",earthquake,reviewed,2020-03-18 00:10:32.414000+09:00,2020-03-18
2020-04-19 20:39:05.639000+00:00,38.8953,142.0049,38.0,6.3,"31 km SE of ?funato, Japan",earthquake,reviewed,2020-04-20 05:39:05.639000+09:00,2020-04-20
2020-04-23 04:44:23.106000+00:00,36.1663,137.7785,10.0,5.2,"18 km WNW of Shiojiri, Japan",earthquake,reviewed,2020-04-23 13:44:23.106000+09:00,2020-04-23
2020-04-23 19:52:26.471000+00:00,41.509,141.9289,53.34,5.2,"64 km ENE of Mutsu, Japan",earthquake,reviewed,2020-04-24 04:52:26.471000+09:00,2020-04-24
2020-04-26 14:02:13.797000+00:00,42.1306,144.9447,10.0,5.0,"104 km SSE of Kushiro, Japan",earthquake,reviewed,2020-04-26 23:02:13.797000+09:00,2020-04-26
2020-04-30 03:15:21.414000+00:00,40.9219,142.7766,36.18,5.2,"117 km ENE of Hachinohe, Japan",earthquake,reviewed,2020-04-30 12:15:21.414000+09:00,2020-04-30
2020-05-04 03:03:10.711000+00:00,31.0366,141.8704,10.0,5.3,"Izu Islands, Japan region",earthquake,reviewed,2020-05-04 12:03:10.711000+09:00,2020-05-04
2020-05-04 13:07:48.414000+00:00,35.6865,140.8749,42.42,5.6,"6 km SE of Hasaki, Japan",earthquake,reviewed,2020-05-04 22:07:48.414000+09:00,2020-05-04
2020-05-05 16:57:08.845000+00:00,35.5589,140.0548,71.19,5.1,"5 km NNW of Ichihara, Japan",earthquake,reviewed,2020-05-06 01:57:08.845000+09:00,2020-05-06
2020-05-10 23:58:33.700000+00:00,36.3571,141.1273,31.0,5.8,"49 km E of ?arai, Japan",earthquake,reviewed,2020-05-11 08:58:33.700000+09:00,2020-05-11
2020-05-13 05:56:28.624000+00:00,42.7419,139.0038,192.61,5.0,"125 km WSW of Iwanai, Japan",earthquake,reviewed,2020-05-13 14:56:28.624000+09:00,2020-05-13
2020-05-18 03:00:38.394000+00:00,38.2166,141.676,46.75,5.0,"39 km SE of Ishinomaki, Japan",earthquake,reviewed,2020-05-18 12:00:38.394000+09:00,2020-05-18
2020-05-19 03:17:13.037000+00:00,37.6158,141.2772,44.28,5.1,"28 km ENE of Namie, Japan",earthquake,reviewed,2020-05-19 12:17:13.037000+09:00,2020-05-19
2020-05-19 04:12:59.967000+00:00,36.2846,137.6865,10.0,5.2,"18 km WSW of Hotaka, Japan",earthquake,reviewed,2020-05-19 13:12:59.967000+09:00,2020-05-19
2020-05-24 09:36:14.771000+00:00,31.3991,140.0975,120.78,5.2,"Izu Islands, Japan region",earthquake,reviewed,2020-05-24 18:36:14.771000+09:00,2020-05-24
2020-05-26 05:57:58.530000+00:00,34.1313,141.5869,10.0,5.0,"162 km SE of Katsuura, Japan",earthquake,reviewed,2020-05-26 14:57:58.530000+09:00,2020-05-26
2020-05-29 10:05:17.538000+00:00,36.2341,137.7537,10.0,5.1,"15 km WSW of Toyoshina, Japan",earthquake,reviewed,2020-05-29 19:05:17.538000+09:00,2020-05-29
2020-05-30 18:13:48.078000+00:00,42.4803,143.8087,89.0,5.6,"69 km SE of Obihiro, Japan",earthquake,reviewed,2020-05-31 03:13:48.078000+09:00,2020-05-31
2020-05-31 21:02:11.329000+00:00,36.2034,140.3648,98.61,5.2,"9 km ENE of Ishioka, Japan",earthquake,reviewed,2020-06-01 06:02:11.329000+09:00,2020-06-01
2020-06-02 15:41:15.738000+00:00,37.637,144.5055,10.0,5.0,"291 km SE of ?funato, Japan",earthquake,reviewed,2020-06-03 00:41:15.738000+09:00,2020-06-03
2020-06-24 19:47:45.011000+00:00,35.4711,141.0738,29.05,5.9,"36 km SE of Hasaki, Japan",earthquake,reviewed,2020-06-25 04:47:45.011000+09:00,2020-06-25
2020-06-29 09:52:49.620000+00:00,33.8765,141.7348,10.0,5.3,"191 km SE of Katsuura, Japan",earthquake,reviewed,2020-06-29 18:52:49.620000+09:00,2020-06-29
2020-07-06 18:19:09.971000+00:00,31.5275,138.1263,388.56,5.7,"Izu Islands, Japan region",earthquake,reviewed,2020-07-07 03:19:09.971000+09:00,2020-07-07
2020-07-16 20:03:09.371000+00:00,30.3192,136.7827,499.68,5.1,"southeast of Shikoku, Japan",earthquake,reviewed,2020-07-17 05:03:09.371000+09:00,2020-07-17
2020-07-30 00:35:56.884000+00:00,30.6287,141.7721,14.25,5.8,"Izu Islands, Japan region",earthquake,reviewed,2020-07-30 09:35:56.884000+09:00,2020-07-30
2020-08-04 11:21:36.914000+00:00,34.4743,140.3786,75.02,5.0,"73 km SE of Tateyama, Japan",earthquake,reviewed,2020-08-04 20:21:36.914000+09:00,2020-08-04
2020-08-05 17:54:02.336000+00:00,36.1405,141.8415,28.0,5.3,"101 km ENE of Hasaki, Japan",earthquake,reviewed,2020-08-06 02:54:02.336000+09:00,2020-08-06
2020-08-06 03:06:33.732000+00:00,37.4219,138.6742,165.32,5.1,"12 km ENE of Kashiwazaki, Japan",earthquake,reviewed,2020-08-06 12:06:33.732000+09:00,2020-08-06
2020-08-06 15:34:44.170000+00:00,33.7517,136.7776,376.26,5.2,"63 km ESE of Owase, Japan",earthquake,reviewed,2020-08-07 00:34:44.170000+09:00,2020-08-07
2020-08-22 10:31:22.685000+00:00,31.0513,141.7219,10.0,5.2,"Izu Islands, Japan region",earthquake,reviewed,2020-08-22 19:31:22.685000+09:00,2020-08-22
2020-09-02 10:35:44.364000+00:00,43.135,145.7946,55.67,5.0,"27 km SE of Nemuro, Japan",earthquake,reviewed,2020-09-02 19:35:44.364000+09:00,2020-09-02
2020-09-03 21:45:09.203000+00:00,37.1282,142.5643,35.0,5.3,"144 km ESE of Namie, Japan",earthquake,reviewed,2020-09-04 06:45:09.203000+09:00,2020-09-04
2020-09-06 21:33:49.084000+00:00,36.6583,141.5674,31.19,5.1,"74 km ESE of Kitaibaraki, Japan",earthquake,reviewed,2020-09-07 06:33:49.084000+09:00,2020-09-07
2020-09-11 22:13:55.059000+00:00,42.4938,141.5447,131.61,5.0,"16 km SSW of Tomakomai, Japan",earthquake,reviewed,2020-09-12 07:13:55.059000+09:00,2020-09-12
2020-09-12 02:44:11.224000+00:00,38.7482,142.2446,34.0,6.1,"58 km SE of ?funato, Japan",earthquake,reviewed,2020-09-12 11:44:11.224000+09:00,2020-09-12
2020-09-12 02:50:43.442000+00:00,38.6814,142.3417,38.76,5.0,"69 km SE of ?funato, Japan",earthquake,reviewed,2020-09-12 11:50:43.442000+09:00,2020-09-12
2020-10-03 09:31:31.262000+00:00,33.4766,140.9412,28.85,5.8,"193 km SSE of Katsuura, Japan",earthquake,reviewed,2020-10-03 18:31:31.262000+09:00,2020-10-03
2020-10-03 12:26:27.715000+00:00,29.8895,130.7336,34.17,5.1,"42 km SSE of Koshima, Japan",earthquake,reviewed,2020-10-03 21:26:27.715000+09:00,2020-10-03
2020-10-12 00:28:31.773000+00:00,29.4688,139.3416,411.43,5.1,"Izu Islands, Japan region",earthquake,reviewed,2020-10-12 09:28:31.773000+09:00,2020-10-12
2020-11-06 08:56:38.063000+00:00,40.9903,143.255,12.0,5.5,"157 km ENE of Hachinohe, Japan",earthquake,reviewed,2020-11-06 17:56:38.063000+09:00,2020-11-06
2020-11-06 09:17:04.530000+00:00,40.915,143.2374,10.0,5.0,"153 km ENE of Hachinohe, Japan",earthquake,reviewed,2020-11-06 18:17:04.530000+09:00,2020-11-06
2020-11-06 17:16:54.730000+00:00,40.9265,143.3621,21.0,5.2,"164 km ENE of Hachinohe, Japan",earthquake,reviewed,2020-11-07 02:16:54.730000+09:00,2020-11-07
2020-11-07 21:30:44.700000+00:00,32.3486,141.6979,9.28,5.2,"Izu Islands, Japan region",earthquake,reviewed,2020-11-08 06:30:44.700000+09:00,2020-11-08
2020-11-18 01:00:45.231000+00:00,32.1835,137.8951,366.31,5.1,"247 km SE of Shing?, Japan",earthquake,reviewed,2020-11-18 10:00:45.231000+09:00,2020-11-18
2020-11-22 10:05:53.849000+00:00,36.5889,141.1105,33.0,5.5,"37 km ESE of Takahagi, Japan",earthquake,reviewed,2020-11-22 19:05:53.849000+09:00,2020-11-22
2020-12-12 07:18:54.231000+00:00,40.1213,142.0551,44.0,5.5,"53 km N of Miyako, Japan",earthquake,reviewed,2020-12-12 16:18:54.231000+09:00,2020-12-12
2020-12-16 01:28:07.061000+00:00,42.7117,144.1756,50.14,5.0,"33 km SSW of Kushiro, Japan",earthquake,reviewed,2020-12-16 10:28:07.061000+09:00,2020-12-16
2020-12-20 17:23:22.668000+00:00,40.8667,142.5814,35.0,6.3,"100 km ENE of Hachinohe, Japan",earthquake,reviewed,2020-12-21 02:23:22.668000+09:00,2020-12-21
2020-12-30 00:35:27.718000+00:00,36.4858,140.6097,43.47,5.0,"4 km ENE of Funaishikawa, Japan",earthquake,reviewed,2020-12-30 09:35:27.718000+09:00,2020-12-30
2021-01-12 02:39:43.421000+00:00,43.7004,139.9863,214.0,5.9,"84 km NW of Yoichi, Japan",earthquake,reviewed,2021-01-12 11:39:43.421000+09:00,2021-01-12
2021-01-15 13:38:19.475000+00:00,33.867,137.213,359.74,5.2,"76 km SSE of Toba, Japan",earthquake,reviewed,2021-01-15 22:38:19.475000+09:00,2021-01-15
2021-01-23 05:39:18.366000+00:00,42.322,142.6196,108.19,5.0,"20 km E of Shizunai-furukawach?, Japan",earthquake,reviewed,2021-01-23 14:39:18.366000+09:00,2021-01-23
2021-01-27 05:06:53.279000+00:00,42.7117,141.9609,115.63,5.2,"27 km ESE of Chitose, Japan",earthquake,reviewed,2021-01-27 14:06:53.279000+09:00,2021-01-27
2021-02-08 14:23:59.729000+00:00,42.3125,145.0164,27.95,5.0,"90 km SE of Kushiro, Japan",earthquake,reviewed,2021-02-08 23:23:59.729000+09:00,2021-02-08
2021-02-09 03:39:28.724000+00:00,30.052,131.0214,35.0,5.0,"51 km ESE of Koshima, Japan",earthquake,reviewed,2021-02-09 12:39:28.724000+09:00,2021-02-09
2021-02-09 07:07:57.310000+00:00,31.3061,140.7048,64.51,5.3,"Izu Islands, Japan region",earthquake,reviewed,2021-02-09 16:07:57.310000+09:00,2021-02-09
2021-02-13 14:07:49.797000+00:00,37.7265,141.7751,43.98,7.1,"73 km ENE of Namie, Japan",earthquake,reviewed,2021-02-13 23:07:49.797000+09:00,2021-02-13
2021-02-13 14:51:41.261000+00:00,37.6932,141.7615,45.1,5.4,"71 km ENE of Namie, Japan",earthquake,reviewed,2021-02-13 23:51:41.261000+09:00,2021-02-13
2021-02-13 18:25:27.375000+00:00,39.0864,142.5717,40.34,5.2,"64 km ESE of Kamaishi, Japan",earthquake,reviewed,2021-02-14 03:25:27.375000+09:00,2021-02-14
2021-02-14 07:31:49.636000+00:00,37.4871,141.5323,43.66,5.1,"47 km E of Namie, Japan",earthquake,reviewed,2021-02-14 16:31:49.636000+09:00,2021-02-14
2021-02-15 12:26:03.969000+00:00,37.4864,141.5837,35.36,5.3,"51 km E of Namie, Japan",earthquake,reviewed,2021-02-15 21:26:03.969000+09:00,2021-02-15
2021-02-15 12:26:17.164000+00:00,37.5475,141.3336,30.18,5.4,"30 km ENE of Namie, Japan",earthquake,reviewed,2021-02-15 21:26:17.164000+09:00,2021-02-15
2021-02-19 16:16:27.337000+00:00,40.7273,142.7148,32.27,5.0,"105 km ENE of Hachinohe, Japan",earthquake,reviewed,2021-02-20 01:16:27.337000+09:00,2021-02-20
2021-02-28 14:30:15.934000+00:00,30.1656,131.1,30.18,5.1,"49 km ESE of Koseda, Japan",earthquake,reviewed,2021-02-28 23:30:15.934000+09:00,2021-02-28
2021-03-15 19:56:17.642000+00:00,36.1742,139.7703,56.38,5.0,"4 km ESE of Koga, Japan",earthquake,reviewed,2021-03-16 04:56:17.642000+09:00,2021-03-16
2021-03-17 08:28:48.740000+00:00,37.6781,141.6127,45.92,5.0,"58 km ENE of Namie, Japan",earthquake,reviewed,2021-03-17 17:28:48.740000+09:00,2021-03-17
2021-03-20 09:09:43.966000+00:00,38.4515,141.6477,43.0,7.0,"30 km E of Ishinomaki, Japan",earthquake,reviewed,2021-03-20 18:09:43.966000+09:00,2021-03-20
2021-03-28 00:26:55.783000+00:00,33.6313,140.2781,40.0,5.7,"154 km SSE of Tateyama, Japan",earthquake,reviewed,2021-03-28 09:26:55.783000+09:00,2021-03-28
2021-04-12 14:01:48.019000+00:00,29.3324,129.4965,10.0,5.2,"107 km N of Naze, Japan",earthquake,reviewed,2021-04-12 23:01:48.019000+09:00,2021-04-12
2021-04-18 00:29:11.489000+00:00,38.3481,141.95,41.0,5.6,"57 km E of Ishinomaki, Japan",earthquake,reviewed,2021-04-18 09:29:11.489000+09:00,2021-04-18
2021-04-18 00:29:25.096000+00:00,38.2543,141.8817,31.43,5.6,"53 km ESE of Ishinomaki, Japan",earthquake,reviewed,2021-04-18 09:29:25.096000+09:00,2021-04-18
2021-05-01 01:27:27.215000+00:00,38.1997,141.5973,43.0,6.9,"30 km SSE of Onagawa Ch?, Japan",earthquake,reviewed,2021-05-01 10:27:27.215000+09:00,2021-05-01
2021-05-04 18:10:43.134000+00:00,37.1861,141.8522,9.5,5.0,"82 km ESE of Namie, Japan",earthquake,reviewed,2021-05-05 03:10:43.134000+09:00,2021-05-05
2021-05-08 04:19:07.784000+00:00,31.9824,140.3369,87.97,5.1,"Izu Islands, Japan region",earthquake,reviewed,2021-05-08 13:19:07.784000+09:00,2021-05-08
2021-05-13 23:58:14.041000+00:00,37.7169,141.8167,32.0,6.0,"76 km ENE of Namie, Japan",earthquake,reviewed,2021-05-14 08:58:14.041000+09:00,2021-05-14
2021-05-16 03:23:53.371000+00:00,42.0159,144.4738,9.0,5.7,"106 km S of Kushiro, Japan",earthquake,reviewed,2021-05-16 12:23:53.371000+09:00,2021-05-16
2021-05-28 23:21:04.119000+00:00,36.3194,142.1212,10.0,5.2,"133 km ENE of Hasaki, Japan",earthquake,reviewed,2021-05-29 08:21:04.119000+09:00,2021-05-29
2021-05-29 00:42:52.476000+00:00,36.4413,141.9959,10.0,5.0,"117 km ESE of Kitaibaraki, Japan",earthquake,reviewed,2021-05-29 09:42:52.476000+09:00,2021-05-29
2021-05-29 01:02:41.087000+00:00,36.3105,141.9873,12.04,5.5,"122 km ENE of Hasaki, Japan",earthquake,reviewed,2021-05-29 10:02:41.087000+09:00,2021-05-29
2021-05-31 22:04:42.354000+00:00,33.1624,142.6369,10.0,5.2,"off the east coast of Honshu, Japan",earthquake,reviewed,2021-06-01 07:04:42.354000+09:00,2021-06-01
2021-06-06 18:11:07.095000+00:00,34.5639,140.2966,85.66,5.0,"60 km SE of Tateyama, Japan",earthquake,reviewed,2021-06-07 03:11:07.095000+09:00,2021-06-07
2021-06-08 15:29:01.059000+00:00,36.4075,143.0603,10.0,5.3,"207 km ESE of Iwaki, Japan",earthquake,reviewed,2021-06-09 00:29:01.059000+09:00,2021-06-09
2021-06-09 13:05:55.860000+00:00,40.1213,142.3654,42.51,5.0,"63 km NE of Miyako, Japan",earthquake,reviewed,2021-06-09 22:05:55.860000+09:00,2021-06-09
2021-06-20 11:08:24.615000+00:00,43.5582,142.6172,151.93,5.3,"29 km NE of Shimo-furano, Japan",earthquake,reviewed,2021-06-20 20:08:24.615000+09:00,2021-06-20
2021-06-29 05:55:51.020000+00:00,31.7709,131.7087,49.86,5.0,"32 km ESE of Miyazaki, Japan",earthquake,reviewed,2021-06-29 14:55:51.020000+09:00,2021-06-29
2021-07-08 11:17:27.109000+00:00,31.9596,143.6793,10.0,5.2,"Izu Islands, Japan region",earthquake,reviewed,2021-07-08 20:17:27.109000+09:00,2021-07-08
2021-07-09 20:23:44.792000+00:00,37.2826,143.7541,19.07,5.3,"244 km E of Namie, Japan",earthquake,reviewed,2021-07-10 05:23:44.792000+09:00,2021-07-10
2021-07-16 04:19:57.961000+00:00,33.2825,139.5273,11.53,5.4,"163 km SSE of Shimoda, Japan",earthquake,reviewed,2021-07-16 13:19:57.961000+09:00,2021-07-16
2021-07-17 11:49:59.304000+00:00,33.6171,131.825,63.64,5.2,"29 km NE of Kitsuki, Japan",earthquake,reviewed,2021-07-17 20:49:59.304000+09:00,2021-07-17
2021-07-26 02:16:15.813000+00:00,41.4815,142.0615,55.88,5.2,"73 km ENE of Mutsu, Japan",earthquake,reviewed,2021-07-26 11:16:15.813000+09:00,2021-07-26
2021-07-31 05:26:05.128000+00:00,43.3488,141.6214,167.77,5.0,"16 km NNE of T?betsu, Japan",earthquake,reviewed,2021-07-31 14:26:05.128000+09:00,2021-07-31
2021-08-03 10:29:17.615000+00:00,36.1948,141.9343,16.99,5.0,"111 km ENE of Hasaki, Japan",earthquake,reviewed,2021-08-03 19:29:17.615000+09:00,2021-08-03
2021-08-03 20:33:34.791000+00:00,36.0981,142.1045,27.0,5.8,"121 km ENE of Hasaki, Japan",earthquake,reviewed,2021-08-04 05:33:34.791000+09:00,2021-08-04
2021-08-03 20:43:10.211000+00:00,36.1397,142.1001,10.0,5.2,"off the east coast of Honshu, Japan",earthquake,reviewed,2021-08-04 05:43:10.211000+09:00,2021-08-04
2021-08-04 04:40:25.422000+00:00,36.1778,141.8625,14.0,5.4,"105 km ENE of Hasaki, Japan",earthquake,reviewed,2021-08-04 13:40:25.422000+09:00,2021-08-04
2021-08-18 09:44:07.999000+00:00,29.6565,141.4379,39.23,5.1,"Izu Islands, Japan region",earthquake,reviewed,2021-08-18 18:44:07.999000+09:00,2021-08-18
2021-08-21 21:55:39.639000+00:00,36.0387,142.4909,10.0,5.2,"153 km ENE of Hasaki, Japan",earthquake,reviewed,2021-08-22 06:55:39.639000+09:00,2021-08-22
2021-08-22 02:24:35.187000+00:00,37.582,141.7748,56.96,5.3,"69 km E of Namie, Japan",earthquake,reviewed,2021-08-22 11:24:35.187000+09:00,2021-08-22
2021-08-25 10:18:17.193000+00:00,29.6692,141.4309,40.06,5.1,"Izu Islands, Japan region",earthquake,reviewed,2021-08-25 19:18:17.193000+09:00,2021-08-25
2021-08-26 20:49:04.823000+00:00,36.4405,141.2803,26.49,5.0,"59 km ESE of Takahagi, Japan",earthquake,reviewed,2021-08-27 05:49:04.823000+09:00,2021-08-27
2021-09-09 04:11:49.846000+00:00,29.3592,142.1808,10.0,5.4,"Izu Islands, Japan region",earthquake,reviewed,2021-09-09 13:11:49.846000+09:00,2021-09-09
2021-09-13 22:46:06.357000+00:00,32.4784,137.8572,370.0,5.8,"223 km SE of Shing?, Japan",earthquake,reviewed,2021-09-14 07:46:06.357000+09:00,2021-09-14
2021-09-19 08:18:32.645000+00:00,36.2633,137.7364,10.0,5.1,"15 km WSW of Toyoshina, Japan",earthquake,reviewed,2021-09-19 17:18:32.645000+09:00,2021-09-19
2021-09-21 10:19:56.265000+00:00,29.6532,142.3847,10.0,5.2,"Izu Islands, Japan region",earthquake,reviewed,2021-09-21 19:19:56.265000+09:00,2021-09-21
2021-09-29 08:37:05.619000+00:00,38.8893,135.4527,364.0,6.1,"243 km NNW of Nanao, Japan",earthquake,reviewed,2021-09-29 17:37:05.619000+09:00,2021-09-29
2021-10-05 17:46:02.970000+00:00,40.0529,142.141,55.0,5.7,"48 km NNE of Miyako, Japan",earthquake,reviewed,2021-10-06 02:46:02.970000+09:00,2021-10-06
2021-10-06 08:12:53.588000+00:00,31.1971,131.4859,24.46,5.4,"39 km SE of Kushima, Japan",earthquake,reviewed,2021-10-06 17:12:53.588000+09:00,2021-10-06
2021-10-07 13:41:24.528000+00:00,35.5736,140.0705,62.0,5.9,"5 km SW of Chiba, Japan",earthquake,reviewed,2021-10-07 22:41:24.528000+09:00,2021-10-07
2021-10-09 05:31:59.595000+00:00,40.0765,142.2057,52.66,5.0,"52 km NNE of Miyako, Japan",earthquake,reviewed,2021-10-09 14:31:59.595000+09:00,2021-10-09
2021-10-17 02:32:07.578000+00:00,29.4559,130.6225,24.62,5.1,"86 km S of Koshima, Japan",earthquake,reviewed,2021-10-17 11:32:07.578000+09:00,2021-10-17
2021-10-19 12:36:37.809000+00:00,41.5122,142.8248,38.37,5.3,"98 km SSE of Shizunai-furukawach?, Japan",earthquake,reviewed,2021-10-19 21:36:37.809000+09:00,2021-10-19
2021-10-21 08:36:47.973000+00:00,32.1131,138.1614,335.78,5.5,"271 km SE of Shing?, Japan",earthquake,reviewed,2021-10-21 17:36:47.973000+09:00,2021-10-21
2021-10-31 21:14:47.630000+00:00,36.5337,140.5277,55.3,5.2,"8 km NNW of Funaishikawa, Japan",earthquake,reviewed,2021-11-01 06:14:47.630000+09:00,2021-11-01
2021-11-29 12:40:44.400000+00:00,31.196,142.5026,11.0,6.3,"Izu Islands, Japan region",earthquake,reviewed,2021-11-29 21:40:44.400000+09:00,2021-11-29
2021-11-30 06:53:34.578000+00:00,31.217,142.4377,20.07,5.5,"Izu Islands, Japan region",earthquake,reviewed,2021-11-30 15:53:34.578000+09:00,2021-11-30
2021-11-30 18:27:38.429000+00:00,31.1227,142.3142,10.0,5.0,"Izu Islands, Japan region",earthquake,reviewed,2021-12-01 03:27:38.429000+09:00,2021-12-01
2021-12-01 16:58:36.635000+00:00,36.1875,140.0911,51.68,5.0,"1 km SSW of Tsukuba, Japan",earthquake,reviewed,2021-12-02 01:58:36.635000+09:00,2021-12-02
2021-12-03 00:28:28.249000+00:00,33.8337,135.0775,12.08,5.2,"10 km WSW of Gob?, Japan",earthquake,reviewed,2021-12-03 09:28:28.249000+09:00,2021-12-03
2021-12-08 07:22:18.697000+00:00,37.7511,141.6418,54.16,5.1,"63 km ENE of Namie, Japan",earthquake,reviewed,2021-12-08 16:22:18.697000+09:00,2021-12-08
2021-12-09 02:05:07.684000+00:00,29.4132,129.3846,7.0,6.0,"116 km N of Naze, Japan",earthquake,reviewed,2021-12-09 11:05:07.684000+09:00,2021-12-09
2021-12-20 16:05:25.749000+00:00,42.3918,142.6649,40.84,5.1,"25 km ENE of Shizunai-furukawach?, Japan",earthquake,reviewed,2021-12-21 01:05:25.749000+09:00,2021-12-21
2021-12-21 16:42:40.753000+00:00,31.2206,142.2798,10.0,5.1,"Izu Islands, Japan region",earthquake,reviewed,2021-12-22 01:42:40.753000+09:00,2021-12-22
2021-12-21 16:46:59.399000+00:00,31.1064,142.3123,10.0,5.0,"Izu Islands, Japan region",earthquake,reviewed,2021-12-22 01:46:59.399000+09:00,2021-12-22
2022-01-21 16:08:37.210000+00:00,32.7282,132.0386,39.0,6.3,"27 km SSE of Saiki, Japan",earthquake,reviewed,2022-01-22 01:08:37.210000+09:00,2022-01-22
2022-01-28 16:32:30.002000+00:00,38.618,144.8209,10.0,5.0,"265 km ESE of Yamada, Japan",earthquake,reviewed,2022-01-29 01:32:30.002000+09:00,2022-01-29
2022-02-18 02:55:07.832000+00:00,38.2149,141.689,56.19,5.1,"40 km ESE of Ishinomaki, Japan",earthquake,reviewed,2022-02-18 11:55:07.832000+09:00,2022-02-18
2022-02-21 20:59:23.674000+00:00,29.5407,140.8144,98.08,5.0,"Izu Islands, Japan region",earthquake,reviewed,2022-02-22 05:59:23.674000+09:00,2022-02-22
2022-03-04 22:29:45.422000+00:00,39.606,143.6959,10.0,5.1,"150 km E of Miyako, Japan",earthquake,reviewed,2022-03-05 07:29:45.422000+09:00,2022-03-05
2022-03-16 14:34:27.453000+00:00,37.6468,141.6735,57.18,6.0,"62 km ENE of Namie, Japan",earthquake,reviewed,2022-03-16 23:34:27.453000+09:00,2022-03-16
2022-03-16 14:36:30.997000+00:00,37.7132,141.5793,41.0,7.3,"57 km ENE of Namie, Japan",earthquake,reviewed,2022-03-16 23:36:30.997000+09:00,2022-03-16
2022-03-16 14:43:43.790000+00:00,37.8532,142.1402,49.07,5.3,"96 km SE of Ishinomaki, Japan",earthquake,reviewed,2022-03-16 23:43:43.790000+09:00,2022-03-16
2022-03-16 14:45:57.757000+00:00,37.8632,141.765,66.74,5.0,"73 km SSE of Ishinomaki, Japan",earthquake,reviewed,2022-03-16 23:45:57.757000+09:00,2022-03-16
2022-03-16 14:46:30.074000+00:00,37.8641,141.7954,58.56,5.2,"75 km SE of Ishinomaki, Japan",earthquake,reviewed,2022-03-16 23:46:30.074000+09:00,2022-03-16
2022-03-16 14:49:09.810000+00:00,37.7798,141.9317,60.41,5.2,"88 km ENE of Namie, Japan",earthquake,reviewed,2022-03-16 23:49:09.810000+09:00,2022-03-16
2022-03-16 15:52:29.990000+00:00,37.8061,141.8531,55.01,5.5,"83 km SE of Ishinomaki, Japan",earthquake,reviewed,2022-03-17 00:52:29.990000+09:00,2022-03-17
2022-03-18 14:25:18.916000+00:00,40.1122,141.977,29.59,5.1,"51 km N of Miyako, Japan",earthquake,reviewed,2022-03-18 23:25:18.916000+09:00,2022-03-18
2022-03-18 15:57:48.457000+00:00,37.7666,141.7811,51.92,5.1,"75 km ENE of Namie, Japan",earthquake,reviewed,2022-03-19 00:57:48.457000+09:00,2022-03-19
2022-03-25 03:08:16.113000+00:00,37.5778,141.3624,40.43,5.2,"near the east coast of Honshu, Japan",earthquake,reviewed,2022-03-25 12:08:16.113000+09:00,2022-03-25
2022-03-26 23:15:31.808000+00:00,42.3727,142.9779,55.41,5.0,"50 km E of Shizunai-furukawach?, Japan",earthquake,reviewed,2022-03-27 08:15:31.808000+09:00,2022-03-27
2022-04-01 01:32:41.869000+00:00,30.6765,141.688,28.65,5.1,"Izu Islands, Japan region",earthquake,reviewed,2022-04-01 10:32:41.869000+09:00,2022-04-01
2022-04-04 10:29:03.977000+00:00,37.3748,141.6836,33.83,5.4,"61 km ESE of Namie, Japan",earthquake,reviewed,2022-04-04 19:29:03.977000+09:00,2022-04-04
2022-04-10 09:43:15.488000+00:00,36.1963,141.499,26.45,5.0,"79 km NE of Hasaki, Japan",earthquake,reviewed,2022-04-10 18:43:15.488000+09:00,2022-04-10
2022-04-18 23:16:00.135000+00:00,36.9242,140.3142,94.75,5.3,"17 km N of Daigo, Japan",earthquake,reviewed,2022-04-19 08:16:00.135000+09:00,2022-04-19
2022-04-24 08:16:13.098000+00:00,41.7585,143.7955,36.44,5.2,"134 km ESE of Shizunai-furukawach?, Japan",earthquake,reviewed,2022-04-24 17:16:13.098000+09:00,2022-04-24
2022-05-02 03:14:28.349000+00:00,31.3688,138.7451,10.0,5.3,"Izu Islands, Japan region",earthquake,reviewed,2022-05-02 12:14:28.349000+09:00,2022-05-02
2022-05-02 07:08:13.847000+00:00,31.6372,131.7001,28.01,5.1,"31 km E of Nichinan, Japan",earthquake,reviewed,2022-05-02 16:08:13.847000+09:00,2022-05-02
2022-05-05 09:42:03.414000+00:00,36.1599,139.7938,65.13,5.0,"6 km N of Sakai, Japan",earthquake,reviewed,2022-05-05 18:42:03.414000+09:00,2022-05-05
2022-05-09 08:33:07.436000+00:00,34.534,136.895,328.96,5.3,"7 km NE of Toba, Japan",earthquake,reviewed,2022-05-09 17:33:07.436000+09:00,2022-05-09
2022-05-17 06:04:53.424000+00:00,33.3852,141.6529,10.0,5.5,"230 km SSE of Katsuura, Japan",earthquake,reviewed,2022-05-17 15:04:53.424000+09:00,2022-05-17
2022-05-17 07:19:59.078000+00:00,33.2921,141.4124,10.0,5.2,"229 km SSE of Katsuura, Japan",earthquake,reviewed,2022-05-17 16:19:59.078000+09:00,2022-05-17
2022-05-17 13:17:52.144000+00:00,33.3872,141.5114,13.0,5.5,"224 km SSE of Katsuura, Japan",earthquake,reviewed,2022-05-17 22:17:52.144000+09:00,2022-05-17
2022-05-17 21:17:18.206000+00:00,41.0061,143.0857,25.05,5.2,"145 km ENE of Hachinohe, Japan",earthquake,reviewed,2022-05-18 06:17:18.206000+09:00,2022-05-18
2022-05-18 03:52:25.111000+00:00,33.3301,141.4573,13.0,5.6,"227 km SSE of Katsuura, Japan",earthquake,reviewed,2022-05-18 12:52:25.111000+09:00,2022-05-18
2022-05-22 03:24:11.946000+00:00,36.8145,141.3127,10.33,5.4,"46 km SE of Iwaki, Japan",earthquake,reviewed,2022-05-22 12:24:11.946000+09:00,2022-05-22
2022-05-22 15:17:31.327000+00:00,33.2279,141.4121,12.0,6.0,"235 km SSE of Katsuura, Japan",earthquake,reviewed,2022-05-23 00:17:31.327000+09:00,2022-05-23
2022-05-22 16:57:21.872000+00:00,33.3529,141.4634,10.0,5.0,"225 km SSE of Katsuura, Japan",earthquake,reviewed,2022-05-23 01:57:21.872000+09:00,2022-05-23
2022-05-23 02:01:05.931000+00:00,41.2357,143.0991,34.0,5.5,"136 km SSE of Shizunai-furukawach?, Japan",earthquake,reviewed,2022-05-23 11:01:05.931000+09:00,2022-05-23
2022-05-29 06:55:23.553000+00:00,36.2785,140.9733,43.32,5.1,"35 km E of ?arai, Japan",earthquake,reviewed,2022-05-29 15:55:23.553000+09:00,2022-05-29
2022-06-19 06:08:06.557000+00:00,37.5046,137.3115,10.0,5.1,"58 km NNE of Nanao, Japan",earthquake,reviewed,2022-06-19 15:08:06.557000+09:00,2022-06-19
2022-07-05 20:10:25.994000+00:00,38.4394,142.0322,73.636,5.3,"63 km E of Ishinomaki, Japan",earthquake,reviewed,2022-07-06 05:10:25.994000+09:00,2022-07-06
2022-07-22 03:01:57.418000+00:00,40.6088,141.3232,87.462,5.2,"10 km SSW of Misawa, Japan",earthquake,reviewed,2022-07-22 12:01:57.418000+09:00,2022-07-22
2022-07-28 19:52:27.254000+00:00,32.4751,142.4278,10.0,5.4,"Izu Islands, Japan region",earthquake,reviewed,2022-07-29 04:52:27.254000+09:00,2022-07-29
2022-07-29 18:00:56.353000+00:00,32.4698,142.2526,10.0,5.3,"Izu Islands, Japan region",earthquake,reviewed,2022-07-30 03:00:56.353000+09:00,2022-07-30
2022-07-29 19:49:33.353000+00:00,32.514,142.3255,10.0,5.2,"Izu Islands, Japan region",earthquake,reviewed,2022-07-30 04:49:33.353000+09:00,2022-07-30
2022-07-31 18:48:28.209000+00:00,32.4967,142.4713,10.0,5.0,"Izu Islands, Japan region",earthquake,reviewed,2022-08-01 03:48:28.209000+09:00,2022-08-01
2022-07-31 18:50:12.271000+00:00,32.4716,142.458,10.0,5.3,"Izu Islands, Japan region",earthquake,reviewed,2022-08-01 03:50:12.271000+09:00,2022-08-01
2022-08-04 00:48:17.687000+00:00,37.6309,141.7117,50.193,5.4,"64 km ENE of Namie, Japan",earthquake,reviewed,2022-08-04 09:48:17.687000+09:00,2022-08-04
2022-08-04 03:36:22.542000+00:00,32.7323,142.4576,10.0,5.3,"Izu Islands, Japan region",earthquake,reviewed,2022-08-04 12:36:22.542000+09:00,2022-08-04
2022-08-04 03:38:41.600000+00:00,32.6071,142.5074,10.0,5.0,"Izu Islands, Japan region",earthquake,reviewed,2022-08-04 12:38:41.600000+09:00,2022-08-04
2022-08-04 03:39:45.898000+00:00,32.6119,142.5292,11.525,5.7,"Izu Islands, Japan region",earthquake,reviewed,2022-08-04 12:39:45.898000+09:00,2022-08-04
2022-08-04 03:51:28.231000+00:00,32.7172,142.4545,10.0,5.0,"Izu Islands, Japan region",earthquake,reviewed,2022-08-04 12:51:28.231000+09:00,2022-08-04
2022-08-04 14:41:20.628000+00:00,32.7239,142.4939,10.0,5.0,"Izu Islands, Japan region",earthquake,reviewed,2022-08-04 23:41:20.628000+09:00,2022-08-04
2022-08-04 17:34:57.424000+00:00,32.5384,142.4003,10.0,5.1,"Izu Islands, Japan region",earthquake,reviewed,2022-08-05 02:34:57.424000+09:00,2022-08-05
2022-08-04 18:06:17.358000+00:00,32.5735,142.3372,10.0,5.1,"Izu Islands, Japan region",earthquake,reviewed,2022-08-05 03:06:17.358000+09:00,2022-08-05
2022-08-04 18:07:03.347000+00:00,32.5697,142.2925,10.0,5.0,"Izu Islands, Japan region",earthquake,reviewed,2022-08-05 03:07:03.347000+09:00,2022-08-05
2022-08-06 12:23:46.965000+00:00,36.2828,141.0919,22.83,5.0,"45 km E of ?arai, Japan",earthquake,reviewed,2022-08-06 21:23:46.965000+09:00,2022-08-06
2022-08-10 15:52:58.650000+00:00,44.9455,142.0932,10.0,5.1,"51 km SSE of Makubetsu, Japan",earthquake,reviewed,2022-08-11 00:52:58.650000+09:00,2022-08-11
2022-08-17 04:24:44.961000+00:00,33.1235,141.7775,10.0,5.6,"261 km SSE of Katsuura, Japan",earthquake,reviewed,2022-08-17 13:24:44.961000+09:00,2022-08-17
2022-08-18 05:46:08.524000+00:00,37.5959,141.7262,46.857,5.1,"65 km E of Namie, Japan",earthquake,reviewed,2022-08-18 14:46:08.524000+09:00,2022-08-18
2022-08-28 00:54:51.046000+00:00,32.5011,142.4384,10.0,5.2,"Izu Islands, Japan region",earthquake,reviewed,2022-08-28 09:54:51.046000+09:00,2022-08-28
2022-09-04 14:58:22.340000+00:00,32.3763,142.4687,10.0,5.2,"Izu Islands, Japan region",earthquake,reviewed,2022-09-04 23:58:22.340000+09:00,2022-09-04
2022-09-04 19:53:59.197000+00:00,32.2996,142.3781,10.0,5.2,"Izu Islands, Japan region",earthquake,reviewed,2022-09-05 04:53:59.197000+09:00,2022-09-05
2022-09-11 21:21:53.762000+00:00,41.1898,140.1452,169.073,5.0,"45 km NNW of Shimokizukuri, Japan",earthquake,reviewed,2022-09-12 06:21:53.762000+09:00,2022-09-12
2022-09-12 04:39:15.724000+00:00,41.9935,144.9474,10.0,5.0,"118 km SSE of Kushiro, Japan",earthquake,reviewed,2022-09-12 13:39:15.724000+09:00,2022-09-12
2022-09-13 00:51:59.580000+00:00,41.5709,142.0945,60.714,5.2,"79 km ENE of Mutsu, Japan",earthquake,reviewed,2022-09-13 09:51:59.580000+09:00,2022-09-13
2022-09-21 22:24:40.831000+00:00,35.1778,141.1945,12.116,5.0,"69 km SSE of Hasaki, Japan",earthquake,reviewed,2022-09-22 07:24:40.831000+09:00,2022-09-22
2022-09-26 16:05:23.285000+00:00,40.5895,142.8356,35.0,5.0,"113 km E of Hachinohe, Japan",earthquake,reviewed,2022-09-27 01:05:23.285000+09:00,2022-09-27
2022-10-01 15:02:32.377000+00:00,31.3495,131.4691,31.0,5.7,"26 km SE of Kushima, Japan",earthquake,reviewed,2022-10-02 00:02:32.377000+09:00,2022-10-02
2022-10-19 05:55:00.653000+00:00,39.6478,143.3627,23.675,5.2,"122 km E of Miyako, Japan",earthquake,reviewed,2022-10-19 14:55:00.653000+09:00,2022-10-19
2022-10-26 07:06:01.197000+00:00,41.9665,144.7814,22.883,5.3,"116 km SSE of Kushiro, Japan",earthquake,reviewed,2022-10-26 16:06:01.197000+09:00,2022-10-26
2022-10-27 04:20:06.780000+00:00,32.1925,142.5361,10.0,5.0,"Izu Islands, Japan region",earthquake,reviewed,2022-10-27 13:20:06.780000+09:00,2022-10-27
2022-10-27 13:25:05.027000+00:00,41.9079,144.7601,30.253,5.0,"122 km SSE of Kushiro, Japan",earthquake,reviewed,2022-10-27 22:25:05.027000+09:00,2022-10-27
2022-11-01 23:45:54.466000+00:00,41.9614,144.9414,14.274,5.1,"121 km SSE of Kushiro, Japan",earthquake,reviewed,2022-11-02 08:45:54.466000+09:00,2022-11-02
2022-11-14 08:08:26.124000+00:00,33.8139,137.3055,346.0,6.1,"85 km SSE of Toba, Japan",earthquake,reviewed,2022-11-14 17:08:26.124000+09:00,2022-11-14
2022-11-23 16:52:26.536000+00:00,33.7349,141.3584,32.339,5.2,"off the east coast of Honshu, Japan",earthquake,reviewed,2022-11-24 01:52:26.536000+09:00,2022-11-24
2022-11-30 03:45:58.852000+00:00,37.2802,141.7077,48.106,5.0,"66 km ESE of Namie, Japan",earthquake,reviewed,2022-11-30 12:45:58.852000+09:00,2022-11-30
2022-12-17 18:06:02.988000+00:00,31.7958,131.6429,30.0,5.6,"25 km ESE of Miyazaki, Japan",earthquake,reviewed,2022-12-18 03:06:02.988000+09:00,2022-12-18
2022-12-22 16:39:58.702000+00:00,41.5245,140.4836,10.652,5.0,"34 km SW of Hakodate, Japan",earthquake,reviewed,2022-12-23 01:39:58.702000+09:00,2022-12-23
2022-12-26 12:05:58.372000+00:00,30.2172,142.239,10.0,5.0,"Izu Islands, Japan region",earthquake,reviewed,2022-12-26 21:05:58.372000+09:00,2022-12-26
2023-01-02 23:01:13.831000+00:00,31.1665,141.7623,10.0,5.2,"Izu Islands, Japan region",earthquake,reviewed,2023-01-03 08:01:13.831000+09:00,2023-01-03
2023-01-03 07:08:35.706000+00:00,40.2108,142.6435,35.0,5.1,"86 km NE of Miyako, Japan",earthquake,reviewed,2023-01-03 16:08:35.706000+09:00,2023-01-03
2023-01-15 04:42:15.225000+00:00,29.947,139.1085,397.967,5.2,"Izu Islands, Japan region",earthquake,reviewed,2023-01-15 13:42:15.225000+09:00,2023-01-15
2023-01-20 05:48:28.582000+00:00,38.9239,142.1003,47.894,5.0,"37 km ESE of ?funato, Japan",earthquake,reviewed,2023-01-20 14:48:28.582000+09:00,2023-01-20
2023-02-05 00:03:19.669000+00:00,32.655,141.6605,11.0,5.8,"Izu Islands, Japan region",earthquake,reviewed,2023-02-05 09:03:19.669000+09:00,2023-02-05
2023-02-19 18:55:42.999000+00:00,42.7956,143.121,132.287,5.0,"15 km SSW of Obihiro, Japan",earthquake,reviewed,2023-02-20 03:55:42.999000+09:00,2023-02-20
2023-02-25 13:27:43.704000+00:00,42.8258,145.0212,55.0,6.0,"Hokkaido, Japan region",earthquake,reviewed,2023-02-25 22:27:43.704000+09:00,2023-02-25
2023-02-28 11:12:08.737000+00:00,32.932,141.7018,10.0,5.2,"276 km SSE of Katsuura, Japan",earthquake,reviewed,2023-02-28 20:12:08.737000+09:00,2023-02-28
2023-03-02 06:47:40.400000+00:00,33.2865,139.5226,18.235,5.0,"163 km SSE of Shimoda, Japan",earthquake,reviewed,2023-03-02 15:47:40.400000+09:00,2023-03-02
2023-03-06 22:24:47.998000+00:00,42.3233,144.5598,41.152,5.2,"73 km SSE of Kushiro, Japan",earthquake,reviewed,2023-03-07 07:24:47.998000+09:00,2023-03-07
2023-03-22 07:36:58.890000+00:00,40.2815,143.1497,22.0,5.6,"115 km E of Noda, Japan",earthquake,reviewed,2023-03-22 16:36:58.890000+09:00,2023-03-22
2023-03-24 04:25:29.944000+00:00,30.0034,141.8525,28.558,5.3,"Izu Islands, Japan region",earthquake,reviewed,2023-03-24 13:25:29.944000+09:00,2023-03-24
2023-03-24 04:38:09.911000+00:00,29.9441,141.8183,10.0,5.0,"Izu Islands, Japan region",earthquake,reviewed,2023-03-24 13:38:09.911000+09:00,2023-03-24
2023-03-28 09:18:28.506000+00:00,41.1434,142.8148,37.0,6.0,"Hokkaido, Japan region",earthquake,reviewed,2023-03-28 18:18:28.506000+09:00,2023-03-28
2023-05-05 05:42:04.365000+00:00,37.5476,137.2994,10.0,6.2,"49 km NE of Anamizu, Japan",earthquake,reviewed,2023-05-05 14:42:04.365000+09:00,2023-05-05
2023-05-05 12:58:03.876000+00:00,37.4872,137.2752,10.0,5.6,"43 km NE of Anamizu, Japan",earthquake,reviewed,2023-05-05 21:58:03.876000+09:00,2023-05-05
2023-05-05 17:47:16.200000+00:00,41.5095,141.9826,59.0,5.9,"68 km ENE of Mutsu, Japan",earthquake,reviewed,2023-05-06 02:47:16.200000+09:00,2023-05-06
2023-05-10 19:16:42.518000+00:00,35.1171,140.0913,39.454,5.2,"2 km NNW of Kamogawa, Japan",earthquake,reviewed,2023-05-11 04:16:42.518000+09:00,2023-05-11
2023-05-11 09:52:44.010000+00:00,42.3313,143.0155,61.946,5.2,"23 km WNW of Hiroo, Japan",earthquake,reviewed,2023-05-11 18:52:44.010000+09:00,2023-05-11
2023-05-13 07:10:27.414000+00:00,29.9909,129.9763,10.0,5.2,"53 km SW of Kurio, Japan",earthquake,reviewed,2023-05-13 16:10:27.414000+09:00,2023-05-13
2023-05-14 08:11:57.378000+00:00,33.3767,139.3714,18.623,5.4,"149 km SSE of Shimoda, Japan",earthquake,reviewed,2023-05-14 17:11:57.378000+09:00,2023-05-14
2023-05-14 08:21:41.726000+00:00,33.3132,139.3665,12.769,5.8,"156 km SSE of Shimoda, Japan",earthquake,reviewed,2023-05-14 17:21:41.726000+09:00,2023-05-14
2023-05-14 08:44:09.023000+00:00,33.3252,139.4954,9.473,5.0,"158 km SSE of Shimoda, Japan",earthquake,reviewed,2023-05-14 17:44:09.023000+09:00,2023-05-14
2023-05-14 10:11:35.287000+00:00,33.4427,139.3262,13.261,5.6,"141 km SSE of Shimoda, Japan",earthquake,reviewed,2023-05-14 19:11:35.287000+09:00,2023-05-14
2023-05-14 13:55:57.089000+00:00,33.4166,139.3909,10.0,5.0,"145 km SSE of Shimoda, Japan",earthquake,reviewed,2023-05-14 22:55:57.089000+09:00,2023-05-14
2023-05-14 14:03:30.352000+00:00,33.4328,139.3741,10.0,5.2,"Izu Islands, Japan region",earthquake,reviewed,2023-05-14 23:03:30.352000+09:00,2023-05-14
2023-05-14 16:22:52.640000+00:00,33.3944,139.1999,10.0,5.1,"Izu Islands, Japan region",earthquake,reviewed,2023-05-15 01:22:52.640000+09:00,2023-05-15
2023-05-22 07:42:40.250000+00:00,34.4462,139.3058,10.0,5.1,"41 km SE of Shimoda, Japan",earthquake,reviewed,2023-05-22 16:42:40.250000+09:00,2023-05-22
2023-05-26 10:03:24.100000+00:00,35.5294,140.5281,42.0,6.1,"12 km SE of Narutō, Japan",earthquake,reviewed,2023-05-26 19:03:24.100000+09:00,2023-05-26
2023-06-03 10:35:40.433000+00:00,41.978,142.5738,61.61,5.0,"26 km SW of Urakawa, Japan",earthquake,reviewed,2023-06-03 19:35:40.433000+09:00,2023-06-03
2023-06-11 09:54:44.886000+00:00,42.5268,141.9005,121.0,6.2,"20 km WSW of Biratori, Japan",earthquake,reviewed,2023-06-11 18:54:44.886000+09:00,2023-06-11
2023-06-17 00:26:15.154000+00:00,41.1421,142.7329,34.0,5.6,"110 km S of Honchō, Japan",earthquake,reviewed,2023-06-17 09:26:15.154000+09:00,2023-06-17
2023-06-17 11:42:40.455000+00:00,41.3973,142.6033,53.22,5.0,"85 km SSW of Honchō, Japan",earthquake,reviewed,2023-06-17 20:42:40.455000+09:00,2023-06-17
2023-06-19 04:50:45.744000+00:00,42.5016,142.8235,72.622,5.0,"Hokkaido, Japan region",earthquake,reviewed,2023-06-19 13:50:45.744000+09:00,2023-06-19
2023-06-20 23:33:47.635000+00:00,33.7277,136.0713,410.377,5.0,"8 km E of Shingū, Japan",earthquake,reviewed,2023-06-21 08:33:47.635000+09:00,2023-06-21
2023-06-25 01:17:22.771000+00:00,29.9143,139.937,12.482,5.2,"Izu Islands, Japan region",earthquake,reviewed,2023-06-25 10:17:22.771000+09:00,2023-06-25
2023-06-27 23:38:21.428000+00:00,42.0836,133.9943,442.0,5.8,"Primor'ye, Russia",earthquake,reviewed,2023-06-28 08:38:21.428000+09:00,2023-06-28
2023-07-13 04:43:54.456000+00:00,40.067,142.7592,35.0,5.0,"80 km E of Noda, Japan",earthquake,reviewed,2023-07-13 13:43:54.456000+09:00,2023-07-13
2023-07-13 15:52:08.821000+00:00,29.8747,138.6684,436.153,5.2,"Izu Islands, Japan region",earthquake,reviewed,2023-07-14 00:52:08.821000+09:00,2023-07-14
2023-08-06 18:12:41.603000+00:00,30.7578,131.4022,12.851,5.5,"38 km E of Nishinoomote, Japan",earthquake,reviewed,2023-08-07 03:12:41.603000+09:00,2023-08-07
2023-08-11 00:14:33.164000+00:00,41.1218,142.8297,34.0,5.9,"Hokkaido, Japan region",earthquake,reviewed,2023-08-11 09:14:33.164000+09:00,2023-08-11
2023-08-24 22:48:23.843000+00:00,39.5518,143.3026,18.0,5.8,"116 km E of Yamada, Japan",earthquake,reviewed,2023-08-25 07:48:23.843000+09:00,2023-08-25
2023-08-27 17:03:49.506000+00:00,36.4491,142.6936,10.0,5.0,"174 km ESE of Iwaki, Japan",earthquake,reviewed,2023-08-28 02:03:49.506000+09:00,2023-08-28
2023-09-08 09:28:48.829000+00:00,38.9143,142.1007,40.452,5.2,"37 km ESE of Ōfunato, Japan",earthquake,reviewed,2023-09-08 18:28:48.829000+09:00,2023-09-08
2023-09-18 19:33:03.532000+00:00,38.5226,141.6584,51.0,5.5,"20 km ENE of Onagawa Chō, Japan",earthquake,reviewed,2023-09-19 04:33:03.532000+09:00,2023-09-19
2023-09-19 06:22:36.608000+00:00,30.9964,141.9897,8.0,5.8,"Izu Islands, Japan region",earthquake,reviewed,2023-09-19 15:22:36.608000+09:00,2023-09-19
2023-09-19 22:17:47.305000+00:00,30.9761,142.008,10.0,5.2,"Izu Islands, Japan region",earthquake,reviewed,2023-09-20 07:17:47.305000+09:00,2023-09-20
2023-09-21 21:22:12.562000+00:00,30.966,141.8013,12.765,5.7,"Izu Islands, Japan region",earthquake,reviewed,2023-09-22 06:22:12.562000+09:00,2023-09-22
2023-09-22 16:33:14.903000+00:00,30.9131,142.0334,10.0,5.0,"Izu Islands, Japan region",earthquake,reviewed,2023-09-23 01:33:14.903000+09:00,2023-09-23
2023-09-27 02:54:44.172000+00:00,31.4154,141.7419,11.753,5.0,"Izu Islands, Japan region",earthquake,reviewed,2023-09-27 11:54:44.172000+09:00,2023-09-27
2023-10-02 14:17:57.029000+00:00,29.8135,140.0454,10.0,5.0,"Izu Islands, Japan region",earthquake,reviewed,2023-10-02 23:17:57.029000+09:00,2023-10-02
2023-10-03 08:29:19.401000+00:00,29.8291,139.9757,10.0,5.0,"Izu Islands, Japan region",earthquake,reviewed,2023-10-03 17:29:19.401000+09:00,2023-10-03
2023-10-03 11:38:04.199000+00:00,29.9183,140.0108,10.0,6.0,"Izu Islands, Japan region",earthquake,reviewed,2023-10-03 20:38:04.199000+09:00,2023-10-03
2023-10-03 15:22:35.873000+00:00,29.8738,140.0784,6.0,5.8,"Izu Islands, Japan region",earthquake,reviewed,2023-10-04 00:22:35.873000+09:00,2023-10-04
2023-10-03 15:27:27.811000+00:00,29.7644,139.8887,10.0,5.0,"Izu Islands, Japan region",earthquake,reviewed,2023-10-04 00:27:27.811000+09:00,2023-10-04
2023-10-03 20:32:35.570000+00:00,29.8599,140.0114,10.0,5.2,"Izu Islands, Japan region",earthquake,reviewed,2023-10-04 05:32:35.570000+09:00,2023-10-04
2023-10-04 00:13:45.667000+00:00,29.964,140.0704,10.0,5.5,"Izu Islands, Japan region",earthquake,reviewed,2023-10-04 09:13:45.667000+09:00,2023-10-04
2023-10-04 02:19:06.695000+00:00,29.9723,140.2052,10.0,5.6,"Izu Islands, Japan region",earthquake,reviewed,2023-10-04 11:19:06.695000+09:00,2023-10-04
2023-10-04 04:55:47.021000+00:00,31.0417,141.862,10.0,5.6,"Izu Islands, Japan region",earthquake,reviewed,2023-10-04 13:55:47.021000+09:00,2023-10-04
2023-10-04 05:57:17.202000+00:00,30.8019,142.0655,8.0,5.5,"Izu Islands, Japan region",earthquake,reviewed,2023-10-04 14:57:17.202000+09:00,2023-10-04
2023-10-04 11:05:18.027000+00:00,29.7389,140.0585,10.0,5.3,"Izu Islands, Japan region",earthquake,reviewed,2023-10-04 20:05:18.027000+09:00,2023-10-04
2023-10-04 11:13:20.008000+00:00,30.7434,141.8692,10.0,5.0,"Izu Islands, Japan region",earthquake,reviewed,2023-10-04 20:13:20.008000+09:00,2023-10-04
2023-10-04 17:22:41.377000+00:00,29.9176,140.1414,10.0,5.2,"Izu Islands, Japan region",earthquake,reviewed,2023-10-05 02:22:41.377000+09:00,2023-10-05
2023-10-04 18:30:16.591000+00:00,29.8675,140.0623,10.0,5.0,"Izu Islands, Japan region",earthquake,reviewed,2023-10-05 03:30:16.591000+09:00,2023-10-05
2023-10-04 23:18:09.120000+00:00,29.8095,140.0285,10.0,5.3,"Izu Islands, Japan region",earthquake,reviewed,2023-10-05 08:18:09.120000+09:00,2023-10-05
2023-10-04 23:19:09.762000+00:00,30.1843,139.9953,10.0,5.1,"Izu Islands, Japan region",earthquake,reviewed,2023-10-05 08:19:09.762000+09:00,2023-10-05
2023-10-04 23:47:20.035000+00:00,31.0223,141.7953,10.0,5.1,"Izu Islands, Japan region",earthquake,reviewed,2023-10-05 08:47:20.035000+09:00,2023-10-05
2023-10-05 01:05:10.008000+00:00,29.9611,140.089,10.0,5.2,"Izu Islands, Japan region",earthquake,reviewed,2023-10-05 10:05:10.008000+09:00,2023-10-05
2023-10-05 01:59:58.562000+00:00,29.8466,139.9904,10.0,6.1,"Izu Islands, Japan region",earthquake,reviewed,2023-10-05 10:59:58.562000+09:00,2023-10-05
2023-10-05 02:06:32.338000+00:00,29.8971,139.98,10.0,5.4,"Izu Islands, Japan region",earthquake,reviewed,2023-10-05 11:06:32.338000+09:00,2023-10-05
2023-10-05 02:15:14.899000+00:00,29.9226,139.9345,10.0,5.3,"Izu Islands, Japan region",earthquake,reviewed,2023-10-05 11:15:14.899000+09:00,2023-10-05
2023-10-05 02:53:13.316000+00:00,29.9443,139.8719,10.0,5.7,"Izu Islands, Japan region",earthquake,reviewed,2023-10-05 11:53:13.316000+09:00,2023-10-05
2023-10-05 04:00:01.084000+00:00,30.0033,139.8586,10.0,5.2,"Izu Islands, Japan region",earthquake,reviewed,2023-10-05 13:00:01.084000+09:00,2023-10-05
2023-10-05 05:41:14.727000+00:00,29.9491,140.0941,10.0,5.0,"Izu Islands, Japan region",earthquake,reviewed,2023-10-05 14:41:14.727000+09:00,2023-10-05
2023-10-05 06:22:12.247000+00:00,30.0884,140.0279,10.0,5.7,"Izu Islands, Japan region",earthquake,reviewed,2023-10-05 15:22:12.247000+09:00,2023-10-05
2023-10-05 06:48:23.246000+00:00,30.0975,140.0015,10.0,5.2,"Izu Islands, Japan region",earthquake,reviewed,2023-10-05 15:48:23.246000+09:00,2023-10-05
2023-10-05 13:39:54.908000+00:00,29.9617,139.784,10.0,5.0,"Izu Islands, Japan region",earthquake,reviewed,2023-10-05 22:39:54.908000+09:00,2023-10-05
2023-10-05 21:56:36.215000+00:00,31.1734,141.8975,10.0,5.2,"Izu Islands, Japan region",earthquake,reviewed,2023-10-06 06:56:36.215000+09:00,2023-10-06
2023-10-06 01:31:17.149000+00:00,30.1409,139.9683,10.0,6.1,"Izu Islands, Japan region",earthquake,reviewed,2023-10-06 10:31:17.149000+09:00,2023-10-06
2023-10-06 04:57:03.494000+00:00,31.1964,141.908,10.0,5.1,"Izu Islands, Japan region",earthquake,reviewed,2023-10-06 13:57:03.494000+09:00,2023-10-06
2023-10-06 05:49:22.063000+00:00,30.1062,139.991,10.0,5.5,"Izu Islands, Japan region",earthquake,reviewed,2023-10-06 14:49:22.063000+09:00,2023-10-06
2023-10-06 13:15:27.220000+00:00,30.1985,140.1588,10.0,5.0,"Izu Islands, Japan region",earthquake,reviewed,2023-10-06 22:15:27.220000+09:00,2023-10-06
2023-10-07 10:23:23.059000+00:00,31.2682,141.9129,10.0,5.0,"Izu Islands, Japan region",earthquake,reviewed,2023-10-07 19:23:23.059000+09:00,2023-10-07
2023-10-07 14:26:28.186000+00:00,40.2023,142.3093,53.464,5.1,"43 km ENE of Noda, Japan",earthquake,reviewed,2023-10-07 23:26:28.186000+09:00,2023-10-07
2023-10-08 05:36:34.797000+00:00,29.7935,140.1109,10.0,5.2,"Izu Islands, Japan region",earthquake,reviewed,2023-10-08 14:36:34.797000+09:00,2023-10-08
2023-10-08 21:00:40.543000+00:00,29.7418,140.0495,10.0,5.0,"Izu Islands, Japan region",earthquake,reviewed,2023-10-09 06:00:40.543000+09:00,2023-10-09
2023-10-08 21:05:32.437000+00:00,29.7638,139.9661,10.0,5.4,"Izu Islands, Japan region",earthquake,reviewed,2023-10-09 06:05:32.437000+09:00,2023-10-09
2023-10-08 21:13:27.937000+00:00,29.7985,140.0281,10.0,5.0,"Izu Islands, Japan region",earthquake,reviewed,2023-10-09 06:13:27.937000+09:00,2023-10-09
2023-10-08 21:17:28.430000+00:00,29.77,140.0739,10.0,5.3,"Izu Islands, Japan region",earthquake,reviewed,2023-10-09 06:17:28.430000+09:00,2023-10-09
2023-10-09 05:09:42.141000+00:00,44.7118,146.168,181.984,5.3,"75 km NNE of Otrada, Russia",earthquake,reviewed,2023-10-09 14:09:42.141000+09:00,2023-10-09
2023-10-13 09:59:51.842000+00:00,41.074,140.1515,168.306,5.1,"30 km WSW of Imabetsu, Japan",earthquake,reviewed,2023-10-13 18:59:51.842000+09:00,2023-10-13
2023-10-15 09:13:25.711000+00:00,33.7721,141.7225,16.306,5.2,"199 km SE of Katsuura, Japan",earthquake,reviewed,2023-10-15 18:13:25.711000+09:00,2023-10-15
2023-10-18 22:15:06.845000+00:00,30.8272,141.3689,25.335,5.1,"Izu Islands, Japan region",earthquake,reviewed,2023-10-19 07:15:06.845000+09:00,2023-10-19
2023-10-20 19:01:44.453000+00:00,30.9402,141.3646,28.807,5.0,"Izu Islands, Japan region",earthquake,reviewed,2023-10-21 04:01:44.453000+09:00,2023-10-21
2023-10-30 22:44:57.660000+00:00,32.6712,141.6876,10.0,5.0,"Izu Islands, Japan region",earthquake,reviewed,2023-10-31 07:44:57.660000+09:00,2023-10-31
2023-11-10 20:50:30.208000+00:00,31.2909,130.7679,109.152,5.3,"12 km SW of Kanoya, Japan",earthquake,reviewed,2023-11-11 05:50:30.208000+09:00,2023-11-11
2023-11-19 21:01:30.533000+00:00,41.2349,142.214,42.0,5.8,"82 km ENE of Yokohama, Japan",earthquake,reviewed,2023-11-20 06:01:30.533000+09:00,2023-11-20
2023-12-21 14:04:11.571000+00:00,35.2431,141.0136,10.0,5.2,"56 km E of Ōhara, Japan",earthquake,reviewed,2023-12-21 23:04:11.571000+09:00,2023-12-21
2023-12-21 20:45:23.021000+00:00,35.2045,140.9422,13.191,5.0,"50 km E of Ōhara, Japan",earthquake,reviewed,2023-12-22 05:45:23.021000+09:00,2023-12-22
2023-12-25 04:49:01.655000+00:00,33.149,137.7852,336.23,5.0,"158 km SSE of Shima, Japan",earthquake,reviewed,2023-12-25 13:49:01.655000+09:00,2023-12-25
2024-01-01 07:06:05.477000+00:00,37.4933,137.2491,10.0,5.8,"42 km NE of Anamizu, Japan",earthquake,reviewed,2024-01-01 16:06:05.477000+09:00,2024-01-01
2024-01-01 07:10:09.476000+00:00,37.4874,137.271,10.0,7.5,"2024 Noto Peninsula, Japan Earthquake",earthquake,reviewed,2024-01-01 16:10:09.476000+09:00,2024-01-01
2024-01-01 07:18:41.584000+00:00,37.1895,136.8272,10.0,6.2,"8 km SW of Anamizu, Japan",earthquake,reviewed,2024-01-01 16:18:41.584000+09:00,2024-01-01
2024-01-01 07:39:49.268000+00:00,37.4861,137.4519,10.0,5.2,"56 km ENE of Anamizu, Japan",earthquake,reviewed,2024-01-01 16:39:49.268000+09:00,2024-01-01
2024-01-01 07:56:47.661000+00:00,37.2997,136.8875,10.0,5.6,"7 km N of Anamizu, Japan",earthquake,reviewed,2024-01-01 16:56:47.661000+09:00,2024-01-01
2024-01-01 08:02:44.840000+00:00,37.5444,137.401,10.0,5.0,"56 km NE of Anamizu, Japan",earthquake,reviewed,2024-01-01 17:02:44.840000+09:00,2024-01-01
2024-01-01 08:07:10.627000+00:00,37.1718,136.6149,10.0,5.1,"26 km WSW of Anamizu, Japan",earthquake,reviewed,2024-01-01 17:07:10.627000+09:00,2024-01-01
2024-01-01 09:03:48.859000+00:00,37.5339,137.4185,10.0,5.5,"56 km NE of Anamizu, Japan",earthquake,reviewed,2024-01-01 18:03:48.859000+09:00,2024-01-01
2024-01-01 09:08:17.603000+00:00,37.5146,137.4029,10.0,5.6,"54 km NE of Anamizu, Japan",earthquake,reviewed,2024-01-01 18:08:17.603000+09:00,2024-01-01
2024-01-01 09:30:21.401000+00:00,37.4998,137.3585,10.0,5.2,"50 km NE of Anamizu, Japan",earthquake,reviewed,2024-01-01 18:30:21.401000+09:00,2024-01-01
2024-01-01 09:39:59.811000+00:00,37.1479,136.6562,10.0,5.0,"23 km WSW of Anamizu, Japan",earthquake,reviewed,2024-01-01 18:39:59.811000+09:00,2024-01-01
2024-01-01 09:45:26.217000+00:00,37.8107,137.5664,10.0,5.1,"73 km WSW of Sado, Japan",earthquake,reviewed,2024-01-01 18:45:26.217000+09:00,2024-01-01
2024-01-02 01:17:31.568000+00:00,37.247,136.7689,6.0,5.4,"11 km W of Anamizu, Japan",earthquake,reviewed,2024-01-02 10:17:31.568000+09:00,2024-01-02
2024-01-03 01:54:34.243000+00:00,37.3466,136.9204,10.0,5.3,"12 km N of Anamizu, Japan",earthquake,reviewed,2024-01-03 10:54:34.243000+09:00,2024-01-03
2024-01-05 20:26:51.093000+00:00,37.2225,136.8266,10.0,5.1,"6 km W of Anamizu, Japan",earthquake,reviewed,2024-01-06 05:26:51.093000+09:00,2024-01-06
2024-01-09 08:59:10.141000+00:00,37.8629,137.7814,10.0,5.9,"53 km WSW of Sado, Japan",earthquake,reviewed,2024-01-09 17:59:10.141000+09:00,2024-01-09
2024-01-23 21:33:49.499000+00:00,42.4583,145.0728,33.702,5.1,"66 km SSE of Akkeshi, Japan",earthquake,reviewed,2024-01-24 06:33:49.499000+09:00,2024-01-24
2024-01-27 23:59:29.184000+00:00,35.5331,139.9558,70.051,5.1,"11 km W of Ichihara, Japan",earthquake,reviewed,2024-01-28 08:59:29.184000+09:00,2024-01-28
2024-02-05 08:30:50.309000+00:00,30.7824,131.4467,38.302,5.0,"43 km E of Nishinoomote, Japan",earthquake,reviewed,2024-02-05 17:30:50.309000+09:00,2024-02-05
2024-02-14 06:53:58.474000+00:00,31.8124,138.0778,372.322,5.2,"283 km SE of Kushimoto, Japan",earthquake,reviewed,2024-02-14 15:53:58.474000+09:00,2024-02-14
2024-02-23 23:10:43.909000+00:00,32.1658,137.4984,404.065,5.3,"216 km SE of Kushimoto, Japan",earthquake,reviewed,2024-02-24 08:10:43.909000+09:00,2024-02-24
2024-02-24 10:17:39.491000+00:00,39.5694,143.5279,10.0,5.0,"136 km E of Yamada, Japan",earthquake,reviewed,2024-02-24 19:17:39.491000+09:00,2024-02-24
2024-02-29 20:43:16.110000+00:00,35.371,140.632,23.083,5.1,"22 km E of Ichinomiya, Japan",earthquake,reviewed,2024-03-01 05:43:16.110000+09:00,2024-03-01
2024-03-14 15:14:35.701000+00:00,37.083,141.1231,44.0,5.6,"21 km E of Iwaki, Japan",earthquake,reviewed,2024-03-15 00:14:35.701000+09:00,2024-03-15
2024-03-16 21:17:04.821000+00:00,37.1332,141.4549,48.55,5.3,"44 km ESE of Tomioka, Japan",earthquake,reviewed,2024-03-17 06:17:04.821000+09:00,2024-03-17
2024-03-21 00:08:02.844000+00:00,35.9739,139.748,45.002,5.2,"1 km S of Kasukabe, Japan",earthquake,reviewed,2024-03-21 09:08:02.844000+09:00,2024-03-21
2024-04-01 19:24:36.670000+00:00,40.1435,141.6984,73.0,5.9,"7 km SW of Kuji, Japan",earthquake,reviewed,2024-04-02 04:24:36.670000+09:00,2024-04-02
2024-04-04 03:16:30.313000+00:00,37.7104,141.856,29.0,6.1,"77 km E of Minami-Sōma, Japan",earthquake,reviewed,2024-04-04 12:16:30.313000+09:00,2024-04-04
2024-04-04 20:31:49.325000+00:00,41.9769,142.4449,63.264,5.0,"34 km SW of Urakawa, Japan",earthquake,reviewed,2024-04-05 05:31:49.325000+09:00,2024-04-05
2024-04-06 00:12:17.749000+00:00,40.8775,143.2258,26.386,5.4,"141 km S of Honchō, Japan",earthquake,reviewed,2024-04-06 09:12:17.749000+09:00,2024-04-06
2024-04-08 01:25:29.592000+00:00,31.6565,131.3933,50.529,5.1,"6 km NNE of Nichinan, Japan",earthquake,reviewed,2024-04-08 10:25:29.592000+09:00,2024-04-08
2024-04-15 22:38:56.828000+00:00,29.4397,131.7622,7.556,5.9,"147 km SE of Koshima, Japan",earthquake,reviewed,2024-04-16 07:38:56.828000+09:00,2024-04-16
2024-04-17 14:14:46.694000+00:00,33.2503,132.3647,32.0,6.3,"18 km W of Uwajima, Japan",earthquake,reviewed,2024-04-17 23:14:46.694000+09:00,2024-04-17
2024-04-24 11:40:07.440000+00:00,36.4232,140.5874,54.976,5.1,"5 km SSE of Funaishikawa, Japan",earthquake,reviewed,2024-04-24 20:40:07.440000+09:00,2024-04-24
2024-05-11 00:47:16.033000+00:00,41.6969,144.3234,11.196,5.0,"107 km SE of Hiroo, Japan",earthquake,reviewed,2024-05-11 09:47:16.033000+09:00,2024-05-11
2024-05-29 17:14:58.129000+00:00,32.3127,137.564,392.698,5.5,"210 km SE of Kushimoto, Japan",earthquake,reviewed,2024-05-30 02:14:58.129000+09:00,2024-05-30
2024-06-02 21:31:39.387000+00:00,37.4476,137.2681,9.0,5.7,"40 km NE of Anamizu, Japan",earthquake,reviewed,2024-06-03 06:31:39.387000+09:00,2024-06-03
2024-06-25 08:30:59.769000+00:00,33.4839,141.3336,34.723,5.4,"206 km SSE of Katsuura, Japan",earthquake,reviewed,2024-06-25 17:30:59.769000+09:00,2024-06-25
2024-07-04 03:12:30.294000+00:00,35.0839,140.3095,47.606,5.1,"6 km S of Katsuura, Japan",earthquake,reviewed,2024-07-04 12:12:30.294000+09:00,2024-07-04
2024-07-05 18:14:03.423000+00:00,44.37,142.3255,232.352,5.1,"10 km WNW of Nayoro, Japan",earthquake,reviewed,2024-07-06 03:14:03.423000+09:00,2024-07-06
2024-07-18 11:07:34.561000+00:00,33.578,140.3234,91.0,5.6,"161 km SSE of Tateyama, Japan",earthquake,reviewed,2024-07-18 20:07:34.561000+09:00,2024-07-18
2024-07-21 04:27:27.767000+00:00,42.7004,145.5767,19.458,5.3,"69 km S of Nemuro, Japan",earthquake,reviewed,2024-07-21 13:27:27.767000+09:00,2024-07-21
2024-07-28 10:13:22.968000+00:00,39.5239,143.6639,10.0,5.3,"147 km E of Yamada, Japan",earthquake,reviewed,2024-07-28 19:13:22.968000+09:00,2024-07-28
2024-07-29 16:25:31.492000+00:00,32.0876,131.4191,66.144,5.2,"1 km ENE of Saito, Japan",earthquake,reviewed,2024-07-30 01:25:31.492000+09:00,2024-07-30
2024-08-08 07:42:55.206000+00:00,31.7599,131.5021,24.0,7.1,"2024 Hyuganada Sea, Japan Earthquake",earthquake,reviewed,2024-08-08 16:42:55.206000+09:00,2024-08-08
2024-08-08 12:49:16.076000+00:00,42.0164,139.5219,193.573,5.2,"51 km W of Otobe, Japan",earthquake,reviewed,2024-08-08 21:49:16.076000+09:00,2024-08-08
2024-08-08 19:23:31.596000+00:00,31.8192,131.3023,18.196,5.3,"15 km SW of Miyazaki, Japan",earthquake,reviewed,2024-08-09 04:23:31.596000+09:00,2024-08-09
2024-08-09 10:57:39.340000+00:00,35.4116,139.3122,30.275,5.0,"1 km N of Isehara, Japan",earthquake,reviewed,2024-08-09 19:57:39.340000+09:00,2024-08-09
2024-08-17 06:32:09.569000+00:00,32.4687,142.3781,10.0,5.2,"Izu Islands, Japan region",earthquake,reviewed,2024-08-17 15:32:09.569000+09:00,2024-08-17
2024-09-07 13:42:52.564000+00:00,32.2043,137.7326,384.984,5.2,"230 km SE of Kushimoto, Japan",earthquake,reviewed,2024-09-07 22:42:52.564000+09:00,2024-09-07
2024-09-12 23:48:17.804000+00:00,30.9789,141.3145,45.941,5.2,"Izu Islands, Japan region",earthquake,reviewed,2024-09-13 08:48:17.804000+09:00,2024-09-13
2024-09-13 23:03:41.334000+00:00,29.8106,130.9208,30.0,5.7,"59 km SE of Koshima, Japan",earthquake,reviewed,2024-09-14 08:03:41.334000+09:00,2024-09-14
2024-09-16 14:13:46.241000+00:00,31.6079,131.8109,10.257,5.5,"42 km E of Nichinan, Japan",earthquake,reviewed,2024-09-16 23:13:46.241000+09:00,2024-09-16
2024-09-23 23:14:20.196000+00:00,31.5066,140.0417,19.112,5.6,"Izu Islands, Japan region",earthquake,reviewed,2024-09-24 08:14:20.196000+09:00,2024-09-24
2024-09-26 07:01:09.508000+00:00,42.8235,145.0928,50.0,5.5,"30 km SE of Akkeshi, Japan",earthquake,reviewed,2024-09-26 16:01:09.508000+09:00,2024-09-26
2024-10-18 04:38:07.288000+00:00,40.2403,142.2895,60.402,5.2,"42 km ENE of Noda, Japan",earthquake,reviewed,2024-10-18 13:38:07.288000+09:00,2024-10-18
2024-11-09 05:00:39.995000+00:00,32.3106,142.4167,10.0,5.0,"Izu Islands, Japan region",earthquake,reviewed,2024-11-09 14:00:39.995000+09:00,2024-11-09
2024-11-16 12:22:17.410000+00:00,41.0392,141.0132,9.94,5.0,"14 km NNE of Hiranai, Japan",earthquake,reviewed,2024-11-16 21:22:17.410000+09:00,2024-11-16
2024-11-19 18:36:11.645000+00:00,34.0768,138.3387,249.022,5.0,"59 km S of Ōyama, Japan",earthquake,reviewed,2024-11-20 03:36:11.645000+09:00,2024-11-20
2024-11-26 04:31:21.640000+00:00,38.7149,142.1147,44.201,5.3,"52 km SE of Ōfunato, Japan",earthquake,reviewed,2024-11-26 13:31:21.640000+09:00,2024-11-26
2024-11-26 13:47:03.411000+00:00,36.9549,136.3653,8.0,6.1,"38 km WNW of Hakui, Japan",earthquake,reviewed,2024-11-26 22:47:03.411000+09:00,2024-11-26
2024-12-12 19:55:19.950000+00:00,30.5343,141.8867,10.0,5.1,"Izu Islands, Japan region",earthquake,reviewed,2024-12-13 04:55:19.950000+09:00,2024-12-13
2024-12-17 04:09:33.867000+00:00,31.0848,130.3315,162.337,5.4,"20 km S of Makurazaki, Japan",earthquake,reviewed,2024-12-17 13:09:33.867000+09:00,2024-12-17
2024-12-26 21:02:25.395000+00:00,30.5023,141.8517,7.0,5.8,"Izu Islands, Japan region",earthquake,reviewed,2024-12-27 06:02:25.395000+09:00,2024-12-27
2024-12-27 19:10:05.808000+00:00,37.3695,141.5863,45.48,5.3,"50 km E of Tomioka, Japan",earthquake,reviewed,2024-12-28 04:10:05.808000+09:00,2024-12-28
2025-01-06 16:44:39.772000+00:00,35.8134,142.081,10.0,5.1,"113 km E of Hasaki, Japan",earthquake,reviewed,2025-01-07 01:44:39.772000+09:00,2025-01-07
2025-01-07 08:31:30.553000+00:00,31.6194,138.4289,358.0,5.6,"Izu Islands, Japan region",earthquake,reviewed,2025-01-07 17:31:30.553000+09:00,2025-01-07
2025-01-13 12:19:32.252000+00:00,31.8326,131.5525,39.0,6.8,"15 km SE of Miyazaki, Japan",earthquake,reviewed,2025-01-13 21:19:32.252000+09:00,2025-01-13
2025-01-13 16:14:57.255000+00:00,32.0119,131.7181,40.319,5.2,"24 km ESE of Takanabe, Japan",earthquake,reviewed,2025-01-14 01:14:57.255000+09:00,2025-01-14
2025-01-14 17:12:39.509000+00:00,31.7088,131.8103,37.94,5.3,"43 km ENE of Nichinan, Japan",earthquake,reviewed,2025-01-15 02:12:39.509000+09:00,2025-01-15
2025-02-10 14:16:55.496000+00:00,41.6821,141.3324,89.55,5.0,"39 km ENE of Ōma, Japan",earthquake,reviewed,2025-02-10 23:16:55.496000+09:00,2025-02-10
2025-02-12 21:04:28.710000+00:00,38.3638,142.1429,38.366,5.1,"61 km E of Onagawa Chō, Japan",earthquake,reviewed,2025-02-13 06:04:28.710000+09:00,2025-02-13
2025-02-26 05:53:24.392000+00:00,33.6039,136.3654,388.0,5.8,"38 km ESE of Shingū, Japan",earthquake,reviewed,2025-02-26 14:53:24.392000+09:00,2025-02-26
2025-03-08 07:12:17.150000+00:00,40.2125,142.2891,57.12,5.2,"41 km ENE of Noda, Japan",earthquake,reviewed,2025-03-08 16:12:17.150000+09:00,2025-03-08
2025-04-02 14:03:57.825000+00:00,30.9792,131.522,29.0,6.1,"56 km ENE of Nishinoomote, Japan",earthquake,reviewed,2025-04-02 23:03:57.825000+09:00,2025-04-02
2025-05-12 14:54:29.916000+00:00,41.5868,142.0431,60.667,5.3,"76 km ENE of Mutsu, Japan",earthquake,reviewed,2025-05-12 23:54:29.916000+09:00,2025-05-12
2025-05-22 21:28:00.611000+00:00,41.9147,142.532,48.0,5.4,"33 km SW of Urakawa, Japan",earthquake,reviewed,2025-05-23 06:28:00.611000+09:00,2025-05-23
2025-05-26 08:47:44.855000+00:00,42.2681,143.1149,65.431,5.3,"15 km W of Hiroo, Japan",earthquake,reviewed,2025-05-26 17:47:44.855000+09:00,2025-05-26
2025-05-31 08:37:17.097000+00:00,42.2705,144.4895,21.0,6.0,"78 km S of Kushiro, Japan",earthquake,reviewed,2025-05-31 17:37:17.097000+09:00,2025-05-31
2025-06-01 18:51:52.960000+00:00,41.7431,143.6866,27.0,5.8,"68 km SSE of Hiroo, Japan",earthquake,reviewed,2025-06-02 03:51:52.960000+09:00,2025-06-02
2025-06-03 13:18:28.018000+00:00,41.7865,143.4834,42.826,5.1,"57 km SSE of Hiroo, Japan",earthquake,reviewed,2025-06-03 22:18:28.018000+09:00,2025-06-03
2025-06-14 10:47:01.673000+00:00,38.5813,142.0012,58.365,5.0,"50 km ENE of Onagawa Chō, Japan",earthquake,reviewed,2025-06-14 19:47:01.673000+09:00,2025-06-14
2025-06-18 23:08:06.586000+00:00,42.9403,146.4787,19.0,5.9,"84 km ESE of Nemuro, Japan",earthquake,reviewed,2025-06-19 08:08:06.586000+09:00,2025-06-19
2025-06-21 21:23:18.562000+00:00,42.8951,146.4037,18.0,6.0,"82 km SE of Nemuro, Japan",earthquake,reviewed,2025-06-22 06:23:18.562000+09:00,2025-06-22
2025-06-21 21:25:45.027000+00:00,42.8989,146.573,39.188,5.3,"93 km ESE of Nemuro, Japan",earthquake,reviewed,2025-06-22 06:25:45.027000+09:00,2025-06-22
2025-06-23 17:23:29.381000+00:00,29.3425,129.3401,10.0,5.0,"102 km NNW of Tatsugō, Japan",earthquake,reviewed,2025-06-24 02:23:29.381000+09:00,2025-06-24
2025-06-24 07:04:14.355000+00:00,29.3177,129.3656,10.0,5.1,"98 km NNW of Tatsugō, Japan",earthquake,reviewed,2025-06-24 16:04:14.355000+09:00,2025-06-24
2025-06-29 01:15:25.559000+00:00,29.3062,129.3422,10.0,5.4,"98 km NNW of Tatsugō, Japan",earthquake,reviewed,2025-06-29 10:15:25.559000+09:00,2025-06-29
2025-06-29 07:11:56.977000+00:00,29.3819,129.4814,10.0,5.2,"103 km N of Tatsugō, Japan",earthquake,reviewed,2025-06-29 16:11:56.977000+09:00,2025-06-29
2025-07-01 19:32:07.294000+00:00,29.3444,129.4049,10.0,5.1,"100 km N of Tatsugō, Japan",earthquake,reviewed,2025-07-02 04:32:07.294000+09:00,2025-07-02
2025-07-02 07:17:57.148000+00:00,29.3086,129.2135,10.0,5.0,"102 km NNW of Tatsugō, Japan",earthquake,reviewed,2025-07-02 16:17:57.148000+09:00,2025-07-02
2025-07-03 07:13:00.356000+00:00,29.3808,129.4093,10.0,5.5,"104 km N of Tatsugō, Japan",earthquake,reviewed,2025-07-03 16:13:00.356000+09:00,2025-07-03
2025-07-04 21:29:39.130000+00:00,29.3862,129.3214,10.0,5.4,"107 km NNW of Tatsugō, Japan",earthquake,reviewed,2025-07-05 06:29:39.130000+09:00,2025-07-05
2025-07-06 05:07:02.820000+00:00,29.3813,129.5412,10.0,5.5,"103 km N of Tatsugō, Japan",earthquake,reviewed,2025-07-06 14:07:02.820000+09:00,2025-07-06
2025-07-09 12:31:59.987000+00:00,30.6514,140.162,10.0,5.3,"Izu Islands, Japan region",earthquake,reviewed,2025-07-09 21:31:59.987000+09:00,2025-07-09
2025-07-12 02:01:23.199000+00:00,29.3935,129.4081,10.0,5.0,"106 km N of Tatsug?, Japan",earthquake,reviewed,2025-07-12 11:01:23.199000+09:00,2025-07-12
2025-07-13 11:19:33.229000+00:00,29.3681,129.5346,10.0,5.0,"101 km N of Tatsug?, Japan",earthquake,reviewed,2025-07-13 20:19:33.229000+09:00,2025-07-13
2025-07-15 04:20:00.992000+00:00,29.3332,129.4346,10.0,5.2,"99 km N of Tatsug?, Japan",earthquake,reviewed,2025-07-15 13:20:00.992000+09:00,2025-07-15
2025-07-28 03:10:28.080000+00:00,42.3044,143.0558,57.999,5.2,"20 km W of Hiroo, Japan",earthquake,reviewed,2025-07-28 12:10:28.080000+09:00,2025-07-28
2025-08-01 22:27:37.276000+00:00,42.3163,145.5206,25.169,5.4,"96 km SE of Akkeshi, Japan",earthquake,reviewed,2025-08-02 07:27:37.276000+09:00,2025-08-02
2025-08-12 09:11:13.041000+00:00,42.2972,144.7893,35.0,5.4,"82 km S of Akkeshi, Japan",earthquake,reviewed,2025-08-12 18:11:13.041000+09:00,2025-08-12
2025-08-16 21:13:14.873000+00:00,32.0131,131.811,30.0,5.5,"32 km ESE of Takanabe, Japan",earthquake,reviewed,2025-08-17 06:13:14.873000+09:00,2025-08-17
2025-08-18 22:19:22.794000+00:00,42.033,140.5262,128.361,5.1,"20 km NW of Honchō, Japan",earthquake,reviewed,2025-08-19 07:19:22.794000+09:00,2025-08-19
2025-08-21 22:34:44.484000+00:00,38.757,142.309,40.0,5.6,"62 km SE of Ōfunato, Japan",earthquake,reviewed,2025-08-22 07:34:44.484000+09:00,2025-08-22
2025-08-29 16:29:22.449000+00:00,38.4534,142.0646,51.698,5.5,"53 km E of Onagawa Chō, Japan",earthquake,reviewed,2025-08-30 01:29:22.449000+09:00,2025-08-30
2025-09-02 03:32:31.323000+00:00,30.6722,140.1285,10.0,5.3,"Izu Islands, Japan region",earthquake,reviewed,2025-09-02 12:32:31.323000+09:00,2025-09-02
2025-10-04 15:21:10.042000+00:00,37.4213,141.5524,54.164,5.9,"48 km ENE of Tomioka, Japan",earthquake,reviewed,2025-10-05 00:21:10.042000+09:00,2025-10-05
2025-10-07 00:30:24.878000+00:00,37.5736,141.2916,57.767,5.1,"27 km ENE of Namie, Japan",earthquake,reviewed,2025-10-07 09:30:24.878000+09:00,2025-10-07
2025-10-20 19:04:06.258000+00:00,35.458,135.4764,360.075,5.1,"7 km WSW of Takahama, Japan",earthquake,reviewed,2025-10-21 04:04:06.258000+09:00,2025-10-21
2025-10-24 16:40:09.289000+00:00,42.9716,145.7509,34.0,5.7,"41 km SSE of Nemuro, Japan",earthquake,reviewed,2025-10-25 01:40:09.289000+09:00,2025-10-25
2025-10-25 11:45:23.099000+00:00,43.0876,130.9954,561.251,5.2,"40 km NW of Slavyanka, Russia",earthquake,reviewed,2025-10-25 20:45:23.099000+09:00,2025-10-25
2025-11-03 19:16:04.637000+00:00,39.353,143.6134,10.0,5.2,"143 km E of Yamada, Japan",earthquake,reviewed,2025-11-04 04:16:04.637000+09:00,2025-11-04
2025-11-08 20:29:18.808000+00:00,39.5743,143.2912,30.032,5.2,"115 km E of Yamada, Japan",earthquake,reviewed,2025-11-09 05:29:18.808000+09:00,2025-11-09
2025-11-08 21:04:17.334000+00:00,39.4294,143.3379,12.152,5.4,"119 km E of Yamada, Japan",earthquake,reviewed,2025-11-09 06:04:17.334000+09:00,2025-11-09
2025-11-08 22:15:08.771000+00:00,39.5022,143.416,16.186,5.6,"126 km E of Yamada, Japan",earthquake,reviewed,2025-11-09 07:15:08.771000+09:00,2025-11-09
2025-11-08 22:33:49.134000+00:00,39.4961,143.3033,28.922,5.1,"116 km E of Yamada, Japan",earthquake,reviewed,2025-11-09 07:33:49.134000+09:00,2025-11-09
2025-11-09 00:17:30.660000+00:00,39.448,143.3326,13.902,5.1,"119 km E of Yamada, Japan",earthquake,reviewed,2025-11-09 09:17:30.660000+09:00,2025-11-09
2025-11-09 08:03:39.367000+00:00,39.485,143.3782,18.0,6.8,"122 km E of Yamada, Japan",earthquake,reviewed,2025-11-09 17:03:39.367000+09:00,2025-11-09
2025-11-09 08:07:56.065000+00:00,39.6279,143.3411,20.53,5.3,"120 km E of Miyako, Japan",earthquake,reviewed,2025-11-09 17:07:56.065000+09:00,2025-11-09
2025-11-09 08:11:25.423000+00:00,39.5772,143.2297,10.0,5.5,"110 km E of Yamada, Japan",earthquake,reviewed,2025-11-09 17:11:25.423000+09:00,2025-11-09
2025-11-09 08:14:52.924000+00:00,39.3485,143.4026,10.0,5.9,"125 km E of Yamada, Japan",earthquake,reviewed,2025-11-09 17:14:52.924000+09:00,2025-11-09
2025-11-09 08:34:01.979000+00:00,39.4599,143.3924,10.0,5.6,"124 km E of Yamada, Japan",earthquake,reviewed,2025-11-09 17:34:01.979000+09:00,2025-11-09
2025-11-09 08:49:50.012000+00:00,39.3052,143.4619,10.0,5.2,"131 km E of Yamada, Japan",earthquake,reviewed,2025-11-09 17:49:50.012000+09:00,2025-11-09
2025-11-09 08:54:36.914000+00:00,39.4971,143.3097,10.0,6.4,"117 km E of Yamada, Japan",earthquake,reviewed,2025-11-09 17:54:36.914000+09:00,2025-11-09
2025-11-09 09:10:47.434000+00:00,39.4919,143.385,10.0,5.4,"123 km E of Yamada, Japan",earthquake,reviewed,2025-11-09 18:10:47.434000+09:00,2025-11-09
2025-11-09 09:16:57.896000+00:00,39.3415,143.3524,10.0,5.0,"121 km E of Yamada, Japan",earthquake,reviewed,2025-11-09 18:16:57.896000+09:00,2025-11-09
2025-11-09 09:28:24.098000+00:00,39.612,143.4497,10.0,5.7,"129 km E of Miyako, Japan",earthquake,reviewed,2025-11-09 18:28:24.098000+09:00,2025-11-09
2025-11-09 09:52:43.025000+00:00,39.3819,143.4882,10.0,5.1,"132 km E of Yamada, Japan",earthquake,reviewed,2025-11-09 18:52:43.025000+09:00,2025-11-09
2025-11-09 11:11:24.828000+00:00,39.3041,143.5875,10.0,5.2,"142 km E of Yamada, Japan",earthquake,reviewed,2025-11-09 20:11:24.828000+09:00,2025-11-09
2025-11-09 15:46:46.570000+00:00,39.5017,143.3113,10.0,5.0,"117 km E of Yamada, Japan",earthquake,reviewed,2025-11-10 00:46:46.570000+09:00,2025-11-10
2025-11-09 22:04:14.977000+00:00,39.3574,143.6209,15.387,5.1,"144 km E of Yamada, Japan",earthquake,reviewed,2025-11-10 07:04:14.977000+09:00,2025-11-10
2025-11-10 01:20:51.276000+00:00,39.2464,143.5133,9.114,5.3,"136 km E of Yamada, Japan",earthquake,reviewed,2025-11-10 10:20:51.276000+09:00,2025-11-10
2025-11-10 03:00:18.485000+00:00,39.2059,143.0813,10.0,5.4,"101 km ESE of Yamada, Japan",earthquake,reviewed,2025-11-10 12:00:18.485000+09:00,2025-11-10
2025-11-10 07:22:15.032000+00:00,39.5838,143.5899,10.0,5.1,"141 km E of Yamada, Japan",earthquake,reviewed,2025-11-10 16:22:15.032000+09:00,2025-11-10
2025-11-10 07:23:17.302000+00:00,39.5665,143.4526,11.0,6.0,"129 km E of Yamada, Japan",earthquake,reviewed,2025-11-10 16:23:17.302000+09:00,2025-11-10
2025-11-10 09:58:59.310000+00:00,39.5843,143.2329,13.724,5.1,"111 km E of Yamada, Japan",earthquake,reviewed,2025-11-10 18:58:59.310000+09:00,2025-11-10
2025-11-12 00:29:22.782000+00:00,39.8001,143.2245,35.0,5.3,"111 km E of Miyako, Japan",earthquake,reviewed,2025-11-12 09:29:22.782000+09:00,2025-11-12
2025-11-13 19:58:01.308000+00:00,39.3076,143.5312,10.0,5.2,"137 km E of Yamada, Japan",earthquake,reviewed,2025-11-14 04:58:01.308000+09:00,2025-11-14
2025-11-17 19:06:33.260000+00:00,39.7639,143.2167,17.622,5.2,"110 km E of Miyako, Japan",earthquake,reviewed,2025-11-18 04:06:33.260000+09:00,2025-11-18
2025-11-19 02:23:19.086000+00:00,39.216,143.4481,10.0,5.0,"132 km ESE of Yamada, Japan",earthquake,reviewed,2025-11-19 11:23:19.086000+09:00,2025-11-19
2025-11-21 12:22:04.100000+00:00,39.6845,143.5003,11.0,5.5,"133 km E of Miyako, Japan",earthquake,reviewed,2025-11-21 21:22:04.100000+09:00,2025-11-21
2025-11-25 09:01:17.570000+00:00,33.0317,131.0814,10.0,5.3,"10 km N of Aso, Japan",earthquake,reviewed,2025-11-25 18:01:17.570000+09:00,2025-11-25
2025-11-26 16:43:57.594000+00:00,42.4544,144.2913,81.265,5.0,"58 km S of Kushiro, Japan",earthquake,reviewed,2025-11-27 01:43:57.594000+09:00,2025-11-27
2025-12-02 10:03:05.574000+00:00,42.94,145.4636,52.509,5.0,"43 km SSW of Nemuro, Japan",earthquake,reviewed,2025-12-02 19:03:05.574000+09:00,2025-12-02
2025-12-08 14:15:09.896000+00:00,40.9984,142.1836,40.72,7.6,"2025 Aomori Prefecture, Japan Earthquake",earthquake,reviewed,2025-12-08 23:15:09.896000+09:00,2025-12-08
2025-12-08 14:33:39.631000+00:00,40.8889,142.4766,35.0,5.5,"93 km ENE of Hachinohe, Japan",earthquake,reviewed,2025-12-08 23:33:39.631000+09:00,2025-12-08
2025-12-08 15:57:56.368000+00:00,40.9443,143.0631,39.127,5.0,"132 km S of Honchō, Japan",earthquake,reviewed,2025-12-09 00:57:56.368000+09:00,2025-12-09
2025-12-08 18:56:28.302000+00:00,40.9878,143.1226,22.788,6.0,"127 km S of Honchō, Japan",earthquake,reviewed,2025-12-09 03:56:28.302000+09:00,2025-12-09
2025-12-08 19:01:10.789000+00:00,40.902,143.2141,31.27,5.1,"138 km S of Honchō, Japan",earthquake,reviewed,2025-12-09 04:01:10.789000+09:00,2025-12-09
2025-12-08 21:52:41.325000+00:00,40.9761,143.1504,19.0,6.6,"129 km S of Honchō, Japan",earthquake,reviewed,2025-12-09 06:52:41.325000+09:00,2025-12-09
2025-12-08 22:07:18.802000+00:00,41.117,143.0169,49.582,5.0,"112 km S of Honchō, Japan",earthquake,reviewed,2025-12-09 07:07:18.802000+09:00,2025-12-09
2025-12-08 23:59:06.545000+00:00,40.8255,142.7591,47.786,5.6,"109 km NE of Kuji, Japan",earthquake,reviewed,2025-12-09 08:59:06.545000+09:00,2025-12-09
2025-12-09 09:09:47.904000+00:00,41.3127,142.2857,60.104,5.0,"89 km E of Mutsu, Japan",earthquake,reviewed,2025-12-09 18:09:47.904000+09:00,2025-12-09
2025-12-10 14:52:24.118000+00:00,40.9018,142.6725,33.0,5.7,"108 km ENE of Hachinohe, Japan",earthquake,reviewed,2025-12-10 23:52:24.118000+09:00,2025-12-10
2025-12-11 22:09:19.485000+00:00,41.1264,142.8124,28.976,5.0,"111 km S of Honchō, Japan",earthquake,reviewed,2025-12-12 07:09:19.485000+09:00,2025-12-12
2025-12-12 02:44:12.841000+00:00,40.8899,142.8131,19.0,6.7,"117 km NE of Kuji, Japan",earthquake,reviewed,2025-12-12 11:44:12.841000+09:00,2025-12-12
2025-12-12 03:21:39.359000+00:00,40.997,142.937,32.637,5.3,"125 km S of Honchō, Japan",earthquake,reviewed,2025-12-12 12:21:39.359000+09:00,2025-12-12
2025-12-12 19:03:12.415000+00:00,32.3881,137.523,367.01,5.3,"202 km SE of Kushimoto, Japan",earthquake,reviewed,2025-12-13 04:03:12.415000+09:00,2025-12-13
2025-12-14 07:58:11.223000+00:00,39.8072,143.6256,10.0,5.0,"145 km E of Miyako, Japan",earthquake,reviewed,2025-12-14 16:58:11.223000+09:00,2025-12-14
2025-12-16 05:38:51.412000+00:00,40.9265,143.0232,35.0,5.1,"133 km S of Honchō, Japan",earthquake,reviewed,2025-12-16 14:38:51.412000+09:00,2025-12-16
2025-12-17 09:50:18.556000+00:00,41.2916,142.346,51.965,5.0,"94 km E of Mutsu, Japan",earthquake,reviewed,2025-12-17 18:50:18.556000+09:00,2025-12-17
2025-12-20 12:30:27.992000+00:00,42.7096,146.0547,10.0,5.2,"78 km SSE of Nemuro, Japan",earthquake,reviewed,2025-12-20 21:30:27.992000+09:00,2025-12-20
2025-12-20 12:58:54.590000+00:00,42.752,145.9512,35.0,5.2,"70 km SSE of Nemuro, Japan",earthquake,reviewed,2025-12-20 21:58:54.590000+09:00,2025-12-20
2025-12-21 01:29:03.535000+00:00,40.8014,142.0514,57.224,5.4,"57 km ENE of Misawa, Japan",earthquake,reviewed,2025-12-21 10:29:03.535000+09:00,2025-12-21
2025-12-21 06:58:47.794000+00:00,34.7697,141.8354,10.0,5.1,"140 km SE of Hasaki, Japan",earthquake,reviewed,2025-12-21 15:58:47.794000+09:00,2025-12-21
2025-12-23 09:44:22.202000+00:00,33.1242,137.7749,334.154,5.2,"160 km SSE of Shima, Japan",earthquake,reviewed,2025-12-23 18:44:22.202000+09:00,2025-12-23
2025-12-25 16:17:41.763000+00:00,41.2106,142.4687,54.143,5.6,"103 km E of Yokohama, Japan",earthquake,reviewed,2025-12-26 01:17:41.763000+09:00,2025-12-26
2025-12-31 14:26:57.992000+00:00,40.1161,142.9454,27.0,6.0,"96 km E of Noda, Japan",earthquake,reviewed,2025-12-31 23:26:57.992000+09:00,2025-12-31
2026-01-06 01:18:48.586000+00:00,35.3627,133.1106,10.0,5.7,"13 km WSW of Yasugichō, Japan",earthquake,reviewed,2026-01-06 10:18:48.586000+09:00,2026-01-06
2026-01-06 01:37:48.746000+00:00,35.3273,133.0704,28.19,5.0,"17 km S of Matsue, Japan",earthquake,reviewed,2026-01-06 10:37:48.746000+09:00,2026-01-06
2026-01-14 22:13:16.026000+00:00,42.7287,145.5068,30.0,5.5,"63 km ESE of Akkeshi, Japan",earthquake,reviewed,2026-01-15 07:13:16.026000+09:00,2026-01-15
2026-01-15 05:48:04.538000+00:00,36.2405,137.6972,2.286,5.1,"19 km WSW of Toyoshina, Japan",earthquake,reviewed,2026-01-15 14:48:04.538000+09:00,2026-01-15
2026-01-16 19:34:14.532000+00:00,41.2871,142.595,37.4,5.3,"97 km SSW of Honchō, Japan",earthquake,reviewed,2026-01-17 04:34:14.532000+09:00,2026-01-17
2026-01-16 19:36:47.158000+00:00,40.9527,142.8004,52.668,5.0,"120 km ENE of Hachinohe, Japan",earthquake,reviewed,2026-01-17 04:36:47.158000+09:00,2026-01-17
2026-01-17 00:16:17.313000+00:00,29.8969,142.1796,10.0,5.0,"Izu Islands, Japan region",earthquake,reviewed,2026-01-17 09:16:17.313000+09:00,2026-01-17
2026-01-20 17:51:41.403000+00:00,41.4231,141.9872,62.109,5.3,"66 km ENE of Mutsu, Japan",earthquake,reviewed,2026-01-21 02:51:41.403000+09:00,2026-01-21
2026-01-22 14:31:31.160000+00:00,41.1318,142.369,57.439,5.3,"94 km E of Yokohama, Japan",earthquake,reviewed,2026-01-22 23:31:31.160000+09:00,2026-01-22
2026-01-27 02:47:30.039000+00:00,42.9662,146.3815,35.0,5.2,"76 km ESE of Nemuro, Japan",earthquake,reviewed,2026-01-27 11:47:30.039000+09:00,2026-01-27
2026-01-28 10:45:50.908000+00:00,40.2744,143.0152,19.906,5.1,"103 km E of Noda, Japan",earthquake,reviewed,2026-01-28 19:45:50.908000+09:00,2026-01-28
2026-02-20 14:16:30.267000+00:00,41.5427,141.9999,54.152,5.3,"71 km ENE of Mutsu, Japan",earthquake,reviewed,2026-02-20 23:16:30.267000+09:00,2026-02-20
2026-02-25 09:07:45.997000+00:00,32.0687,132.5883,17.334,5.2,"96 km S of Sukumo, Japan",earthquake,reviewed,2026-02-25 18:07:45.997000+09:00,2026-02-25
2026-03-01 09:00:07.763000+00:00,31.113,130.539,125.0,5.5,"17 km SW of Ibusuki, Japan",earthquake,reviewed,2026-03-01 18:00:07.763000+09:00,2026-03-01
2026-03-08 13:08:35.326000+00:00,39.3861,143.186,16.0,5.4,"106 km E of Yamada, Japan",earthquake,reviewed,2026-03-08 22:08:35.326000+09:00,2026-03-08
2026-03-08 13:17:08.341000+00:00,39.4355,143.1655,16.0,5.7,"104 km E of Yamada, Japan",earthquake,reviewed,2026-03-08 22:17:08.341000+09:00,2026-03-08
2026-03-09 15:45:43.620000+00:00,42.0868,140.3092,144.0,5.9,"19 km NE of Otobe, Japan",earthquake,reviewed,2026-03-10 00:45:43.620000+09:00,2026-03-10
2026-03-13 19:55:24.163000+00:00,39.418,143.3754,32.862,5.0,"122 km E of Yamada, Japan",earthquake,reviewed,2026-03-14 04:55:24.163000+09:00,2026-03-14
2026-03-21 11:12:04.314000+00:00,29.4858,130.6689,21.65,5.4,"84 km S of Koshima, Japan",earthquake,reviewed,2026-03-21 20:12:04.314000+09:00,2026-03-21
2026-03-26 14:18:50.947000+00:00,39.4462,143.3717,9.513,6.5,"122 km E of Yamada, Japan",earthquake,reviewed,2026-03-26 23:18:50.947000+09:00,2026-03-26
2026-03-27 15:24:33.227000+00:00,39.3975,143.1958,16.096,5.1,"107 km E of Yamada, Japan",earthquake,reviewed,2026-03-28 00:24:33.227000+09:00,2026-03-28
2026-04-02 00:52:52.373000+00:00,38.167,141.6037,66.591,5.0,"33 km SSE of Onagawa Chō, Japan",earthquake,reviewed,2026-04-02 09:52:52.373000+09:00,2026-04-02
2026-04-04 10:36:46.191000+00:00,38.4373,141.9269,67.953,5.0,"41 km E of Onagawa Chō, Japan",earthquake,reviewed,2026-04-04 19:36:46.191000+09:00,2026-04-04
