date,market_close,market_return
2010-01-05,10681.830078125,0.002537829367201594
2010-01-06,10731.4501953125,0.004645282393053174
2010-01-07,10681.66015625,-0.004639637528602414
2010-01-08,10798.3203125,0.010921537901740885
2010-01-12,10879.1396484375,0.007484435875081852
2010-01-13,10735.0302734375,-0.01324639444449982
2010-01-14,10907.6796875,0.016082806444402742
2010-01-15,10982.099609375,0.006822708770984898
2010-01-18,10855.080078125,-0.011566051644766429
2010-01-19,10764.900390625,-0.00830760223332938
2010-01-20,10737.51953125,-0.002543531141156241
2010-01-21,10868.41015625,0.012190024392417786
2010-01-22,10590.5498046875,-0.025565869116810358
2010-01-25,10512.6904296875,-0.007351778371840423
2010-01-26,10325.2802734375,-0.01782704032839777
2010-01-27,10252.080078125,-0.007089414851121578
2010-01-28,10414.2900390625,0.015822151183115363
2010-01-29,10198.0400390625,-0.02076473760466413
2010-02-01,10205.01953125,0.0006843954486122072
2010-02-02,10371.08984375,0.016273394871166635
2010-02-03,10404.330078125,0.0032050859529513254
2010-02-04,10355.98046875,-0.004647066078445006
2010-02-05,10057.08984375,-0.028861644332173753
2010-02-08,9951.8203125,-0.01046719606620794
2010-02-09,9932.900390625,-0.00190115187783646
2010-02-10,9963.990234375,0.0031299864618941076
2010-02-12,10092.1904296875,0.01286635095949995
2010-02-15,10013.2998046875,-0.00781699726631524
2010-02-16,10034.25,0.0020922368970408556
2010-02-17,10306.830078125,0.02716496779779254
2010-02-18,10335.6904296875,0.0028001190806232756
2010-02-19,10123.580078125,-0.020522126993398504
2010-02-22,10400.4697265625,0.02735096144849014
2010-02-23,10352.099609375,-0.004650762750067372
2010-02-24,10198.830078125,-0.014805646876812961
2010-02-25,10101.9599609375,-0.00949815973454371
2010-02-26,10126.0302734375,0.0023827368741389243
2010-03-01,10172.0595703125,0.004545640851552957
2010-03-02,10221.83984375,0.004893824411212222
2010-03-03,10253.1396484375,0.0030620519560025095
2010-03-04,10145.7197265625,-0.010476783264272593
2010-03-05,10368.9599609375,0.02200339063088208
2010-03-08,10585.919921875,0.020923984831153986
2010-03-09,10567.650390625,-0.0017258331240771474
2010-03-10,10563.919921875,-0.0003530083426406261
2010-03-11,10664.9501953125,0.009563710647625623
2010-03-12,10751.259765625,0.008092824507557106
2010-03-15,10751.98046875,6.703429558130303e-05
2010-03-16,10721.7099609375,-0.0028153425222896544
2010-03-17,10846.98046875,0.011683817998145773
2010-03-18,10744.0302734375,-0.009491138626929185
2010-03-19,10824.7197265625,0.007510166210578317
2010-03-23,10774.150390625,-0.004671653143444421
2010-03-24,10815.0302734375,0.003794255818822645
2010-03-25,10828.849609375,0.0012777898524649611
2010-03-26,10996.3701171875,0.015469834179566933
2010-03-29,10986.4697265625,-0.0009003326115338828
2010-03-30,11097.1396484375,0.010073292388675936
2010-03-31,11089.9404296875,-0.0006487454405436077
2010-04-01,11244.400390625,0.013927934231640737
2010-04-02,11286.08984375,0.0037075745861698817
2010-04-05,11339.2998046875,0.004714649774560042
2010-04-06,11282.3203125,-0.005024956846448769
2010-04-07,11292.830078125,0.0009315251946317993
2010-04-08,11168.2001953125,-0.011036195705620089
2010-04-09,11204.33984375,0.0032359420323311294
2010-04-12,11251.900390625,0.004244832586145719
2010-04-13,11161.23046875,-0.008058187392997684
2010-04-14,11204.900390625,0.003912644040213076
2010-04-15,11273.7900390625,0.006148171428202787
2010-04-16,11102.1796875,-0.015222063828392085
2010-04-19,10908.76953125,-0.017420917485938547
2010-04-20,10900.6796875,-0.0007415908574129881
2010-04-21,11090.0498046875,0.017372321966735216
2010-04-22,10949.08984375,-0.012710489440536099
2010-04-23,10914.4599609375,-0.003162809266038402
2010-04-26,11165.7900390625,0.023027257328763984
2010-04-27,11212.66015625,0.004197653459677264
2010-04-28,10924.7900390625,-0.02567366826212414
2010-04-30,11057.400390625,0.012138480564692022
2010-05-06,10695.6904296875,-0.03271202526447137
2010-05-07,10364.58984375,-0.030956448124048186
2010-05-10,10530.7001953125,0.01602671731990113
2010-05-11,10411.099609375,-0.011357325127415274
2010-05-12,10394.0302734375,-0.0016395324776384834
2010-05-13,10620.5498046875,0.021793233740032836
2010-05-14,10462.509765625,-0.014880589232089236
2010-05-17,10235.759765625,-0.021672620153244337
2010-05-18,10242.6396484375,0.0006721418800395007
2010-05-19,10186.83984375,-0.005447795353809237
2010-05-20,10030.3095703125,-0.015365930537676764
2010-05-21,9784.5400390625,-0.024502686534962348
2010-05-24,9758.400390625,-0.002671525522216056
2010-05-25,9459.8896484375,-0.03059013057860205
2010-05-26,9522.66015625,0.00663543763672414
2010-05-27,9639.7197265625,0.012292738414661386
2010-05-28,9762.98046875,0.012786755806587502
2010-05-31,9768.7001953125,0.0005858586505225194
2010-06-01,9711.830078125,-0.005821666757138133
2010-06-02,9603.240234375,-0.0111811927182075
2010-06-03,9914.1904296875,0.032379716400246616
2010-06-04,9901.1904296875,-0.0013112517953127734
2010-06-07,9520.7998046875,-0.03841867578462543
2010-06-08,9537.9404296875,0.0018003345676442795
2010-06-09,9439.1298828125,-0.010359736213852333
2010-06-10,9542.650390625,0.010967166369963532
2010-06-11,9705.25,0.017039250388418692
2010-06-14,9879.849609375,0.017990222753148988
2010-06-15,9887.8896484375,0.0008137815230375711
2010-06-16,10067.150390625,0.018129322692818084
2010-06-17,9999.400390625,-0.006729809069217052
2010-06-18,9995.01953125,-0.00043811220711864607
2010-06-21,10238.009765625,0.024311131520581508
2010-06-22,10112.8896484375,-0.012221136729875126
2010-06-23,9923.7001953125,-0.01870775413377823
2010-06-24,9928.33984375,0.0004675321045763958
2010-06-25,9737.48046875,-0.019223694797287583
2010-06-28,9693.9404296875,-0.004471386535996769
2010-06-29,9570.669921875,-0.012716243586043396
2010-06-30,9382.6396484375,-0.019646511160909652
2010-07-01,9191.599609375,-0.020361012062774297
2010-07-02,9203.7099609375,0.00131754559349484
2010-07-05,9266.7802734375,0.006852705351177324
2010-07-06,9338.0400390625,0.007689808490362049
2010-07-07,9279.650390625,-0.006252880496683155
2010-07-08,9535.740234375,0.02759692800590008
2010-07-09,9585.3203125,0.00519939479331355
2010-07-12,9548.1103515625,-0.0038819736560055107
2010-07-13,9537.23046875,-0.0011394802125134218
2010-07-14,9795.240234375,0.027052902461611072
2010-07-15,9685.5302734375,-0.011200333867513401
2010-07-16,9408.3603515625,-0.028616907288508187
2010-07-21,9278.830078125,-0.013767571457441896
2010-07-22,9220.8798828125,-0.0062454204705308936
2010-07-23,9430.9599609375,0.022783083696446882
2010-07-26,9503.66015625,0.007708673943439548
2010-07-27,9496.849609375,-0.0007166235706062007
2010-07-28,9753.26953125,0.02700052463944158
2010-07-29,9696.01953125,-0.005869826504493525
2010-07-30,9537.2998046875,-0.01636957578838938
2010-08-02,9570.3095703125,0.0034611227811855994
2010-08-03,9694.009765625,0.012925412120024182
2010-08-04,9489.33984375,-0.021113030296375457
2010-08-05,9653.919921875,0.01734368047039636
2010-08-06,9642.1201171875,-0.0012222811855692184
2010-08-09,9572.490234375,-0.007221428686454701
2010-08-10,9551.0498046875,-0.0022397964544802473
2010-08-11,9292.849609375,-0.027033697927716704
2010-08-12,9212.58984375,-0.008636722749072678
2010-08-13,9253.4599609375,0.004436333092070477
2010-08-16,9196.669921875,-0.006137168075750377
2010-08-17,9161.6796875,-0.003804663500184269
2010-08-18,9240.5400390625,0.008607630287500223
2010-08-19,9362.6796875,0.013217804145772893
2010-08-20,9179.3798828125,-0.01957770753732191
2010-08-23,9116.6904296875,-0.006829377792979208
2010-08-24,8995.1396484375,-0.013332774891004706
2010-08-25,8845.3896484375,-0.01664787939406942
2010-08-26,8906.48046875,0.006906515455007867
2010-08-27,8991.0595703125,0.00949635513817837
2010-08-30,9149.259765625,0.017595278295659433
2010-08-31,8824.0595703125,-0.03554388044968626
2010-09-01,8927.01953125,0.011668094499712733
2010-09-02,9062.83984375,0.015214519473665922
2010-09-03,9114.1298828125,0.005659378290555406
2010-09-06,9301.3203125,0.020538486075396545
2010-09-07,9226.0,-0.008097808694834119
2010-09-08,9024.599609375,-0.021829654305766333
2010-09-09,9098.3896484375,0.008176544362793026
2010-09-10,9239.169921875,0.015473097864266094
2010-09-13,9321.8203125,0.00894565110544332
2010-09-14,9299.3095703125,-0.0024148440361282386
2010-09-16,9509.5,0.022602799497988713
2010-09-17,9626.08984375,0.012260354776802096
2010-09-21,9602.1103515625,-0.002491093743849593
2010-09-22,9566.3203125,-0.0037273097009009604
2010-09-24,9471.669921875,-0.009894127264516106
2010-09-27,9603.1396484375,0.01388031124890321
2010-09-28,9495.759765625,-0.011181747505876527
2010-09-29,9559.3798828125,0.006699844852626535
2010-09-30,9369.349609375,-0.019878933128200993
2010-10-01,9404.23046875,0.0037228688040520375
2010-10-04,9381.0595703125,-0.002463880326465495
2010-10-05,9518.759765625,0.014678533302172836
2010-10-06,9691.4296875,0.01813996005010665
2010-10-07,9684.8095703125,-0.0006830898433941579
2010-10-08,9588.8798828125,-0.00990517023629045
2010-10-12,9388.6396484375,-0.02088254695252978
2010-10-13,9403.509765625,0.0015838415089213242
2010-10-14,9583.509765625,0.01914178902200958
2010-10-15,9500.25,-0.008687815597960169
2010-10-18,9498.490234375,-0.0001852336122734055
2010-10-19,9539.4501953125,0.004312260151541292
2010-10-20,9381.599609375,-0.01654713664893026
2010-10-21,9376.48046875,-0.0005456575464897195
2010-10-22,9426.7099609375,0.005356966545699615
2010-10-25,9401.16015625,-0.0027103628724521878
2010-10-26,9377.3798828125,-0.0025295041295185783
2010-10-27,9387.0302734375,0.001029113755185218
2010-10-28,9366.0302734375,-0.002237129250496128
2010-10-29,9202.4501953125,-0.017465251910291246
2010-11-01,9154.7197265625,-0.005186713074993077
2010-11-02,9159.98046875,0.0005746480880497451
2010-11-04,9358.7802734375,0.02170308172225055
2010-11-05,9625.990234375,0.028551793410077853
2010-11-08,9732.919921875,0.011108435069687506
2010-11-09,9694.490234375,-0.0039484232695295995
2010-11-10,9830.51953125,0.014031609046617266
2010-11-11,9861.4599609375,0.0031473849972165624
2010-11-12,9724.8095703125,-0.013857014191234307
2010-11-15,9827.509765625,0.010560638187303795
2010-11-16,9797.099609375,-0.0030943908452139013
2010-11-17,9811.66015625,0.0014862099453460953
2010-11-18,10013.6298828125,0.020584663894401833
2010-11-19,10022.3896484375,0.0008747842418297402
2010-11-22,10115.1904296875,0.009259346773099031
2010-11-24,10030.1103515625,-0.008411119762540054
2010-11-25,10079.759765625,0.00495003667180649
2010-11-26,10039.5595703125,-0.003988209664440134
2010-11-29,10125.990234375,0.008609009534449985
2010-11-30,9937.0400390625,-0.01865992272746475
2010-12-01,9988.0498046875,0.005133295772632662
2010-12-02,10168.51953125,0.018068564944260013
2010-12-03,10178.3203125,0.0009638356124390679
2010-12-06,10167.23046875,-0.001089555389250263
2010-12-07,10141.099609375,-0.0025701059354674705
2010-12-08,10232.330078125,0.008996112084892705
2010-12-09,10285.8798828125,0.005233393008106768
2010-12-10,10211.9501953125,-0.007187492790338257
2010-12-13,10293.8896484375,0.008023879039540605
2010-12-14,10316.76953125,0.002222666416088259
2010-12-15,10309.7802734375,-0.0006774657310438803
2010-12-16,10311.2900390625,0.00014644013596387673
2010-12-17,10303.830078125,-0.0007234750365123777
2010-12-20,10216.41015625,-0.008484216180990045
2010-12-21,10370.5302734375,0.015085545199378547
2010-12-22,10346.48046875,-0.002319052551160272
2010-12-24,10279.1904296875,-0.0065036646293142875
2010-12-27,10355.990234375,0.0074713865078024355
2010-12-28,10292.6298828125,-0.006118232069414864
2010-12-29,10344.5400390625,0.005043429797926047
2010-12-30,10228.919921875,-0.011176922004352163
2011-01-04,10398.099609375,0.016539350077245274
2011-01-05,10380.76953125,-0.0016666582141005026
2011-01-06,10529.759765625,0.014352523088628777
2011-01-07,10541.0400390625,0.0010712754790782597
2011-01-11,10510.6796875,-0.0028802045576140634
2011-01-12,10512.7998046875,0.00020171075996366916
2011-01-13,10589.759765625,0.007320596070248042
2011-01-14,10499.0400390625,-0.008566740754306967
2011-01-17,10502.8603515625,0.00036387255270819985
2011-01-18,10518.98046875,0.0015348311457936692
2011-01-19,10557.099609375,0.0036238436546436326
2011-01-20,10437.3095703125,-0.011346870210083404
2011-01-21,10274.51953125,-0.015596935011445323
2011-01-24,10345.1103515625,0.006870474098355395
2011-01-25,10464.419921875,0.011532943222251735
2011-01-26,10401.900390625,-0.005974486088742292
2011-01-27,10478.66015625,0.007379398258243519
2011-01-28,10360.33984375,-0.011291549753088215
2011-01-31,10237.919921875,-0.011816207163209191
2011-02-01,10274.5,0.0035729990470858564
2011-02-02,10457.3603515625,0.01779749394739394
2011-02-03,10431.3603515625,-0.0024862870864075237
2011-02-04,10543.51953125,0.010752114384649625
2011-02-07,10592.0400390625,0.00460192705753415
2011-02-08,10635.98046875,0.004148438782845654
2011-02-09,10617.830078125,-0.0017065084576197709
2011-02-10,10605.650390625,-0.0011470976094346552
2011-02-14,10725.5400390625,0.011304318360661592
2011-02-15,10746.669921875,0.001970053044932474
2011-02-16,10808.2900390625,0.005733880135470715
2011-02-17,10836.6396484375,0.0026229504641845924
2011-02-18,10842.7998046875,0.000568456315781285
2011-02-21,10857.5302734375,0.0013585484390878921
2011-02-22,10664.7001953125,-0.017760031357844874
2011-02-23,10579.099609375,-0.008026534677001429
2011-02-24,10452.7099609375,-0.011947108270489837
2011-02-25,10526.759765625,0.00708426857381772
2011-02-28,10624.08984375,0.009245967447915948
2011-03-01,10754.0302734375,0.012230735206361532
2011-03-02,10492.3798828125,-0.024330449512614538
2011-03-03,10586.01953125,0.008924538520654446
2011-03-04,10693.66015625,0.010168186888588782
2011-03-07,10505.01953125,-0.017640417054935797
2011-03-08,10525.1904296875,0.0019201200319043377
2011-03-09,10589.5,0.006110062401446736
2011-03-10,10434.3798828125,-0.014648483609943863
2011-03-11,10254.4296875,-0.017245892648485417
2011-03-14,9620.490234375,-0.06182103465956401
2011-03-15,8605.150390625,-0.10553930402861245
2011-03-16,9093.7197265625,0.05677638550858788
2011-03-17,8962.669921875,-0.01441102306075115
2011-03-18,9206.75,0.02723296520485241
2011-03-22,9608.3203125,0.043616945447633615
2011-03-23,9449.4697265625,-0.016532607237379704
2011-03-24,9435.009765625,-0.0015302404638487532
2011-03-25,9536.1298828125,0.010717542397880253
2011-03-28,9478.5302734375,-0.006040145224826987
2011-03-29,9459.080078125,-0.0020520265010923744
2011-03-30,9708.7900390625,0.026398968914004284
2011-03-31,9755.099609375,0.004769860108847501
2011-04-01,9708.3896484375,-0.004788260787476739
2011-04-04,9718.8896484375,0.0010815387906983887
2011-04-05,9615.5498046875,-0.010632885801580616
2011-04-06,9584.3701171875,-0.0032426317925990933
2011-04-07,9590.9296875,0.0006844028592694062
2011-04-08,9768.080078125,0.018470617176547854
2011-04-11,9719.7001953125,-0.004952854852290134
2011-04-12,9555.259765625,-0.016918261508395482
2011-04-13,9641.1796875,0.008991898073152926
2011-04-14,9653.919921875,0.0013214393661304946
2011-04-15,9591.51953125,-0.006463736091658068
2011-04-18,9556.650390625,-0.003635413607968263
2011-04-19,9441.0302734375,-0.012098393522998685
2011-04-20,9606.8203125,0.017560587590631282
2011-04-21,9685.76953125,0.008218038454125498
2011-04-22,9682.2099609375,-0.0003675051632207049
2011-04-25,9671.9599609375,-0.0010586426075610555
2011-04-26,9558.6904296875,-0.011711124912372028
2011-04-27,9691.83984375,0.013929671124086607
2011-04-28,9849.740234375,0.016292096564805014
2011-05-02,10004.2001953125,0.015681627866534376
2011-05-06,9859.2001953125,-0.014493912273760845
2011-05-09,9794.3798828125,-0.006574601510862754
2011-05-10,9818.759765625,0.0024891706370591127
2011-05-11,9864.259765625,0.004633986479564589
2011-05-12,9716.650390625,-0.014964060001176116
2011-05-13,9648.76953125,-0.006986034965351218
2011-05-16,9558.2998046875,-0.009376296767115266
2011-05-17,9567.01953125,0.0009122675309078954
2011-05-18,9662.080078125,0.00993627603293712
2011-05-19,9620.8203125,-0.004270277755036633
2011-05-20,9607.080078125,-0.0014281770086848056
2011-05-23,9460.6298828125,-0.015243986114570007
2011-05-24,9477.169921875,0.001748302096940657
2011-05-25,9422.8798828125,-0.005728507509102365
2011-05-26,9562.0498046875,0.01476936176686805
2011-05-27,9521.9404296875,-0.004194641925033493
2011-05-30,9504.9697265625,-0.0017822736080230772
2011-05-31,9693.73046875,0.019859162902959193
2011-06-01,9719.6103515625,0.0026697547343543793
2011-06-02,9555.0400390625,-0.016931780858225887
2011-06-03,9492.2099609375,-0.00657559548344544
2011-06-06,9380.349609375,-0.011784437135591186
2011-06-07,9442.9501953125,0.0066735877173420555
2011-06-08,9449.4599609375,0.0006893783712034196
2011-06-09,9467.150390625,0.0018721101269945084
2011-06-10,9514.4404296875,0.004995171420254296
2011-06-13,9448.2099609375,-0.006961047182905689
2011-06-14,9547.7900390625,0.010539570832644785
2011-06-15,9574.3203125,0.002778682116904241
2011-06-16,9411.2802734375,-0.01702888912643119
2011-06-17,9351.400390625,-0.006362565036077572
2011-06-20,9354.3203125,0.0003122443434169231
2011-06-21,9459.66015625,0.011261090087885561
2011-06-22,9629.4296875,0.017946683966002075
2011-06-23,9596.740234375,-0.0033947444641954094
2011-06-24,9678.7099609375,0.008541413496729655
2011-06-27,9578.3095703125,-0.010373323617528407
2011-06-28,9648.98046875,0.007378222422100622
2011-06-29,9797.259765625,0.015367353820979313
2011-06-30,9816.08984375,0.0019219739575617734
2011-07-01,9868.0703125,0.005295435308499741
2011-07-04,9965.08984375,0.009831661933651148
2011-07-05,9972.4599609375,0.0007395936517444746
2011-07-06,10082.48046875,0.011032434147989045
2011-07-07,10071.1396484375,-0.0011248045902643167
2011-07-08,10137.73046875,0.006612044181398158
2011-07-11,10069.5302734375,-0.0067273632419732055
2011-07-12,9925.919921875,-0.014261871970466244
2011-07-13,9963.1396484375,0.0037497508397659196
2011-07-14,9936.1201171875,-0.002711949466073893
2011-07-15,9974.4697265625,0.0038596161200450396
2011-07-19,9889.7197265625,-0.00849669228774208
2011-07-20,10005.900390625,0.011747619475044768
2011-07-21,10010.3896484375,0.00044866105370244824
2011-07-22,10132.1103515625,0.012159437084849012
2011-07-25,10050.009765625,-0.00810300945102116
2011-07-26,10097.7197265625,0.004747255181849264
2011-07-27,10047.1904296875,-0.005004030438880203
2011-07-28,9901.349609375,-0.014515582374309166
2011-07-29,9833.0302734375,-0.00690000238682742
2011-08-01,9965.009765625,0.013422056936407856
2011-08-02,9844.58984375,-0.012084275350175422
2011-08-03,9637.1396484375,-0.021072507702715848
2011-08-04,9659.1796875,0.002286989694714414
2011-08-05,9299.8798828125,-0.03719775553533511
2011-08-08,9097.5595703125,-0.021755153297615903
2011-08-09,8944.48046875,-0.016826391778959393
2011-08-10,9038.740234375,0.01053831644602754
2011-08-11,8981.9404296875,-0.006284039945244402
2011-08-12,8963.7197265625,-0.002028593182913596
2011-08-15,9086.41015625,0.013687445996769299
2011-08-16,9107.4296875,0.002313293246567927
2011-08-17,9057.259765625,-0.005508680670228916
2011-08-18,8943.759765625,-0.012531383987767097
2011-08-19,8719.240234375,-0.025103484120060138
2011-08-22,8628.1298828125,-0.010449345254108677
2011-08-23,8733.009765625,0.012155575337527535
2011-08-24,8639.6103515625,-0.010694985642881072
2011-08-25,8772.3603515625,0.015365276279617479
2011-08-26,8797.7802734375,0.002897728872990557
2011-08-29,8851.349609375,0.006088960427806711
2011-08-30,8953.900390625,0.01158589207021965
2011-08-31,8955.2001953125,0.00014516631085825793
2011-09-01,9060.7998046875,0.011791987568326556
2011-09-02,8950.740234375,-0.0121467831411044
2011-09-05,8784.4599609375,-0.018577265017579947
2011-09-06,8590.5703125,-0.022071891647259312
2011-09-07,8763.41015625,0.020119717022571093
2011-09-08,8793.1201171875,0.003390228279605445
2011-09-09,8737.66015625,-0.006307199287440057
2011-09-12,8535.669921875,-0.02311719965791037
2011-09-13,8616.5498046875,0.009475516690871988
2011-09-14,8518.5703125,-0.011371081744829925
2011-09-15,8668.8603515625,0.017642636445926563
2011-09-16,8864.16015625,0.02252889039241457
2011-09-20,8721.240234375,-0.016123346076303613
2011-09-21,8741.16015625,0.0022840698501211953
2011-09-22,8560.259765625,-0.02069523809098206
2011-09-26,8374.1298828125,-0.0217434853507521
2011-09-27,8609.9501953125,0.028160574985111042
2011-09-28,8615.650390625,0.0006620474199261484
2011-09-29,8701.23046875,0.009933095500035849
2011-09-30,8700.2900390625,-0.00010808008026885751
2011-10-03,8545.48046875,-0.017793610283960315
2011-10-04,8456.1201171875,-0.010457030694679181
2011-10-05,8382.98046875,-0.008649315220681353
2011-10-06,8522.01953125,0.016585874560761438
2011-10-07,8605.6201171875,0.009809950051268945
2011-10-11,8773.6796875,0.019529048229405932
2011-10-12,8738.900390625,-0.003964049077897269
2011-10-13,8823.25,0.009652199430661756
2011-10-14,8747.9599609375,-0.008533141309891468
2011-10-17,8879.599609375,0.015048039660139567
2011-10-18,8741.91015625,-0.015506268208267948
2011-10-19,8772.5400390625,0.0035037974841918285
2011-10-20,8682.150390625,-0.01030370315040019
2011-10-21,8678.8896484375,-0.000375568498677592
2011-10-24,8843.98046875,0.01902211308127666
2011-10-25,8762.3095703125,-0.009234631252984182
2011-10-26,8748.4697265625,-0.0015794744112774817
2011-10-27,8926.5400390625,0.02035445261464819
2011-10-28,9050.4697265625,0.013883283663959967
2011-10-31,8988.3896484375,-0.006859321118195538
2011-11-01,8835.51953125,-0.017007508927260884
2011-11-02,8640.419921875,-0.02208128324372549
2011-11-04,8801.400390625,0.01863109318824252
2011-11-07,8767.08984375,-0.003898305423253645
2011-11-08,8655.509765625,-0.012727151211361698
2011-11-09,8755.4404296875,0.011545323934515128
2011-11-10,8500.7998046875,-0.029083702532722078
2011-11-11,8514.4697265625,0.0016080747916757954
2011-11-14,8603.7001953125,0.010479862118909056
2011-11-15,8541.9296875,-0.007179528157681969
2011-11-16,8463.16015625,-0.009221514825305643
2011-11-17,8479.6298828125,0.0019460492603744495
2011-11-18,8374.91015625,-0.01234956336652826
2011-11-21,8348.26953125,-0.0031810042738331656
2011-11-22,8314.740234375,-0.004016317004319259
2011-11-24,8165.18017578125,-0.01798733987809209
2011-11-25,8160.009765625,-0.0006332267071810227
2011-11-28,8287.490234375,0.015622587767851304
2011-11-29,8477.8203125,0.022965949007764275
2011-11-30,8434.6103515625,-0.005096824342194384
2011-12-01,8597.3798828125,0.019297812757864685
2011-12-02,8643.75,0.005393517306383266
2011-12-05,8695.98046875,0.006042570498915323
2011-12-06,8575.16015625,-0.01389381139184731
2011-12-07,8722.169921875,0.017143675796871483
2011-12-08,8664.580078125,-0.0066026968364335525
2011-12-09,8536.4599609375,-0.014786650481880548
2011-12-12,8653.8203125,0.013748128861323705
2011-12-13,8552.8095703125,-0.011672387285600938
2011-12-14,8519.1298828125,-0.003937850740522109
2011-12-15,8377.3701171875,-0.01664016954489722
2011-12-16,8401.7197265625,0.002906593481532216
2011-12-19,8296.1201171875,-0.012568808864349634
2011-12-20,8336.48046875,0.004864967116240626
2011-12-21,8459.98046875,0.014814405247268292
2011-12-22,8395.16015625,-0.007661993161738101
2011-12-26,8479.33984375,0.010027168741662429
2011-12-27,8440.5595703125,-0.0045735014932895
2011-12-28,8423.6201171875,-0.002006911151315127
2011-12-29,8398.8896484375,-0.0029358480565309097
2011-12-30,8455.349609375,0.006722312508059103
2012-01-04,8560.1103515625,0.012389877063314403
2012-01-05,8488.7099609375,-0.008341059600004752
2012-01-06,8390.349609375,-0.011587196642967479
2012-01-10,8422.259765625,0.0038031974513130784
2012-01-11,8447.8798828125,0.0030419528606879798
2012-01-12,8385.58984375,-0.007373452265725389
2012-01-13,8500.01953125,0.013645991472536423
2012-01-16,8378.3603515625,-0.0143128117812229
2012-01-17,8466.400390625,0.010508027271240561
2012-01-18,8550.580078125,0.009942795475774258
2012-01-19,8639.6796875,0.010420299975079317
2012-01-20,8766.3603515625,0.014662657487844566
2012-01-23,8765.900390625,-5.246886039977916e-05
2012-01-24,8785.330078125,0.0022165079038292124
2012-01-25,8883.6904296875,0.01119597678036155
2012-01-26,8849.4697265625,-0.0038520819017557884
2012-01-27,8841.2197265625,-0.0009322592488493209
2012-01-30,8793.0498046875,-0.005448334434023705
2012-01-31,8802.509765625,0.0010758452582011468
2012-02-01,8809.7900390625,0.0008270679194166686
2012-02-02,8876.8203125,0.007608611912462093
2012-02-03,8831.9296875,-0.005057061359773907
2012-02-06,8929.2001953125,0.011013505683833635
2012-02-07,8917.51953125,-0.001308142253169775
2012-02-08,9015.58984375,0.010997487827901997
2012-02-09,9002.240234375,-0.0014807250114926562
2012-02-10,8947.169921875,-0.006117400898691283
2012-02-13,8999.1796875,0.005812985120338565
2012-02-14,9052.0703125,0.005877271799947126
2012-02-15,9260.33984375,0.023007944487837273
2012-02-16,9238.099609375,-0.002401665030685729
2012-02-17,9384.169921875,0.015811727376457974
2012-02-20,9485.08984375,0.010754272643737073
2012-02-21,9463.01953125,-0.0023268427462015406
2012-02-22,9554.0,0.009614316915393939
2012-02-23,9595.5703125,0.0043510898576513135
2012-02-24,9647.3798828125,0.005399321627085341
2012-02-27,9633.9296875,-0.001394181163785424
2012-02-28,9722.51953125,0.009195608295226032
2012-02-29,9723.240234375,7.412719744959162e-05
2012-03-01,9707.3701171875,-0.0016321840050186331
2012-03-02,9777.0302734375,0.007176007034764398
2012-03-05,9698.58984375,-0.008022930020029628
2012-03-06,9637.6298828125,-0.006285445814247281
2012-03-07,9576.0595703125,-0.0063885325799658554
2012-03-08,9768.9599609375,0.020144025755961747
2012-03-09,9929.740234375,0.01645827949755163
2012-03-12,9889.8603515625,-0.004016206050833304
2012-03-13,9899.080078125,0.000932240318342048
2012-03-14,10050.51953125,0.01529833599989261
2012-03-15,10123.2802734375,0.007239500601065041
2012-03-16,10129.830078125,0.0006470041834845119
2012-03-19,10141.990234375,0.001200430427382937
2012-03-21,10086.490234375,-0.0054722987024666825
2012-03-22,10127.080078125,0.004024179155170282
2012-03-23,10011.4697265625,-0.011415961034239697
2012-03-26,10018.240234375,0.0006762751121882626
2012-03-27,10255.150390625,0.023647881335197463
2012-03-28,10182.5703125,-0.007077426986478064
2012-03-29,10114.7900390625,-0.006656499425718998
2012-03-30,10083.5595703125,-0.003087604253710685
2012-04-02,10109.8701171875,0.002609251890816733
2012-04-03,10050.3896484375,-0.005883405826240917
2012-04-04,9819.990234375,-0.02292442602942457
2012-04-05,9767.6103515625,-0.005334005590875601
2012-04-06,9688.4501953125,-0.008104352385160052
2012-04-09,9546.259765625,-0.014676282255782769
2012-04-10,9538.01953125,-0.0008631898332237542
2012-04-11,9458.740234375,-0.008311924358642031
2012-04-12,9524.7900390625,0.006982938853470344
2012-04-13,9637.990234375,0.011884796919223506
2012-04-16,9470.6396484375,-0.01736363929282947
2012-04-17,9464.7099609375,-0.0006261126724400601
2012-04-18,9667.259765625,0.021400529495722243
2012-04-19,9588.3798828125,-0.008159487251287345
2012-04-20,9561.3603515625,-0.0028179454277185156
2012-04-23,9542.169921875,-0.00200708152207274
2012-04-24,9468.0400390625,-0.007768660946035011
2012-04-25,9561.009765625,0.009819321230046807
2012-04-26,9561.830078125,8.579768456562498e-05
2012-04-27,9520.8896484375,-0.004281652084694665
2012-05-01,9350.9501953125,-0.017849114883175754
2012-05-02,9380.25,0.0031333505232642445
2012-05-07,9119.1396484375,-0.02783618257109355
2012-05-08,9181.650390625,0.006854894715666582
2012-05-09,9045.0595703125,-0.014876499812274235
2012-05-10,9009.650390625,-0.003914753619060685
2012-05-11,8953.3095703125,-0.006253385855141014
2012-05-14,8973.83984375,0.0022930373708482943
2012-05-15,8900.740234375,-0.008145856249697991
2012-05-16,8801.169921875,-0.01118674513333795
2012-05-17,8876.58984375,0.008569306415451283
2012-05-18,8611.3095703125,-0.029885381447953607
2012-05-21,8633.8896484375,0.0026221421887844265
2012-05-22,8729.2900390625,0.01104952628648248
2012-05-23,8556.599609375,-0.019782872251320693
2012-05-24,8563.3798828125,0.0007924027939874012
2012-05-25,8580.3896484375,0.00198633785465252
2012-05-28,8593.150390625,0.0014871984502269342
2012-05-29,8657.080078125,0.007439609990969931
2012-05-30,8633.1904296875,-0.0027595503590021053
2012-05-31,8542.73046875,-0.010478161193621993
2012-06-01,8440.25,-0.01199621937328843
2012-06-04,8295.6298828125,-0.01713457743402147
2012-06-05,8382.0,0.010411520090409132
2012-06-06,8533.5302734375,0.018078056959854427
2012-06-07,8639.7197265625,0.012443789348886236
2012-06-08,8459.259765625,-0.02088724711551493
2012-06-11,8624.900390625,0.019580983394444917
2012-06-12,8536.7197265625,-0.010223963184357476
2012-06-13,8587.83984375,0.005988262333181282
2012-06-14,8568.8896484375,-0.0022066311968185204
2012-06-15,8569.3203125,5.025902773514446e-05
2012-06-18,8721.01953125,0.017702596380802627
2012-06-19,8655.8701171875,-0.007470389652155962
2012-06-20,8752.3095703125,0.01114150880493292
2012-06-21,8824.0703125,0.008199063528432582
2012-06-22,8798.349609375,-0.00291483433541595
2012-06-25,8734.6201171875,-0.007243346197517986
2012-06-26,8663.990234375,-0.008086199727623922
2012-06-27,8730.490234375,0.0076754472478692826
2012-06-28,8874.1103515625,0.016450406945307305
2012-06-29,9006.7802734375,0.014950222232884558
2012-07-02,9003.48046875,-0.0003663689561997918
2012-07-03,9066.58984375,0.007009442095092577
2012-07-04,9104.169921875,0.004144896678093923
2012-07-05,9079.7998046875,-0.00267680825342953
2012-07-06,9020.75,-0.006503425841725585
2012-07-09,8896.8798828125,-0.013731687186486763
2012-07-10,8857.73046875,-0.004400353222496656
2012-07-11,8851.0,-0.0007598412227314277
2012-07-12,8720.009765625,-0.014799484168455557
2012-07-13,8724.1201171875,0.00047137006413722204
2012-07-17,8755.0,0.003539598538041977
2012-07-18,8726.740234375,-0.003227843018275278
2012-07-19,8795.5498046875,0.007884911027998376
2012-07-20,8669.8701171875,-0.014289008679482462
2012-07-23,8508.3203125,-0.018633474608487743
2012-07-24,8488.08984375,-0.002377727683838926
2012-07-25,8365.900390625,-0.014395400540555214
2012-07-26,8443.099609375,0.009227843405416492
2012-07-27,8566.6396484375,0.014632071724621554
2012-07-30,8635.4404296875,0.008031244930741144
2012-07-31,8695.0595703125,0.00690400693634996
2012-08-01,8641.849609375,-0.006119562552414748
2012-08-02,8653.1796875,0.0013110709671120269
2012-08-03,8555.1103515625,-0.011333329420994964
2012-08-06,8726.2900390625,0.02000905662996333
2012-08-07,8803.3095703125,0.008826148443981108
2012-08-08,8881.16015625,0.008843331626100737
2012-08-09,8978.599609375,0.010971477983811484
2012-08-10,8891.4404296875,-0.00970743584517264
2012-08-13,8885.150390625,-0.0007074263289779115
2012-08-14,8929.8798828125,0.00503418515399523
2012-08-15,8925.0400390625,-0.0005419830740741594
2012-08-16,9092.759765625,0.018792041921205538
2012-08-17,9162.5,0.007669864394598047
2012-08-20,9171.16015625,0.0009451739427013273
2012-08-21,9156.919921875,-0.001552718972560485
2012-08-22,9131.740234375,-0.0027497988095154247
2012-08-23,9178.1201171875,0.005078975268909991
2012-08-24,9070.759765625,-0.01169742280463848
2012-08-27,9085.3896484375,0.0016128618980675302
2012-08-28,9033.2900390625,-0.0057344386307042194
2012-08-29,9069.8095703125,0.004042771912789123
2012-08-30,8983.7802734375,-0.009485237392038881
2012-08-31,8839.91015625,-0.01601442965083233
2012-09-03,8783.8896484375,-0.006337225924507028
2012-09-04,8775.509765625,-0.0009540059299345538
2012-09-05,8679.8203125,-0.010904147528822739
2012-09-06,8680.5703125,8.640731869991036e-05
2012-09-07,8871.650390625,0.022012387578941084
2012-09-10,8869.3701171875,-0.00025702922647963256
2012-09-11,8807.3798828125,-0.006989248791734681
2012-09-12,8959.9599609375,0.017324116837830417
2012-09-13,8995.150390625,0.003927520864035028
2012-09-14,9159.3896484375,0.018258645012058317
2012-09-18,9123.76953125,-0.0038889182090399155
2012-09-19,9232.2099609375,0.011885485414343089
2012-09-20,9086.98046875,-0.015730739747252476
2012-09-21,9110.0,0.0025332431745797024
2012-09-24,9069.2900390625,-0.004468711409165715
2012-09-25,9091.5400390625,0.002453334263670781
2012-09-26,8906.7001953125,-0.020330971755700533
2012-09-27,8949.8701171875,0.004846904120306972
2012-09-28,8870.16015625,-0.008906270135074168
2012-10-01,8796.509765625,-0.008303163564989835
2012-10-02,8786.0498046875,-0.0011891035440414477
2012-10-03,8746.8701171875,-0.004459306328891577
2012-10-04,8824.58984375,0.008885432791528647
2012-10-05,8863.2998046875,0.004386601714403415
2012-10-09,8769.58984375,-0.010572807306815868
2012-10-10,8596.23046875,-0.019768242083015086
2012-10-11,8546.7802734375,-0.00575254415202886
2012-10-12,8534.1201171875,-0.0014812778432301554
2012-10-15,8577.9296875,0.005133460709589643
2012-10-16,8701.3095703125,0.014383410369088523
2012-10-17,8806.5498046875,0.012094758096420799
2012-10-18,8982.8603515625,0.02002038832292241
2012-10-19,9002.6796875,0.00220635022273874
2012-10-22,9010.7099609375,0.0008919870212253933
2012-10-23,9014.25,0.00039287015982614193
2012-10-24,8954.2998046875,-0.006650602691571694
2012-10-25,9055.2001953125,0.011268373052707004
2012-10-26,8933.0595703125,-0.013488451096114629
2012-10-29,8929.33984375,-0.0004164000623998465
2012-10-30,8841.98046875,-0.009783408015447637
2012-10-31,8928.2900390625,0.009761339172546402
2012-11-01,8946.8701171875,0.0020810343350976535
2012-11-02,9051.2197265625,0.011663252959773995
2012-11-05,9007.4404296875,-0.0048368394755152755
2012-11-06,8975.150390625,-0.003584818496947917
2012-11-07,8972.8896484375,-0.0002518890591362011
2012-11-08,8837.150390625,-0.015127708367185466
2012-11-09,8757.599609375,-0.009001858940229424
2012-11-12,8676.4404296875,-0.009267285935362857
2012-11-13,8661.0498046875,-0.0017738409114570475
2012-11-14,8664.73046875,0.00042496742837205836
2012-11-15,8829.7197265625,0.01904147606293649
2012-11-16,9024.16015625,0.02202113268698258
2012-11-19,9153.2001953125,0.0142993959358233
2012-11-20,9142.6396484375,-0.0011537546049095182
2012-11-21,9222.51953125,0.008737070023989268
2012-11-22,9366.7998046875,0.015644344579440972
2012-11-26,9388.9404296875,0.002363734195420797
2012-11-27,9423.2998046875,0.003659558313029221
2012-11-28,9308.349609375,-0.012198507709085038
2012-11-29,9400.8798828125,0.009940567052220128
2012-11-30,9446.009765625,0.004800602004819909
2012-12-03,9458.1796875,0.001288366429525345
2012-12-04,9432.4599609375,-0.0027193104183135253
2012-12-05,9468.83984375,0.003856881763947051
2012-12-06,9545.16015625,0.008060154544738296
2012-12-07,9527.3896484375,-0.001861729664207279
2012-12-10,9533.75,0.0006675859597642386
2012-12-11,9525.3203125,-0.0008841943096892235
2012-12-12,9581.4599609375,0.005893728147265298
2012-12-13,9742.73046875,0.016831517166484122
2012-12-14,9737.5595703125,-0.0005307442768827109
2012-12-17,9828.8798828125,0.009378151870661044
2012-12-18,9923.009765625,0.009576867754493845
2012-12-19,10160.400390625,0.02392324814819413
2012-12-20,10039.330078125,-0.011915899752504955
2012-12-21,9940.0595703125,-0.009888160568482851
2012-12-25,10080.1201171875,0.01409051383286597
2012-12-26,10230.3603515625,0.014904607547168824
2012-12-27,10322.98046875,0.009053455988317527
2012-12-28,10395.1796875,0.006994028417331988
2013-01-04,10688.1103515625,0.028179470953709762
2013-01-07,10599.009765625,-0.008336420845848957
2013-01-08,10508.0595703125,-0.0085810087285203
2013-01-09,10578.5703125,0.006710158209105366
2013-01-10,10652.6396484375,0.007001828578856006
2013-01-11,10801.5703125,0.013980634751344923
2013-01-15,10879.080078125,0.007175786796046024
2013-01-16,10600.4404296875,-0.025612427377731284
2013-01-17,10609.6396484375,0.0008678147677936288
2013-01-18,10913.2998046875,0.02862115644942942
2013-01-21,10747.740234375,-0.015170440955116882
2013-01-22,10709.9296875,-0.0035179996957935833
2013-01-23,10486.990234375,-0.020816145355762816
2013-01-24,10620.8701171875,0.012766282777079363
2013-01-25,10926.650390625,0.028790510576215622
2013-01-28,10824.3095703125,-0.009366165902068957
2013-01-29,10866.7197265625,0.003918047241213252
2013-01-30,11113.9501953125,0.022751159040724334
2013-01-31,11138.66015625,0.0022233283848906993
2013-02-01,11191.33984375,0.004729445621019401
2013-02-04,11260.349609375,0.006166354215714431
2013-02-05,11046.919921875,-0.01895409067248721
2013-02-06,11463.75,0.037732696631537666
2013-02-07,11357.0703125,-0.009305828153963636
2013-02-08,11153.16015625,-0.017954468066079476
2013-02-12,11369.1201171875,0.019363118426707127
2013-02-13,11251.41015625,-0.01035348028028571
2013-02-14,11307.2802734375,0.0049656102134421065
2013-02-15,11173.830078125,-0.011802148004237067
2013-02-18,11407.8701171875,0.02094537302125965
2013-02-19,11372.33984375,-0.0031145404946335553
2013-02-20,11468.2802734375,0.008436296400360144
2013-02-21,11309.1298828125,-0.013877441676553692
2013-02-22,11385.9404296875,0.006791905979586899
2013-02-25,11662.51953125,0.024291283031953492
2013-02-26,11398.8095703125,-0.02261174870754834
2013-02-27,11253.9697265625,-0.012706576318919027
2013-02-28,11559.3603515625,0.0271362579089931
2013-03-01,11606.3798828125,0.004067658574520072
2013-03-04,11652.2900390625,0.003955596552374319
2013-03-05,11683.4501953125,0.002674165863151501
2013-03-06,11932.26953125,0.021296734421594854
2013-03-07,11968.080078125,0.0030011513552568037
2013-03-08,12283.6201171875,0.026365134340907037
2013-03-11,12349.0498046875,0.005326580183674823
2013-03-12,12314.8095703125,-0.0027727019419747645
2013-03-13,12239.66015625,-0.006102361033959003
2013-03-14,12381.1904296875,0.011563251890227555
2013-03-15,12560.9501953125,0.014518778840035829
2013-03-18,12220.6298828125,-0.027093516589772104
2013-03-19,12468.23046875,0.02026086939149785
2013-03-21,12635.6904296875,0.013430932429202125
2013-03-22,12338.5302734375,-0.023517524262213874
2013-03-25,12546.4599609375,0.01685206283828089
2013-03-26,12471.6201171875,-0.005965016744405083
2013-03-27,12493.7900390625,0.0017776296637233013
2013-03-28,12335.9599609375,-0.012632682127003525
2013-03-29,12397.91015625,0.00502191929194562
2013-04-01,12135.01953125,-0.021204430560216037
2013-04-02,12003.4296875,-0.010843809802788651
2013-04-03,12362.2001953125,0.029888999823618034
2013-04-04,12634.5400390625,0.022030046387152558
2013-04-05,12833.6396484375,0.015758358338288536
2013-04-08,13192.58984375,0.027969477493954953
2013-04-09,13192.349609375,-1.8209796396662092e-05
2013-04-10,13288.1298828125,0.007260289203481651
2013-04-11,13549.16015625,0.019643868304984657
2013-04-12,13485.1396484375,-0.004725053588134687
2013-04-15,13275.66015625,-0.015534098841295418
2013-04-16,13221.4404296875,-0.004084145415320428
2013-04-17,13382.8896484375,0.012211167127258005
2013-04-18,13220.0703125,-0.012166231674525574
2013-04-19,13316.48046875,0.007292711307203881
2013-04-22,13568.3701171875,0.018915632327071163
2013-04-23,13529.650390625,-0.002853675587272786
2013-04-24,13843.4599609375,0.023194211324924163
2013-04-25,13926.080078125,0.005968169620935271
2013-04-26,13884.1298828125,-0.003012347701374707
2013-04-30,13860.8603515625,-0.0016759805221071566
2013-05-01,13799.349609375,-0.004437729017345293
2013-05-02,13694.0400390625,-0.007631487953675298
2013-05-07,14180.240234375,0.0355045110081178
2013-05-08,14285.6904296875,0.007436418112076293
2013-05-09,14191.48046875,-0.006594708278272576
2013-05-10,14607.5400390625,0.02931755930811253
2013-05-13,14782.2099609375,0.011957517926215466
2013-05-14,14758.419921875,-0.0016093695817720466
2013-05-15,15096.0302734375,0.022875778934985602
2013-05-16,15037.240234375,-0.003894403892786613
2013-05-17,15138.1201171875,0.006708670024562657
2013-05-20,15360.8095703125,0.014710509059322474
2013-05-21,15381.01953125,0.001315683320269656
2013-05-22,15627.259765625,0.016009357108916378
2013-05-23,14483.98046875,-0.07315929433705648
2013-05-24,14612.4501953125,0.008869780433609531
2013-05-27,14142.650390625,-0.03215065224572711
2013-05-28,14311.98046875,0.011973008838374932
2013-05-29,14326.4599609375,0.0010117043004016502
2013-05-30,13589.0302734375,-0.05147326621584636
2013-05-31,13774.5400390625,0.013651435157048475
2013-06-03,13261.8203125,-0.03722227567007719
2013-06-04,13533.759765625,0.02050543942815164
2013-06-05,13014.8701171875,-0.03834039154111857
2013-06-06,12904.01953125,-0.008517225676429208
2013-06-07,12877.5302734375,-0.0020527912057440867
2013-06-10,13514.2001953125,0.04944037469577989
2013-06-11,13317.6201171875,-0.014546186624731616
2013-06-12,13289.3203125,-0.002124989633168539
2013-06-13,12445.3798828125,-0.06350516127553085
2013-06-14,12686.51953125,0.019375836712748562
2013-06-17,13033.1201171875,0.02732038405677284
2013-06-18,13007.2802734375,-0.0019826291415763198
2013-06-19,13245.2197265625,0.018292790508320333
2013-06-20,13014.580078125,-0.017413048118406493
2013-06-21,13230.1298828125,0.016562178986458287
2013-06-24,13062.7802734375,-0.012649128229074047
2013-06-25,12969.33984375,-0.007153180849065244
2013-06-26,12834.009765625,-0.010434615775005374
2013-06-27,13213.5498046875,0.0295729897353727
2013-06-28,13677.3203125,0.035098101166423756
2013-07-01,13852.5,0.012808041597146769
2013-07-02,14098.740234375,0.017775869653492204
2013-07-03,14055.5595703125,-0.0030627320841913885
2013-07-04,14018.9296875,-0.002606077874684365
2013-07-05,14309.9697265625,0.02076050351561487
2013-07-08,14109.33984375,-0.01402028701990099
2013-07-09,14472.900390625,0.025767367637405503
2013-07-10,14416.599609375,-0.003890082825863228
2013-07-11,14472.580078125,0.003883056356340564
2013-07-12,14506.25,0.002326462986782296
2013-07-16,14599.1201171875,0.0064020761525205305
2013-07-17,14615.0400390625,0.0010904713261628007
2013-07-18,14808.5,0.013237046249646056
2013-07-19,14589.91015625,-0.01476110637471717
2013-07-22,14658.0400390625,0.004669657460729004
2013-07-23,14778.509765625,0.008218679048594302
2013-07-24,14731.2802734375,-0.003195822375633317
2013-07-25,14562.9296875,-0.011428102840528975
2013-07-26,14129.98046875,-0.02972954124207705
2013-07-29,13661.1298828125,-0.033181262137935374
2013-07-30,13869.8203125,0.01527622030371445
2013-07-31,13668.3203125,-0.014527945961808952
2013-08-01,14005.76953125,0.024688418988937144
2013-08-02,14466.16015625,0.03287149799036504
2013-08-05,14258.0400390625,-0.014386686925872527
2013-08-06,14401.0595703125,0.010030798823553067
2013-08-07,13824.9404296875,-0.040005330011456786
2013-08-08,13605.5595703125,-0.015868484966770957
2013-08-09,13615.1904296875,0.0007078620563327753
2013-08-12,13519.4296875,-0.0070333751615179185
2013-08-13,13867.0,0.025708947827981277
2013-08-14,14050.16015625,0.013208347605826676
2013-08-15,13752.9404296875,-0.021154187799794277
2013-08-16,13650.1103515625,-0.007476952194385156
2013-08-19,13758.1298828125,0.007913454797648267
2013-08-20,13396.3798828125,-0.02629354447743082
2013-08-21,13424.330078125,0.0020863991284958416
2013-08-22,13365.169921875,-0.004406935460146477
2013-08-23,13660.5498046875,0.022100720345429092
2013-08-26,13636.2802734375,-0.0017766145284776602
2013-08-27,13542.3701171875,-0.00688678689253186
2013-08-28,13338.4599609375,-0.01505719859119814
2013-08-29,13459.7099609375,0.009090254823652
2013-08-30,13388.8603515625,-0.005263828832910877
2013-09-02,13572.919921875,0.01374721712524396
2013-09-03,13978.4404296875,0.029877175298067993
2013-09-04,14053.8701171875,0.005396144718676998
2013-09-05,14064.8203125,0.0007791587101055875
2013-09-06,13860.8095703125,-0.014505037224413542
2013-09-09,14205.23046875,0.02484854125513647
2013-09-10,14423.3603515625,0.015355603226034464
2013-09-11,14425.0703125,0.00011855496193824422
2013-09-12,14387.26953125,-0.0026204919928358716
2013-09-13,14404.669921875,0.0012094296688613948
2013-09-17,14311.669921875,-0.006456239573998879
2013-09-18,14505.3603515625,0.0135337406986622
2013-09-19,14766.1796875,0.01798089324333163
2013-09-20,14742.419921875,-0.0016090665377120894
2013-09-24,14732.6103515625,-0.0006653975646118138
2013-09-25,14620.5302734375,-0.007607618436274777
2013-09-26,14799.1201171875,0.012215004545660157
2013-09-27,14760.0703125,-0.0026386571889600585
2013-09-30,14455.7998046875,-0.02061443484824188
2013-10-01,14484.7197265625,0.002000575704266705
2013-10-02,14170.490234375,-0.021693860711109014
2013-10-03,14157.25,-0.0009343525986759138
2013-10-04,14024.3095703125,-0.00939027209998411
2013-10-07,13853.3203125,-0.012192347648575907
2013-10-08,13894.6103515625,0.002980515726994648
2013-10-09,14037.83984375,0.010308276991113585
2013-10-10,14194.7099609375,0.011174804594835441
2013-10-11,14404.740234375,0.014796376538547262
2013-10-15,14441.5400390625,0.0025547010281852245
2013-10-16,14467.1396484375,0.00177263708065456
2013-10-17,14586.509765625,0.008251120821965108
2013-10-18,14561.5400390625,-0.0017118369619403273
2013-10-21,14693.5703125,0.00906705424586396
2013-10-22,14713.25,0.0013393400706196434
2013-10-23,14426.0498046875,-0.01951983384449396
2013-10-24,14486.41015625,0.00418412194465656
2013-10-25,14088.1904296875,-0.027489193131170042
2013-10-28,14396.0400390625,0.021851607622103142
2013-10-29,14325.98046875,-0.004866586236381587
2013-10-30,14502.349609375,0.012311139262664916
2013-10-31,14327.9404296875,-0.012026270527553229
2013-11-01,14201.5703125,-0.008819838259912172
2013-11-05,14225.3701171875,0.0016758572583026599
2013-11-06,14337.3095703125,0.007869001101753481
2013-11-07,14228.4404296875,-0.007593414935423426
2013-11-08,14086.7998046875,-0.009954754050519043
2013-11-11,14269.83984375,0.012993727574774683
2013-11-12,14588.6796875,0.022343617534687832
2013-11-13,14567.16015625,-0.0014750842235873307
2013-11-14,14876.41015625,0.0212292579118325
2013-11-15,15165.919921875,0.019460996475911818
2013-11-18,15164.2998046875,-0.00010682617314650145
2013-11-19,15126.5595703125,-0.0024887554889500008
2013-11-20,15076.080078125,-0.0033371429869996083
2013-11-21,15365.599609375,0.01920389980350956
2013-11-22,15381.7197265625,0.0010491043367852892
2013-11-25,15619.1298828125,0.015434565215748819
2013-11-26,15515.240234375,-0.006651436361498009
2013-11-27,15449.6298828125,-0.0042287680094785784
2013-11-28,15727.1201171875,0.017960963238588867
2013-11-29,15661.8701171875,-0.004148884189464019
2013-12-02,15655.0703125,-0.0004341630109701011
2013-12-03,15749.66015625,0.006042121936333578
2013-12-04,15407.9404296875,-0.021696958738941063
2013-12-05,15177.490234375,-0.014956586596640564
2013-12-06,15299.8603515625,0.008062605562436653
2013-12-09,15650.2099609375,0.02289887628544407
2013-12-10,15611.3095703125,-0.0024856146161676973
2013-12-11,15515.0595703125,-0.006165402048207147
2013-12-12,15341.8203125,-0.011165877709163774
2013-12-13,15403.1103515625,0.003994965252758442
2013-12-16,15152.91015625,-0.01624348521836827
2013-12-17,15278.6298828125,0.0082967380698582
2013-12-18,15587.7998046875,0.02023544808967448
2013-12-19,15859.2197265625,0.01741233049409452
2013-12-20,15870.419921875,0.0007062261262287262
2013-12-24,15889.330078125,0.0011915347132016585
2013-12-25,16009.990234375,0.007593784990099328
2013-12-26,16174.4404296875,0.010271723649113218
2013-12-27,16178.9404296875,0.00027821673457961715
2013-12-30,16291.3095703125,0.006945395535223664
2014-01-06,15908.8798828125,-0.023474459548475934
2014-01-07,15814.3701171875,-0.005940692639656242
2014-01-08,16121.4501953125,0.019417787483755555
2014-01-09,15880.330078125,-0.014956478124877881
2014-01-10,15912.0595703125,0.0019980373223607018
2014-01-14,15422.400390625,-0.030772834749881683
2014-01-15,15808.73046875,0.025049931809567383
2014-01-16,15747.2001953125,-0.0038921704408289015
2014-01-17,15734.4599609375,-0.0008090475904911631
2014-01-20,15641.6796875,-0.005896629033842693
2014-01-21,15795.9599609375,0.009863408311627353
2014-01-22,15820.9599609375,0.001582683171002186
2014-01-23,15695.8896484375,-0.007905355478352916
2014-01-24,15391.5595703125,-0.01938915760377402
2014-01-27,15005.73046875,-0.025067576797525692
2014-01-28,14980.16015625,-0.0017040365048039963
2014-01-29,15383.91015625,0.02695231531497
2014-01-30,15007.0595703125,-0.024496410997590035
2014-01-31,14914.5302734375,-0.006165717970364026
2014-02-03,14619.1298828125,-0.019806214826027957
2014-02-04,14008.4697265625,-0.04177130657878236
2014-02-05,14180.3798828125,0.012271872631742786
2014-02-06,14155.1201171875,-0.0017813179783439104
2014-02-07,14462.41015625,0.02170875531387262
2014-02-10,14718.33984375,0.017696198955427844
2014-02-12,14800.0595703125,0.005552238053342817
2014-02-13,14534.740234375,-0.017926910001747953
2014-02-14,14313.0302734375,-0.015253795896066347
2014-02-17,14393.1103515625,0.00559490733933643
2014-02-18,14843.240234375,0.031273982608188255
2014-02-19,14766.5302734375,-0.005168006427589189
2014-02-20,14449.1796875,-0.02149120883924638
2014-02-21,14865.669921875,0.028824489928331865
2014-02-24,14837.6796875,-0.0018828774298165207
2014-02-25,15051.599609375,0.014417343303024355
2014-02-26,14970.9697265625,-0.005356897931451665
2014-02-27,14923.1103515625,-0.003196811955012202
2014-02-28,14841.0703125,-0.005497516076057862
2014-03-03,14652.23046875,-0.012724139147225033
2014-03-04,14721.48046875,0.004726242884842247
2014-03-05,14897.6298828125,0.011965468720107397
2014-03-06,15134.75,0.015916633656006374
2014-03-07,15274.0703125,0.009205326318571405
2014-03-10,15120.1396484375,-0.010077907258062457
2014-03-11,15224.1103515625,0.0068763057446856735
2014-03-12,14830.3896484375,-0.025861655888785084
2014-03-13,14815.98046875,-0.0009715981864992784
2014-03-14,14327.66015625,-0.03295902782336746
2014-03-17,14277.669921875,-0.0034890717555995376
2014-03-18,14411.26953125,0.009357241770263203
2014-03-19,14462.51953125,0.0035562446381887103
2014-03-20,14224.23046875,-0.016476317420703546
2014-03-24,14475.2998046875,0.017650820301954973
2014-03-25,14423.1904296875,-0.0035998822617218096
2014-03-26,14477.16015625,0.0037418715939168123
2014-03-27,14622.8896484375,0.010066165643997982
2014-03-28,14696.0302734375,0.005001790122092231
2014-03-31,14827.830078125,0.008968395017920017
2014-04-01,14791.990234375,-0.0024170659874821476
2014-04-02,14946.3203125,0.010433354516848903
2014-04-03,15071.8798828125,0.008400701155018897
2014-04-04,15063.76953125,-0.0005381114781672913
2014-04-07,14808.849609375,-0.016922717872585924
2014-04-08,14606.8798828125,-0.013638448082735621
2014-04-09,14299.6904296875,-0.021030463424736023
2014-04-10,14300.1201171875,3.0048727426068567e-05
2014-04-11,13960.0498046875,-0.02378094097903871
2014-04-14,13910.16015625,-0.0035737443014528525
2014-04-15,13996.8095703125,0.006229217571126711
2014-04-16,14417.6796875,0.030069003587801513
2014-04-17,14417.5302734375,-1.0363253015621687e-05
2014-04-18,14516.26953125,0.006848555608335749
2014-04-21,14512.3798828125,-0.00026795096557874487
2014-04-22,14388.76953125,-0.008517579649971574
2014-04-23,14546.26953125,0.010946036744694299
2014-04-24,14404.990234375,-0.009712407471309858
2014-04-25,14429.259765625,0.0016848002570724052
2014-04-28,14288.23046875,-0.009773841428163621
2014-04-30,14304.1103515625,0.001111396043564028
2014-05-01,14485.1298828125,0.012655070941215651
2014-05-02,14457.509765625,-0.001906791130694141
2014-05-07,14033.4501953125,-0.029331439313343477
2014-05-08,14163.7802734375,0.00928710162583779
2014-05-09,14199.58984375,0.0025282494942155953
2014-05-12,14149.51953125,-0.0035261801961159467
2014-05-13,14425.4404296875,0.019500372279646294
2014-05-14,14405.759765625,-0.0013643024737045595
2014-05-15,14298.2099609375,-0.007465750258041637
2014-05-16,14096.58984375,-0.014101074032226601
2014-05-19,14006.4404296875,-0.006395122158035282
2014-05-20,14075.25,0.0049127093109719855
2014-05-21,14042.169921875,-0.0023502302356973592
2014-05-22,14337.7900390625,0.02105231020791032
2014-05-23,14462.169921875,0.008674968908990444
2014-05-26,14602.51953125,0.009704602430560039
2014-05-27,14636.51953125,0.0023283653158099327
2014-05-28,14670.9501953125,0.002352380563493073
2014-05-29,14681.7197265625,0.0007340718294743809
2014-05-30,14632.3798828125,-0.003360631088790811
2014-06-02,14935.919921875,0.020744406685275107
2014-06-03,15034.25,0.0065834631304488855
2014-06-04,15067.9599609375,0.002242211014017892
2014-06-05,15079.3701171875,0.0007572462549396697
2014-06-06,15077.240234375,-0.00014124481300925584
2014-06-09,15124.0,0.0031013477863404137
2014-06-10,14994.7998046875,-0.008542726481916119
2014-06-11,15069.48046875,0.004980437554034767
2014-06-12,14973.5302734375,-0.006367186679824499
2014-06-13,15097.83984375,0.008301954718922921
2014-06-16,14933.2900390625,-0.010898897219102421
2014-06-17,14975.9697265625,0.002858023073840865
2014-06-18,15115.7998046875,0.009336963193574466
2014-06-19,15361.16015625,0.016232045590231614
2014-06-20,15349.419921875,-0.0007642804485846755
2014-06-23,15369.2802734375,0.0012938828739839092
2014-06-24,15376.240234375,0.00045284885262519836
2014-06-25,15266.6103515625,-0.007129823750243736
2014-06-26,15308.490234375,0.0027432338841486548
2014-06-27,15095.0,-0.013945871284916866
2014-06-30,15162.099609375,0.004445154645577931
2014-07-01,15326.2001953125,0.010823077948652449
2014-07-02,15369.9697265625,0.0028558632075932344
2014-07-03,15348.2900390625,-0.0014105224594250787
2014-07-04,15437.1298828125,0.0057882567715292765
2014-07-07,15379.4404296875,-0.0037370582202090885
2014-07-08,15314.41015625,-0.0042283900857646994
2014-07-09,15302.650390625,-0.0007678889036546455
2014-07-10,15216.4697265625,-0.005631747564153855
2014-07-11,15164.0400390625,-0.003445588131948618
2014-07-14,15296.8203125,0.008756259749740813
2014-07-15,15395.16015625,0.006428776813808934
2014-07-16,15379.2998046875,-0.001030216730552258
2014-07-17,15370.259765625,-0.0005878056333712411
2014-07-18,15215.7099609375,-0.01005511989024055
2014-07-22,15343.2802734375,0.008384118311107747
2014-07-23,15328.5595703125,-0.0009594234650386335
2014-07-24,15284.419921875,-0.0028795692272995943
2014-07-25,15457.8701171875,0.011348169979565892
2014-07-28,15529.400390625,0.00462743397992238
2014-07-29,15618.0703125,0.005709809757273643
2014-07-30,15646.23046875,0.0018030496525209827
2014-07-31,15620.76953125,-0.0016272889211783603
2014-08-01,15523.1103515625,-0.006251880196563198
2014-08-04,15474.5,-0.003131482702988464
2014-08-05,15320.3095703125,-0.009964162311383196
2014-08-06,15159.7900390625,-0.010477564471742307
2014-08-07,15232.3701171875,0.004787670405591582
2014-08-08,14778.3701171875,-0.02980494804861178
2014-08-11,15130.51953125,0.02382870446944252
2014-08-12,15161.3095703125,0.0020349624478464
2014-08-13,15213.6298828125,0.0034509098476855904
2014-08-14,15314.5703125,0.006634868237562319
2014-08-15,15318.33984375,0.0002461401902293936
2014-08-18,15322.599609375,0.0002780827210031589
2014-08-19,15449.7900390625,0.008300838821741374
2014-08-20,15454.4501953125,0.0003016323353404182
2014-08-21,15586.2001953125,0.008525052546997758
2014-08-22,15539.1904296875,-0.003016114578018758
2014-08-25,15613.25,0.0047659864037066235
2014-08-26,15521.2197265625,-0.0058943700662899
2014-08-27,15534.8203125,0.0008762575478669099
2014-08-28,15459.8603515625,-0.0048252866418534435
2014-08-29,15424.58984375,-0.0022814247354397965
2014-09-01,15476.599609375,0.0033718734923815497
2014-09-02,15668.599609375,0.012405825882042976
2014-09-03,15728.349609375,0.003813359297550001
2014-09-04,15676.1796875,-0.0033169355444581106
2014-09-05,15668.6796875,-0.0004784328930588222
2014-09-08,15705.1103515625,0.002325062786979082
2014-09-09,15749.150390625,0.002804185266875203
2014-09-10,15788.7802734375,0.002516318774636206
2014-09-11,15909.2001953125,0.007626929996460197
2014-09-12,15948.2900390625,0.0024570590142876103
2014-09-16,15911.5302734375,-0.0023049346064665244
2014-09-17,15888.669921875,-0.0014367160901338494
2014-09-18,16067.5703125,0.011259620314642893
2014-09-19,16321.169921875,0.015783320342946272
2014-09-22,16205.900390625,-0.007062577731974162
2014-09-24,16167.4501953125,-0.002372604692470137
2014-09-25,16374.1396484375,0.012784295026616377
2014-09-26,16229.8603515625,-0.008811412383964101
2014-09-29,16310.6396484375,0.004977202214017984
2014-09-30,16173.51953125,-0.00840678968716202
2014-10-01,16082.25,-0.005643145950617101
2014-10-02,15661.990234375,-0.026131901047738992
2014-10-03,15708.650390625,0.0029791971232104864
2014-10-06,15890.9501953125,0.011605058369387189
2014-10-07,15783.830078125,-0.00674095103633876
2014-10-08,15595.98046875,-0.011901395823776806
2014-10-09,15478.9296875,-0.007505189012293134
2014-10-10,15300.5498046875,-0.011524045035009811
2014-10-14,14936.509765625,-0.023792611619157134
2014-10-15,15073.51953125,0.009172809965305007
2014-10-16,14738.3798828125,-0.022233669299508874
2014-10-17,14532.509765625,-0.013968300371167697
2014-10-20,15111.23046875,0.03982248850738079
2014-10-21,14804.2802734375,-0.020312720128732864
2014-10-22,15195.76953125,0.02644432897659521
2014-10-23,15138.9599609375,-0.003738512234979008
2014-10-24,15291.6396484375,0.010085216414730924
2014-10-27,15388.7197265625,0.006348572184338597
2014-10-28,15329.91015625,-0.003821602534679225
2014-10-29,15553.91015625,0.014611957781675233
2014-10-30,15658.2001953125,0.006705068887169485
2014-10-31,16413.759765625,0.04825328332043477
2014-11-04,16862.470703125,0.027337486590959248
2014-11-05,16937.3203125,0.004438828134546657
2014-11-06,16792.48046875,-0.008551520611150387
2014-11-07,16880.380859375,0.0052345090285248475
2014-11-10,16780.529296875,-0.005915243461141695
2014-11-11,17124.109375,0.020474924958951313
2014-11-12,17197.05078125,0.004259573718706111
2014-11-13,17392.7890625,0.011382084273625193
2014-11-14,17490.830078125,0.005636877172068067
2014-11-17,16973.80078125,-0.029560020568813683
2014-11-18,17344.060546875,0.02181360382372377
2014-11-19,17288.75,-0.0031890194758900092
2014-11-20,17300.859375,0.0007004193478417076
2014-11-21,17357.509765625,0.0032744263968100817
2014-11-25,17407.619140625,0.0028868988510803995
2014-11-26,17383.580078125,-0.0013809506231612367
2014-11-27,17248.5,-0.007770555749616936
2014-11-28,17459.849609375,0.01225321676522606
2014-12-01,17590.099609375,0.0074599726179807035
2014-12-02,17663.220703125,0.004156945973803783
2014-12-03,17720.4296875,0.0032388761560839807
2014-12-04,17887.2109375,0.00941180620002946
2014-12-05,17920.44921875,0.001858214864583374
2014-12-08,17935.640625,0.0008477134732820524
2014-12-09,17813.380859375,-0.006816582032458052
2014-12-10,17412.580078125,-0.022499983827554138
2014-12-11,17257.400390625,-0.008911929582161582
2014-12-12,17371.580078125,0.006616273883407686
2014-12-15,17099.400390625,-0.015668101938679735
2014-12-16,16755.3203125,-0.020122347583231504
2014-12-17,16819.73046875,0.0038441614393935897
2014-12-18,17210.05078125,0.02320609793511208
2014-12-19,17621.400390625,0.0239017080544095
2014-12-22,17635.140625,0.0007797470161514664
2014-12-24,17854.23046875,0.012423481525257296
2014-12-25,17808.75,-0.002547321702248917
2014-12-26,17818.9609375,0.0005733663227345254
2014-12-29,17729.83984375,-0.0050014753420579705
2014-12-30,17450.76953125,-0.015740148526969144
2015-01-05,17408.7109375,-0.002410128314094262
2015-01-06,16883.189453125,-0.03018727154823264
2015-01-07,16885.330078125,0.00012679032039186744
2015-01-08,17167.099609375,0.01668723856426313
2015-01-09,17197.73046875,0.0017842769059412955
2015-01-13,17087.7109375,-0.006397328499241017
2015-01-14,16795.9609375,-0.017073673651614607
2015-01-15,17108.69921875,0.01861985047558412
2015-01-16,16864.16015625,-0.014293258615009186
2015-01-19,17014.2890625,0.008902246234560485
2015-01-20,17366.30078125,0.02068918174934753
2015-01-21,17280.48046875,-0.004941772780571618
2015-01-22,17329.01953125,0.0028088954232365904
2015-01-23,17511.75,0.010544766737695443
2015-01-26,17468.51953125,-0.0024686549745170927
2015-01-27,17768.30078125,0.017161228200461398
2015-01-28,17795.73046875,0.0015437428619480276
2015-01-29,17606.220703125,-0.010649170370263028
2015-01-30,17674.390625,0.003871922488333901
2015-02-02,17558.0390625,-0.006583059352293752
2015-02-03,17335.849609375,-0.01265457106765111
2015-02-04,17678.740234375,0.019779280088734197
2015-02-05,17504.619140625,-0.009849179943909991
2015-02-06,17648.5,0.008219593823728388
2015-02-09,17711.9296875,0.0035940554438054217
2015-02-10,17652.6796875,-0.003345202981570927
2015-02-12,17979.720703125,0.018526423263465208
2015-02-13,17913.359375,-0.0036908987197707965
2015-02-16,18004.76953125,0.005102904169810518
2015-02-17,17987.08984375,-0.0009819446713447144
2015-02-18,18199.169921875,0.01179068320485932
2015-02-19,18264.7890625,0.0036056117343092886
2015-02-20,18332.30078125,0.0036962769468062984
2015-02-23,18466.919921875,0.007343275796712234
2015-02-24,18603.48046875,0.007394874047904176
2015-02-25,18585.19921875,-0.0009826790223855797
2015-02-26,18785.7890625,0.010792988624390487
2015-02-27,18797.939453125,0.0006467862800212387
2015-03-02,18826.880859375,0.001539605248871423
2015-03-03,18815.16015625,-0.0006225515109244961
2015-03-04,18703.599609375,-0.005929290314222624
2015-03-05,18751.83984375,0.002579195202126794
2015-03-06,18971.0,0.01168739484104786
2015-03-09,18790.55078125,-0.009511845382425776
2015-03-10,18665.109375,-0.006675770588649876
2015-03-11,18723.51953125,0.0031293765858255718
2015-03-12,18991.109375,0.014291642300657603
2015-03-13,19254.25,0.013855990179615363
2015-03-16,19246.060546875,-0.00042533223184493263
2015-03-17,19437.0,0.0099209629243322
2015-03-18,19544.48046875,0.005529684043319438
2015-03-19,19476.560546875,-0.0034751459361428427
2015-03-20,19560.220703125,0.004295427626898052
2015-03-23,19754.359375,0.009925177983497013
2015-03-24,19713.44921875,-0.0020709432016192686
2015-03-25,19746.19921875,0.0016613023746676614
2015-03-26,19471.119140625,-0.013930786126364891
2015-03-27,19285.630859375,-0.00952632870819392
2015-03-30,19411.400390625,0.006521411312239378
2015-03-31,19206.990234375,-0.010530417802763092
2015-04-01,19034.83984375,-0.008962903012097123
2015-04-02,19312.7890625,0.014602130673627034
2015-04-03,19435.080078125,0.006332126096818103
2015-04-06,19397.98046875,-0.0019088992289132412
2015-04-07,19640.5390625,0.012504321990671086
2015-04-08,19789.810546875,0.007600172474899525
2015-04-09,19937.720703125,0.007474056201783874
2015-04-10,19907.630859375,-0.0015091917575755787
2015-04-13,19905.4609375,-0.00010899950327225572
2015-04-14,19908.6796875,0.0001617018570987394
2015-04-15,19869.759765625,-0.001954922299515216
2015-04-16,19885.76953125,0.0008057352385657524
2015-04-17,19652.880859375,-0.011711323090063064
2015-04-20,19634.490234375,-0.0009357724769001319
2015-04-21,19909.08984375,0.01398557365621067
2015-04-22,20133.900390625,0.011291854556855885
2015-04-23,20187.650390625,0.002669626796456548
2015-04-24,20020.0390625,-0.008302666475878628
2015-04-27,19983.3203125,-0.0018340998179557921
2015-04-28,20058.94921875,0.003784601611109162
2015-04-30,19520.009765625,-0.026867780921506546
2015-05-01,19531.630859375,0.0005953426196776412
2015-05-07,19291.990234375,-0.01226936074746543
2015-05-08,19379.189453125,0.004519970085544944
2015-05-11,19620.91015625,0.012473210177839533
2015-05-12,19624.83984375,0.00020028059191479208
2015-05-13,19764.720703125,0.007127745270214092
2015-05-14,19570.240234375,-0.009839778242818786
2015-05-15,19732.919921875,0.008312605545549356
2015-05-18,19890.26953125,0.007973964826187174
2015-05-19,20026.380859375,0.00684311129676507
2015-05-20,20196.560546875,0.008497775444050504
2015-05-21,20202.869140625,0.0003123598067777955
2015-05-22,20264.41015625,0.00304615226662297
2015-05-25,20413.76953125,0.00737052664490867
2015-05-26,20437.48046875,0.001161516860651357
2015-05-27,20472.580078125,0.0017174137207700557
2015-05-28,20551.4609375,0.0038530004070802537
2015-05-29,20563.150390625,0.0005687893994761328
2015-06-01,20569.869140625,0.0003267373856810085
2015-06-02,20543.189453125,-0.001297027575508869
2015-06-03,20473.509765625,-0.003391863160245534
2015-06-04,20488.189453125,0.0007170088405969999
2015-06-05,20460.900390625,-0.0013319411440642082
2015-06-08,20457.189453125,-0.0001813672628845353
2015-06-09,20096.30078125,-0.01764116584548081
2015-06-10,20046.359375,-0.0024851044375587827
2015-06-11,20382.970703125,0.016791643900427644
2015-06-12,20407.080078125,0.0011828194894232258
2015-06-15,20387.7890625,-0.0009453099390578368
2015-06-16,20257.939453125,-0.006368989250229107
2015-06-17,20219.26953125,-0.001908877354702243
2015-06-18,19990.8203125,-0.0112985891204882
2015-06-19,20174.240234375,0.009175207370570426
2015-06-22,20428.189453125,0.01258779591200132
2015-06-23,20809.419921875,0.01866198028096333
2015-06-24,20868.029296875,0.00281648288227343
2015-06-25,20771.400390625,-0.0046304758765347565
2015-06-26,20706.150390625,-0.003141338512229086
2015-06-29,20109.94921875,-0.028793433865183293
2015-06-30,20235.73046875,0.006254677653920959
2015-07-01,20329.3203125,0.00462497975521714
2015-07-02,20522.5,0.00950251580133843
2015-07-03,20539.7890625,0.0008424442684857869
2015-07-06,20112.119140625,-0.02082153427056399
2015-07-07,20376.58984375,0.013149817842456502
2015-07-08,19737.640625,-0.03135702409723784
2015-07-09,19855.5,0.005971300077817654
2015-07-10,19779.830078125,-0.0038110307912165853
2015-07-13,20089.76953125,0.01566946995504126
2015-07-14,20385.330078125,0.014711992908392979
2015-07-15,20463.330078125,0.0038262809432603184
2015-07-16,20600.119140625,0.006684594441753511
2015-07-17,20650.919921875,0.002466043079810021
2015-07-21,20841.970703125,0.009251441677792904
2015-07-22,20593.669921875,-0.011913498238089848
2015-07-23,20683.94921875,0.004383837228502108
2015-07-24,20544.529296875,-0.006740488501519648
2015-07-27,20350.099609375,-0.009463818065161278
2015-07-28,20328.890625,-0.0010422054330009312
2015-07-29,20302.91015625,-0.001278007208029841
2015-07-30,20522.830078125,0.010831940848996968
2015-07-31,20585.240234375,0.0030410112061747263
2015-08-03,20548.109375,-0.001803761284893568
2015-08-04,20520.359375,-0.0013504892101539046
2015-08-05,20614.060546875,0.004566253941398202
2015-08-06,20664.439453125,0.00244390988060994
2015-08-07,20724.560546875,0.002909398722688694
2015-08-10,20808.689453125,0.0040593819135377185
2015-08-11,20720.75,-0.004226092821611793
2015-08-12,20392.76953125,-0.015828600255782255
2015-08-13,20595.55078125,0.009943781774675475
2015-08-14,20519.44921875,-0.0036950486689233397
2015-08-17,20620.259765625,0.004912926550820096
2015-08-18,20554.470703125,-0.0031905059998164065
2015-08-19,20222.630859375,-0.016144412013467613
2015-08-20,20033.51953125,-0.009351470114845606
2015-08-21,19435.830078125,-0.02983447078246404
2015-08-24,18540.6796875,-0.04605671005698342
2015-08-25,17806.69921875,-0.039587570742880884
2015-08-26,18376.830078125,0.0320177733318856
2015-08-27,18574.439453125,0.01075318072594178
2015-08-28,19136.3203125,0.030250218898555614
2015-08-31,18890.48046875,-0.0128467667626474
2015-09-01,18165.689453125,-0.0383680561658557
2015-09-02,18095.400390625,-0.0038693308438072505
2015-09-03,18182.390625,0.004807311940998371
2015-09-04,17792.16015625,-0.02146200006359178
2015-09-07,17860.470703125,0.0038393621839676317
2015-09-08,17427.080078125,-0.0242653529239949
2015-09-09,18770.509765625,0.0770886276689755
2015-09-10,18299.619140625,-0.025086725447507896
2015-09-11,18264.220703125,-0.001934381105310301
2015-09-14,17965.69921875,-0.0163446056214116
2015-09-15,18026.48046875,0.0033831831013046987
2015-09-16,18171.599609375,0.008050331337643657
2015-09-17,18432.26953125,0.01434490784952791
2015-09-18,18070.2109375,-0.01964264862426013
2015-09-24,17571.830078125,-0.027580245803370262
2015-09-25,17880.509765625,0.017566735287536828
2015-09-28,17645.109375,-0.013165194600746388
2015-09-29,16930.83984375,-0.040479745184350824
2015-09-30,17388.150390625,0.027010505745455715
2015-10-01,17722.419921875,0.019223984365250635
2015-10-02,17725.130859375,0.00015296655377494695
2015-10-05,18005.490234375,0.01581705529986066
2015-10-06,18186.099609375,0.010030794643691054
2015-10-07,18322.98046875,0.0075266748953930485
2015-10-08,18141.169921875,-0.009922542196946549
2015-10-09,18438.669921875,0.016399162858910632
2015-10-13,18234.740234375,-0.011059891432736446
2015-10-14,17891.0,-0.018850843497457803
2015-10-15,18096.900390625,0.011508601566430077
2015-10-16,18291.80078125,0.010769821705266525
2015-10-19,18131.23046875,-0.008778267072785506
2015-10-20,18207.150390625,0.004187245979022203
2015-10-21,18554.279296875,0.01906552638949699
2015-10-22,18435.869140625,-0.006381824610667719
2015-10-23,18825.30078125,0.021123584554354036
2015-10-26,18947.119140625,0.00647099139559737
2015-10-27,18777.0390625,-0.008976566667611596
2015-10-28,18903.01953125,0.006709282988157428
2015-10-29,18935.7109375,0.0017294277348629539
2015-10-30,19083.099609375,0.007783635500218544
2015-11-02,18683.240234375,-0.020953586324286677
2015-11-04,18926.91015625,0.01304216607067299
2015-11-05,19116.41015625,0.010012199478710126
2015-11-06,19265.599609375,0.007804260941546293
2015-11-09,19642.740234375,0.019575857105245564
2015-11-10,19671.259765625,0.0014519120504423721
2015-11-11,19691.390625,0.0010233640150580925
2015-11-12,19697.76953125,0.0003239439190192428
2015-11-13,19596.91015625,-0.005120344962915135
2015-11-16,19393.689453125,-0.010370038006230708
2015-11-17,19630.630859375,0.012217448713030654
2015-11-18,19649.1796875,0.0009448921054995285
2015-11-19,19859.810546875,0.010719575204912735
2015-11-20,19879.810546875,0.0010070589521886664
2015-11-24,19924.890625,0.0022676311737832577
2015-11-25,19847.580078125,-0.0038800989340437297
2015-11-26,19944.41015625,0.004878684340551942
2015-11-27,19883.939453125,-0.003031962472254457
2015-11-30,19747.470703125,-0.0068632652157142315
2015-12-01,20012.400390625,0.013415879505929595
2015-12-02,19938.130859375,-0.0037111755611681785
2015-12-03,19939.900390625,8.875111024608806e-05
2015-12-04,19504.48046875,-0.02183661469441034
2015-12-07,19698.150390625,0.009929509385563806
2015-12-08,19492.599609375,-0.01043502954205433
2015-12-09,19301.0703125,-0.00982574416512838
2015-12-10,19046.55078125,-0.013186809183590498
2015-12-11,19230.48046875,0.009656850188385135
2015-12-14,18883.419921875,-0.018047419430782363
2015-12-15,18565.900390625,-0.01681472596402822
2015-12-16,19049.91015625,0.02606982454076956
2015-12-17,19353.560546875,0.015939728226244565
2015-12-18,18986.80078125,-0.018950506018605484
2015-12-21,18916.01953125,-0.0037279187165590866
2015-12-22,18886.69921875,-0.0015500254930251867
2015-12-24,18789.689453125,-0.005136406552643802
2015-12-25,18769.060546875,-0.0010978843637338143
2015-12-28,18873.349609375,0.005556434870010785
2015-12-29,18982.23046875,0.005769026782660447
2015-12-30,19033.7109375,0.002712034754543291
2016-01-04,18450.98046875,-0.030615704455294157
2016-01-05,18374.0,-0.004172161413339537
2016-01-06,18191.3203125,-0.009942292777838202
2016-01-07,17767.33984375,-0.023306745275584295
2016-01-08,17697.9609375,-0.003904856149549274
2016-01-12,17218.9609375,-0.02706526484557059
2016-01-13,17715.630859375,0.028844360799572755
2016-01-14,17240.94921875,-0.026794509571404945
2016-01-15,17147.109375,-0.005442846711012139
2016-01-18,16955.5703125,-0.01117034121093663
2016-01-19,17048.369140625,0.005473058494327887
2016-01-20,16416.189453125,-0.037081534443876074
2016-01-21,16017.259765625,-0.02430099193476709
2016-01-22,16958.529296875,0.05876595279237962
2016-01-25,17110.91015625,0.008985499668481278
2016-01-26,16708.900390625,-0.023494353132241796
2016-01-27,17163.919921875,0.027232164930811376
2016-01-28,17041.44921875,-0.007135357405677167
2016-01-29,17518.30078125,0.027981866822414325
2016-02-01,17865.23046875,0.019803843525242115
2016-02-02,17750.6796875,-0.006411939742416051
2016-02-03,17191.25,-0.0315159586758782
2016-02-04,17044.990234375,-0.00850780284301611
2016-02-05,16819.58984375,-0.013223849795491849
2016-02-08,17004.30078125,0.010981893091087214
2016-02-09,16085.4404296875,-0.054036938265388246
2016-02-10,15713.3896484375,-0.023129660818197895
2016-02-12,14952.6103515625,-0.0484159887774851
2016-02-15,16022.580078125,0.07155738706524195
2016-02-16,16054.4296875,0.00198779530011417
2016-02-17,15836.3603515625,-0.013583125665764917
2016-02-18,16196.7998046875,0.02276024573344837
2016-02-19,15967.169921875,-0.014177484785978689
2016-02-22,16111.0498046875,0.009010982128735634
2016-02-23,16052.0498046875,-0.0036620829005713507
2016-02-24,15915.7900390625,-0.008488620910284572
2016-02-25,16140.33984375,0.014108618179580201
2016-02-26,16188.41015625,0.002978271397340748
2016-02-29,16026.759765625,-0.009985563070416204
2016-03-01,16085.509765625,0.0036657440966956223
2016-03-02,16746.55078125,0.04109543466490906
2016-03-03,16960.16015625,0.012755425149348687
2016-03-04,17014.779296875,0.003220437786070729
2016-03-07,16911.3203125,-0.0060805363719294014
2016-03-08,16783.150390625,-0.007578942359708241
2016-03-09,16642.19921875,-0.008398373880611487
2016-03-10,16852.349609375,0.0126275612893898
2016-03-11,16938.869140625,0.0051339743866853915
2016-03-14,17233.75,0.017408532820398115
2016-03-15,17117.0703125,-0.006770417784869753
2016-03-16,16974.44921875,-0.008332097207420452
2016-03-17,16936.380859375,-0.002242685985531123
2016-03-18,16724.810546875,-0.01249206157187277
2016-03-22,17048.55078125,0.01935688499834698
2016-03-23,17000.98046875,-0.002790284823054767
2016-03-24,16892.330078125,-0.006390830859709151
2016-03-25,17002.75,0.006536689809180984
2016-03-28,17134.369140625,0.007741050161003349
2016-03-29,17103.529296875,-0.0017998820672585625
2016-03-30,16878.9609375,-0.013129942684755203
2016-03-31,16758.669921875,-0.007126683690448554
2016-04-01,16164.16015625,-0.03547475834278413
2016-04-04,16123.26953125,-0.002529709221186449
2016-04-05,15732.8203125,-0.02421650385445917
2016-04-06,15715.3603515625,-0.0011097794667894734
2016-04-07,15749.83984375,0.002193999463974805
2016-04-08,15821.51953125,0.004551137548769679
2016-04-11,15751.1298828125,-0.004448981546840036
2016-04-12,15928.7900390625,0.011279200766661335
2016-04-13,16381.2197265625,0.028403267692680867
2016-04-14,16911.05078125,0.0323438097731128
2016-04-15,16848.029296875,-0.0037266450908464144
2016-04-18,16275.9501953125,-0.03395525325140614
2016-04-19,16874.439453125,0.036771386655193083
2016-04-20,16906.5390625,0.0019022622626470032
2016-04-21,17363.619140625,0.02703569763363567
2016-04-22,17572.490234375,0.012029237226317102
2016-04-25,17439.30078125,-0.0075794296282752915
2016-04-26,17353.279296875,-0.004932622325517055
2016-04-27,17290.490234375,-0.0036182822523526115
2016-04-28,16666.05078125,-0.0361146181895734
2016-05-02,16147.3798828125,-0.0311214039393799
2016-05-06,16106.7197265625,-0.0025180652554832594
2016-05-09,16216.0302734375,0.006786642390922637
2016-05-10,16565.189453125,0.02153172964035699
2016-05-11,16579.009765625,0.000834298487144336
2016-05-12,16646.33984375,0.004061164030713327
2016-05-13,16412.2109375,-0.014064888044317159
2016-05-16,16466.400390625,0.0033017765449980807
2016-05-17,16652.80078125,0.011320044830874343
2016-05-18,16644.689453125,-0.00048708491932081266
2016-05-19,16646.66015625,0.00011839831139837109
2016-05-20,16736.349609375,0.005387834693755478
2016-05-23,16654.599609375,-0.0048845776951389475
2016-05-24,16498.759765625,-0.009357165432081427
2016-05-25,16757.349609375,0.01567328983653482
2016-05-26,16772.4609375,0.0009017731608669255
2016-05-27,16834.83984375,0.0037191266375546927
2016-05-30,17068.01953125,0.01385101905715902
2016-05-31,17234.98046875,0.009782092010986343
2016-06-01,16955.73046875,-0.01620251328432476
2016-06-02,16562.55078125,-0.02318860212036533
2016-06-03,16642.23046875,0.004810834306404166
2016-06-06,16580.029296875,-0.003737550203489759
2016-06-07,16675.44921875,0.005755111777334676
2016-06-08,16830.919921875,0.009323329230026767
2016-06-09,16668.41015625,-0.009655429791082804
2016-06-10,16601.359375,-0.004022626070600888
2016-06-13,16019.1796875,-0.035068193775547374
2016-06-14,15859.0,-0.009999244070218571
2016-06-15,15919.580078125,0.003819917909388959
2016-06-16,15434.1396484375,-0.030493293623651607
2016-06-17,15599.66015625,0.010724310624548261
2016-06-20,15965.2998046875,0.023438949616540583
2016-06-21,16169.1103515625,0.012765845262433517
2016-06-22,16065.7197265625,-0.006394329851920899
2016-06-23,16238.349609375,0.010745231819716095
2016-06-24,14952.01953125,-0.07921556741101043
2016-06-27,15309.2099609375,0.02388910935683075
2016-06-28,15323.1396484375,0.0009098893761039228
2016-06-29,15566.830078125,0.015903426796240794
2016-06-30,15575.919921875,0.0005839238755984688
2016-07-01,15682.48046875,0.006841364581320564
2016-07-04,15775.7998046875,0.0059505469254979015
2016-07-05,15669.330078125,-0.006748927336848176
2016-07-06,15378.990234375,-0.018529180399060263
2016-07-07,15276.240234375,-0.006681192876391462
2016-07-08,15106.98046875,-0.01107993609868263
2016-07-11,15708.8203125,0.039838526633098725
2016-07-12,16095.650390625,0.02462502405843847
2016-07-13,16231.4296875,0.008435775726968187
2016-07-14,16385.890625,0.009516163423296753
2016-07-15,16497.849609375,0.006832645654559988
2016-07-19,16723.310546875,0.013666080297633387
2016-07-20,16681.890625,-0.0024767776546934517
2016-07-21,16810.220703125,0.007692777815763829
2016-07-22,16627.25,-0.010884491426753629
2016-07-25,16620.2890625,-0.0004186463486144376
2016-07-26,16383.0400390625,-0.01427466288614676
2016-07-27,16664.8203125,0.01719951076025228
2016-07-28,16476.83984375,-0.011280077746112838
2016-07-29,16569.26953125,0.005609673236889545
2016-08-01,16635.76953125,0.004013453934983646
2016-08-02,16391.44921875,-0.014686444894601913
2016-08-03,16083.1103515625,-0.018810958266874622
2016-08-04,16254.8896484375,0.010680726123247108
2016-08-05,16254.4501953125,-2.7035134319897125e-05
2016-08-08,16650.5703125,0.02436994868652853
2016-08-09,16764.970703125,0.006870658991128709
2016-08-10,16735.119140625,-0.0017805913907403825
2016-08-12,16919.919921875,0.011042692896125805
2016-08-15,16869.560546875,-0.002976336485782771
2016-08-16,16596.509765625,-0.01618600440072404
2016-08-17,16745.640625,0.008985675993387732
2016-08-18,16486.009765625,-0.015504385003186516
2016-08-19,16545.8203125,0.0036279577487399184
2016-08-22,16598.189453125,0.00316509786978858
2016-08-23,16497.359375,-0.006074763660804949
2016-08-24,16597.30078125,0.006058024437623155
2016-08-25,16555.94921875,-0.002491463102645919
2016-08-26,16360.7099609375,-0.011792694893711486
2016-08-29,16737.490234375,0.023029579665985844
2016-08-30,16725.359375,-0.0007247717074143623
2016-08-31,16887.400390625,0.009688342832693264
2016-09-01,16926.83984375,0.0023354366102963375
2016-09-02,16925.6796875,-6.853944745199847e-05
2016-09-05,17037.630859375,0.006614279245617416
2016-09-06,17081.98046875,0.0026030385175646042
2016-09-07,17012.439453125,-0.004071015989757121
2016-09-08,16958.76953125,-0.0031547457977957327
2016-09-09,16965.759765625,0.000412189950580899
2016-09-12,16672.919921875,-0.01726063835604552
2016-09-13,16729.0390625,0.003365885573010541
2016-09-14,16614.240234375,-0.006862248793616299
2016-09-15,16405.009765625,-0.01259344187867828
2016-09-16,16519.2890625,0.006966121843734685
2016-09-20,16492.150390625,-0.001642847447751672
2016-09-21,16807.619140625,0.019128418218847143
2016-09-23,16754.01953125,-0.003189006659809812
2016-09-26,16544.560546875,-0.012502013859080896
2016-09-27,16683.9296875,0.008423864763898115
2016-09-28,16465.400390625,-0.013098190951903121
2016-09-29,16693.7109375,0.01386607926066552
2016-09-30,16449.83984375,-0.014608560952267258
2016-10-03,16598.669921875,0.009047509248641505
2016-10-04,16735.650390625,0.008252496699719059
2016-10-05,16819.240234375,0.004994717372730495
2016-10-06,16899.099609375,0.004748096459005646
2016-10-07,16860.08984375,-0.0023083931408605096
2016-10-11,17024.759765625,0.009766847235161302
2016-10-12,16840.0,-0.010852415433083018
2016-10-13,16774.240234375,-0.003904974205760081
2016-10-14,16856.369140625,0.004896132707202794
2016-10-17,16900.119140625,0.0025954581105227525
2016-10-18,16963.609375,0.0037567921176591135
2016-10-19,16998.91015625,0.0020809711229277106
2016-10-20,17235.5,0.013917941890116525
2016-10-21,17184.58984375,-0.0029537963070407347
2016-10-24,17234.419921875,0.0028996955166271654
2016-10-25,17365.25,0.007591208681119621
2016-10-26,17391.83984375,0.0015312099595456985
2016-10-27,17336.419921875,-0.0031865473907819464
2016-10-28,17446.41015625,0.006344460671272367
2016-10-31,17425.01953125,-0.001226076012682542
2016-11-01,17442.400390625,0.0009974657040601187
2016-11-02,17134.6796875,-0.017642107521530948
2016-11-04,16905.359375,-0.013383402356058727
2016-11-07,17177.2109375,0.016080791686807983
2016-11-08,17171.380859375,-0.0003394077272621532
2016-11-09,16251.5400390625,-0.05356824985978326
2016-11-10,17344.419921875,0.06724777345320088
2016-11-11,17374.7890625,0.0017509458812570156
2016-11-14,17672.619140625,0.017141507563266378
2016-11-15,17668.150390625,-0.0002528629154762152
2016-11-16,17862.2109375,0.010983636803203245
2016-11-17,17862.630859375,2.3508952865292088e-05
2016-11-18,17967.41015625,0.005865837888040293
2016-11-21,18106.01953125,0.007714488275973652
2016-11-22,18162.939453125,0.0031437015616138098
2016-11-24,18333.41015625,0.00938563405801962
2016-11-25,18381.220703125,0.002607837083637321
2016-11-28,18356.890625,-0.0013236377778144126
2016-11-29,18307.0390625,-0.0027156866333402085
2016-11-30,18308.48046875,7.873508354250269e-05
2016-12-01,18513.119140625,0.011177261391205562
2016-12-02,18426.080078125,-0.004701480168676886
2016-12-05,18274.990234375,-0.008199782216803175
2016-12-06,18360.5390625,0.004681196926939135
2016-12-07,18496.689453125,0.0074153808971260116
2016-12-08,18765.470703125,0.014531316573225483
2016-12-09,18996.369140625,0.012304430896132423
2016-12-12,19155.029296875,0.00835213061377571
2016-12-13,19250.51953125,0.004985125989370287
2016-12-14,19253.609375,0.00016050703177050707
2016-12-15,19273.7890625,0.00104809893599489
2016-12-16,19401.150390625,0.0066080067449114654
2016-12-19,19391.599609375,-0.000492279120449246
2016-12-20,19494.529296875,0.005307952390386506
2016-12-21,19444.490234375,-0.0025668258893545293
2016-12-22,19427.669921875,-0.0008650426057590366
2016-12-26,19396.640625,-0.0015971702731093496
2016-12-27,19403.060546875,0.0003309811218921155
2016-12-28,19401.720703125,-6.905321697903144e-05
2016-12-29,19145.140625,-0.013224604252945138
2016-12-30,19114.369140625,-0.001607273875795845
2017-01-04,19594.16015625,0.025101064654300842
2017-01-05,19520.689453125,-0.0037496224660369393
2017-01-06,19454.330078125,-0.0033994380761678267
2017-01-10,19301.439453125,-0.007858950906354467
2017-01-11,19364.669921875,0.003275945760603083
2017-01-12,19134.69921875,-0.011875787403182958
2017-01-13,19287.279296875,0.007973999297333556
2017-01-16,19095.240234375,-0.009956773039062838
2017-01-17,18813.529296875,-0.01475294021139717
2017-01-18,18894.369140625,0.00429689945327949
2017-01-19,19072.25,0.009414490531601594
2017-01-20,19137.91015625,0.0034427063534716584
2017-01-23,18891.029296875,-0.012900095013476442
2017-01-24,18787.990234375,-0.005454391122936109
2017-01-25,19057.5,0.014344789531128166
2017-01-26,19402.390625,0.01809736980191534
2017-01-27,19467.400390625,0.003350605957867625
2017-01-30,19368.849609375,-0.005062349326182214
2017-01-31,19041.33984375,-0.016909097454423816
2017-02-01,19148.080078125,0.005605710273063336
2017-02-02,18914.580078125,-0.012194434065833759
2017-02-03,18918.19921875,0.00019134131500941898
2017-02-06,18976.7109375,0.0030928799339424717
2017-02-07,18910.779296875,-0.003474344992772771
2017-02-08,19007.599609375,0.005119847838105818
2017-02-09,18907.669921875,-0.00525735440316788
2017-02-10,19378.9296875,0.02492426446898044
2017-02-13,19459.150390625,0.004139583786030521
2017-02-14,19238.98046875,-0.011314467356245528
2017-02-15,19437.98046875,0.010343583451484673
2017-02-16,19347.529296875,-0.0046533214713543325
2017-02-17,19234.619140625,-0.005835895349606046
2017-02-20,19251.080078125,0.0008557974233673882
2017-02-21,19381.439453125,0.006771535647401183
2017-02-22,19379.869140625,-8.102145889621326e-05
2017-02-23,19371.4609375,-0.0004338627399383954
2017-02-24,19283.5390625,-0.004538732276500479
2017-02-27,19107.470703125,-0.009130500309323053
2017-02-28,19118.990234375,0.0006028810107303606
2017-03-01,19393.5390625,0.014360006713711071
2017-03-02,19564.80078125,0.00883086466054861
2017-03-03,19469.169921875,-0.004887903559265938
2017-03-06,19379.140625,-0.004624198013385539
2017-03-07,19344.150390625,-0.00180556171463353
2017-03-08,19254.029296875,-0.004658829254846841
2017-03-09,19318.580078125,0.003352585594147639
2017-03-10,19604.609375,0.014805917190512385
2017-03-13,19633.75,0.001486417017681596
2017-03-14,19609.5,-0.001235118100210042
2017-03-15,19577.380859375,-0.0016379377661337458
2017-03-16,19590.140625,0.0006517606066231973
2017-03-17,19521.58984375,-0.00349924906422161
2017-03-21,19455.880859375,-0.0033659648061931113
2017-03-22,19041.380859375,-0.02130461236866943
2017-03-23,19085.310546875,0.002307064168530104
2017-03-24,19262.529296875,0.00928560997552208
2017-03-27,18985.58984375,-0.014377107432611558
2017-03-28,19202.869140625,0.011444432259581694
2017-03-29,19217.48046875,0.0007608929695870348
2017-03-30,19063.220703125,-0.008027054632673947
2017-03-31,18909.259765625,-0.008076333999257557
2017-04-03,18983.23046875,0.003911877251772111
2017-04-04,18810.25,-0.009112277756663123
2017-04-05,18861.26953125,0.0027123260589305698
2017-04-06,18597.060546875,-0.01400801700740506
2017-04-07,18664.630859375,0.0036333867026827615
2017-04-10,18797.880859375,0.007139171463070859
2017-04-11,18747.869140625,-0.0026604976978060746
2017-04-12,18552.609375,-0.010415037792315784
2017-04-13,18426.83984375,-0.006779075045878824
2017-04-14,18335.630859375,-0.004949789825515638
2017-04-17,18355.259765625,0.0010705334548095635
2017-04-18,18418.58984375,0.003450241453057723
2017-04-19,18432.19921875,0.0007388934286203241
2017-04-20,18430.490234375,-9.271733419968786e-05
2017-04-21,18620.75,0.010323098474621428
2017-04-24,18875.880859375,0.013701427674771338
2017-04-25,19079.330078125,0.010778263555788037
2017-04-26,19289.4296875,0.0110118965663204
2017-04-27,19251.869140625,-0.001947208781363785
2017-04-28,19196.740234375,-0.0028635612390315313
2017-05-01,19310.51953125,0.005927011330353782
2017-05-02,19445.69921875,0.00700031334119422
2017-05-08,19895.69921875,0.02314136380172438
2017-05-09,19843.0,-0.0026487743994609847
2017-05-10,19900.08984375,0.0028770772438644343
2017-05-11,19961.55078125,0.0030884753778788188
2017-05-12,19883.900390625,-0.0038899979002602336
2017-05-15,19869.849609375,-0.000706641100285621
2017-05-16,19919.8203125,0.0025149009231264507
2017-05-17,19814.880859375,-0.005268092356192078
2017-05-18,19553.859375,-0.013173002968196124
2017-05-19,19590.759765625,0.0018871154751261
2017-05-22,19678.279296875,0.004467388314544518
2017-05-23,19613.279296875,-0.0033031343350392595
2017-05-24,19742.98046875,0.006612926370536343
2017-05-25,19813.130859375,0.0035531813819111857
2017-05-26,19686.83984375,-0.006374106975891802
2017-05-29,19682.5703125,-0.00021687235147371808
2017-05-30,19677.849609375,-0.00023984180165748104
2017-05-31,19650.5703125,-0.0013862946112772612
2017-06-01,19860.029296875,0.010659180931851031
2017-06-02,20177.279296875,0.015974296676889654
2017-06-05,20170.8203125,-0.0003201117593688574
2017-06-06,19979.900390625,-0.009465154064987935
2017-06-07,19984.619140625,0.00023617485111260272
2017-06-08,19909.259765625,-0.0037708687100675986
2017-06-09,20013.259765625,0.005223699988061048
2017-06-12,19908.580078125,-0.005230516603786817
2017-06-13,19898.75,-0.0004937608853280429
2017-06-14,19883.51953125,-0.0007653982662227943
2017-06-15,19831.8203125,-0.0026001040041602197
2017-06-16,19943.259765625,0.005619224628349295
2017-06-19,20067.75,0.006242220972800805
2017-06-20,20230.41015625,0.008105550260990801
2017-06-21,20138.7890625,-0.0045288796936079345
2017-06-22,20110.509765625,-0.0014042203226438676
2017-06-23,20132.669921875,0.0011019191710335274
2017-06-26,20153.349609375,0.0010271706425550864
2017-06-27,20225.08984375,0.0035597176531700914
2017-06-28,20130.41015625,-0.004681298734960038
2017-06-29,20220.30078125,0.004465414479997154
2017-06-30,20033.4296875,-0.009241756379968491
2017-07-03,20055.80078125,0.0011166881606876622
2017-07-04,20032.349609375,-0.0011692962116438554
2017-07-05,20081.630859375,0.002460083363208465
2017-07-06,19994.060546875,-0.004360717170494022
2017-07-07,19929.08984375,-0.0032495001689466507
2017-07-10,20080.98046875,0.007621553527575431
2017-07-11,20195.48046875,0.005701912821347799
2017-07-12,20098.380859375,-0.004807987090242771
2017-07-13,20099.810546875,7.113446152717806e-05
2017-07-14,20118.859375,0.0009477118244760607
2017-07-18,19999.91015625,-0.0059123241796603665
2017-07-19,20020.859375,0.0010474656429120266
2017-07-20,20144.58984375,0.006180077809472051
2017-07-21,20099.75,-0.00222590006040313
2017-07-24,19975.669921875,-0.006173214996455179
2017-07-25,19955.19921875,-0.0010247818073216841
2017-07-26,20050.16015625,0.004758706563589454
2017-07-27,20079.640625,0.0014703358237670994
2017-07-28,19959.83984375,-0.005966281144536123
2017-07-31,19925.1796875,-0.0017364947074388626
2017-08-01,19985.7890625,0.003041848352214549
2017-08-02,20080.0390625,0.004715850833072466
2017-08-03,20029.259765625,-0.0025288445264946002
2017-08-04,19952.330078125,-0.003840865234172597
2017-08-07,20055.890625,0.005190398638630134
2017-08-08,19996.009765625,-0.0029856993386450092
2017-08-09,19738.7109375,-0.012867508625011848
2017-08-10,19729.740234375,-0.000454472592126387
2017-08-14,19537.099609375,-0.00976397168495724
2017-08-15,19753.310546875,0.011066685527684417
2017-08-16,19729.279296875,-0.0012165682275370182
2017-08-17,19702.630859375,-0.0013507050662626696
2017-08-18,19470.41015625,-0.011786278938200945
2017-08-21,19393.130859375,-0.003969063633217473
2017-08-22,19383.83984375,-0.00047908796637174955
2017-08-23,19434.640625,0.0026207800755422284
2017-08-24,19353.76953125,-0.004161182874972802
2017-08-25,19452.609375,0.005107007376025985
2017-08-28,19449.900390625,-0.0001392607193604345
2017-08-29,19362.55078125,-0.004491005486953692
2017-08-30,19506.5390625,0.007436431432858104
2017-08-31,19646.240234375,0.007161761060093141
2017-09-01,19691.470703125,0.002302245529445468
2017-09-04,19508.25,-0.009304571806103001
2017-09-05,19385.810546875,-0.006276290960234743
2017-09-06,19357.970703125,-0.0014360938730254569
2017-09-07,19396.51953125,0.001991367210757211
2017-09-08,19274.8203125,-0.006274281246897329
2017-09-11,19545.76953125,0.014057159255294716
2017-09-12,19776.619140625,0.01181071991081839
2017-09-13,19865.8203125,0.0045104358455163585
2017-09-14,19807.439453125,-0.0029387590573476396
2017-09-15,19909.5,0.005152637074394617
2017-09-19,20299.380859375,0.019582654480273298
2017-09-20,20310.4609375,0.0005458333040675445
2017-09-21,20347.48046875,0.0018226829693288593
2017-09-22,20296.44921875,-0.0025079886464751677
2017-09-25,20397.580078125,0.004982687281161136
2017-09-26,20330.189453125,-0.00330385392492083
2017-09-27,20267.05078125,-0.003105660772152574
2017-09-28,20363.109375,0.004739643413676609
2017-09-29,20356.279296875,-0.00033541430236505576
2017-10-02,20400.779296875,0.0021860576459487024
2017-10-03,20614.0703125,0.010455042551128058
2017-10-04,20626.66015625,0.0006107403127642019
2017-10-05,20628.560546875,9.213273552788337e-05
2017-10-06,20690.7109375,0.003012832159751122
2017-10-10,20823.509765625,0.006418282509776718
2017-10-11,20881.26953125,0.002773776672381656
2017-10-12,20954.720703125,0.003517562558400744
2017-10-13,21155.1796875,0.009566292350778216
2017-10-16,21255.560546875,0.004744977866310007
2017-10-17,21336.119140625,0.003790000906931823
2017-10-18,21363.05078125,0.001262255822977787
2017-10-19,21448.51953125,0.004000774555805275
2017-10-20,21457.640625,0.0004252551667591753
2017-10-23,21696.650390625,0.011138678748610076
2017-10-24,21805.169921875,0.00500167211510627
2017-10-25,21707.619140625,-0.004473745519962047
2017-10-26,21739.779296875,0.0014815146719528993
2017-10-27,22008.44921875,0.01235844753555626
2017-10-30,22011.669921875,0.00014633939415675812
2017-10-31,22011.609375,-2.7506715853942154e-06
2017-11-01,22420.080078125,0.018557057603835414
2017-11-02,22539.119140625,0.0053094842696901345
2017-11-06,22548.349609375,0.0004095310332408175
2017-11-07,22937.599609375,0.017262904236599264
2017-11-08,22913.8203125,-0.0010366950892839455
2017-11-09,22868.7109375,-0.001968653606635451
2017-11-10,22681.419921875,-0.008189837028281355
2017-11-13,22380.990234375,-0.013245629618199195
2017-11-14,22380.009765625,-4.38081040978755e-05
2017-11-15,22028.3203125,-0.01571444591883886
2017-11-16,22351.119140625,0.014653810347120544
2017-11-17,22396.80078125,0.0020438189397848916
2017-11-20,22261.759765625,-0.006029477912669279
2017-11-21,22416.48046875,0.006950066156221402
2017-11-22,22523.150390625,0.004758549051609773
2017-11-24,22550.849609375,0.001229811028635286
2017-11-27,22495.990234375,-0.0024326965923799904
2017-11-28,22486.240234375,-0.00043341057221391033
2017-11-29,22597.19921875,0.0049345281033410515
2017-11-30,22724.9609375,0.005653874071437581
2017-12-01,22819.029296875,0.004139428870030271
2017-12-04,22707.16015625,-0.004902449581425494
2017-12-05,22622.380859375,-0.0037335931173967385
2017-12-06,22177.0390625,-0.019685894232058465
2017-12-07,22498.029296875,0.014473989673300158
2017-12-08,22811.080078125,0.013914586789763206
2017-12-11,22938.73046875,0.005595981873186773
2017-12-12,22866.169921875,-0.003163232898780177
2017-12-13,22758.0703125,-0.0047274908628920365
2017-12-14,22694.44921875,-0.002795539906345068
2017-12-15,22553.220703125,-0.006223042218989727
2017-12-18,22901.76953125,0.015454503492563498
2017-12-19,22868.0,-0.0014745380789864537
2017-12-20,22891.720703125,0.0010372880498950021
2017-12-21,22866.099609375,-0.001119229702400748
2017-12-22,22902.759765625,0.001603253588337017
2017-12-25,22939.1796875,0.0015901979607568784
2017-12-26,22892.689453125,-0.0020266737960265013
2017-12-27,22911.2109375,0.0008090567258567383
2017-12-28,22783.98046875,-0.005553197039522506
2017-12-29,22764.939453125,-0.0008357194499493126
2018-01-04,23506.330078125,0.03256721268802787
2018-01-05,23714.529296875,0.00885715541550014
2018-01-09,23849.990234375,0.005712149535173294
2018-01-10,23788.19921875,-0.002590819326036442
2018-01-11,23710.4296875,-0.003269248358602206
2018-01-12,23653.8203125,-0.002387530540192806
2018-01-15,23714.880859375,0.0025814243140560578
2018-01-16,23951.810546875,0.009990760185764724
2018-01-17,23868.33984375,-0.0034849433599870583
2018-01-18,23763.369140625,-0.004397905502107502
2018-01-19,23808.060546875,0.0018806847625658651
2018-01-22,23816.330078125,0.0003473416590871192
2018-01-23,24124.150390625,0.01292475841115115
2018-01-24,23940.779296875,-0.00760114204151463
2018-01-25,23669.490234375,-0.011331672170563412
2018-01-26,23631.880859375,-0.0015889389516881014
2018-01-29,23629.33984375,-0.0001075248999485856
2018-01-30,23291.970703125,-0.014277552519700865
2018-01-31,23098.2890625,-0.00831538228746842
2018-02-01,23486.109375,0.016790001694524825
2018-02-02,23274.529296875,-0.009008732555346843
2018-02-05,22682.080078125,-0.025454831382112908
2018-02-06,21610.240234375,-0.04725491842274643
2018-02-07,21645.369140625,0.001625567595223698
2018-02-08,21890.859375,0.011341466748850726
2018-02-09,21382.619140625,-0.023217006955671415
2018-02-13,21244.6796875,-0.0064510082800346424
2018-02-14,21154.169921875,-0.004260349741975866
2018-02-15,21464.98046875,0.014692637339250858
2018-02-16,21720.25,0.011892371932116896
2018-02-19,22149.2109375,0.019749355440199734
2018-02-20,21925.099609375,-0.010118253366108165
2018-02-21,21970.810546875,0.0020848679510880874
2018-02-22,21736.439453125,-0.01066738494922459
2018-02-23,21892.779296875,0.0071925231401006595
2018-02-26,22153.630859375,0.01191495876164228
2018-02-27,22389.859375,0.01066319634575974
2018-02-28,22068.240234375,-0.01436450025157876
2018-03-01,21724.470703125,-0.01557756883190542
2018-03-02,21181.640625,-0.0249870335412552
2018-03-05,21042.08984375,-0.006588289534347647
2018-03-06,21417.759765625,0.017853260995679188
2018-03-07,21252.720703125,-0.007705710788897924
2018-03-08,21368.0703125,0.005427522009360475
2018-03-09,21469.19921875,0.004732711226190567
2018-03-12,21824.029296875,0.016527401628241067
2018-03-13,21968.099609375,0.0066014534044192
2018-03-14,21777.2890625,-0.008685801242159785
2018-03-15,21803.94921875,0.0012242183209070223
2018-03-16,21676.509765625,-0.005844787650459704
2018-03-19,21480.900390625,-0.009024025413454706
2018-03-20,21380.970703125,-0.0046520250866026736
2018-03-22,21591.990234375,0.009869501912705747
2018-03-23,20617.859375,-0.04511538069446508
2018-03-26,20766.099609375,0.007189894531667296
2018-03-27,21317.3203125,0.026544257876724542
2018-03-28,21031.310546875,-0.013416778536526008
2018-03-29,21159.080078125,0.006075205392703564
2018-03-30,21454.30078125,0.013952435646302552
2018-04-02,21388.580078125,-0.003063288046303403
2018-04-03,21292.2890625,-0.004501982612837407
2018-04-04,21319.55078125,0.0012803564083680996
2018-04-05,21645.419921875,0.015284990944161692
2018-04-06,21567.51953125,-0.003598931825123608
2018-04-09,21678.259765625,0.005134583706510432
2018-04-10,21794.3203125,0.005353776000924126
2018-04-11,21687.099609375,-0.004919662627125065
2018-04-12,21660.279296875,-0.0012366943013627507
2018-04-13,21778.740234375,0.00546904016685934
2018-04-16,21835.529296875,0.002607545794148569
2018-04-17,21847.58984375,0.0005523359068162481
2018-04-18,22158.19921875,0.01421710024865086
2018-04-19,22191.1796875,0.0014884092531350923
2018-04-20,22162.240234375,-0.0013040971022059145
2018-04-23,22088.0390625,-0.0033480898632218814
2018-04-24,22278.119140625,0.008605566007337861
2018-04-25,22215.3203125,-0.0028188568221849675
2018-04-26,22319.609375,0.004694465847576268
2018-04-27,22467.869140625,0.006642578870177829
2018-05-01,22508.029296875,0.0017874483778874684
2018-05-02,22472.779296875,-0.0015661077891387931
2018-05-07,22467.16015625,-0.0002500420865069186
2018-05-08,22508.689453125,0.0018484444222670593
2018-05-09,22408.880859375,-0.004434225011538562
2018-05-10,22497.1796875,0.003940349751471839
2018-05-11,22758.48046875,0.011614823941473285
2018-05-14,22865.859375,0.004718193132333459
2018-05-15,22818.01953125,-0.0020921953102844837
2018-05-16,22717.23046875,-0.004417081962874381
2018-05-17,22838.369140625,0.005332457758952636
2018-05-18,22930.359375,0.004027881054403659
2018-05-21,23002.369140625,0.003140367948332612
2018-05-22,22960.33984375,-0.0018271725237540837
2018-05-23,22689.740234375,-0.011785522828341777
2018-05-24,22437.009765625,-0.01113853513259322
2018-05-25,22450.7890625,0.0006141324988908625
2018-05-28,22481.08984375,0.0013496532868242372
2018-05-29,22358.4296875,-0.005456148127271576
2018-05-30,22018.51953125,-0.015202774121477525
2018-05-31,22201.8203125,0.00832484586394866
2018-06-01,22171.349609375,-0.0013724416600130462
2018-06-04,22475.939453125,0.01373799291050859
2018-06-05,22539.5390625,0.002829675240389351
2018-06-06,22625.73046875,0.0038240092670485115
2018-06-07,22823.259765625,0.008730294791932547
2018-06-08,22694.5,-0.005641602774855592
2018-06-11,22804.0390625,0.004826678820859742
2018-06-12,22878.349609375,0.0032586572348580756
2018-06-13,22966.380859375,0.00384779721890105
2018-06-14,22738.609375,-0.009917604596460516
2018-06-15,22851.75,0.004975705555872345
2018-06-18,22680.330078125,-0.007501391441574468
2018-06-19,22278.48046875,-0.017717978882616947
2018-06-20,22555.4296875,0.012431243645116385
2018-06-21,22693.0390625,0.006100942296668466
2018-06-22,22516.830078125,-0.007764891422858522
2018-06-25,22338.150390625,-0.007935383749846148
2018-06-26,22342.0,0.00017233339858857555
2018-06-27,22271.76953125,-0.0031434280167397244
2018-06-28,22270.390625,-6.191273881783754e-05
2018-06-29,22304.509765625,0.001532040510627608
2018-07-02,21811.9296875,-0.022084326591394032
2018-07-03,21785.5390625,-0.0012099170214694421
2018-07-04,21717.0390625,-0.0031442875846900975
2018-07-05,21546.990234375,-0.007830203170681393
2018-07-06,21788.140625,0.011191836446849956
2018-07-09,22052.1796875,0.0121184761492239
2018-07-10,22196.890625,0.006562205620972206
2018-07-11,21932.2109375,-0.011924178569492794
2018-07-12,22187.9609375,0.011660931072057013
2018-07-13,22597.349609375,0.01845093711081347
2018-07-16,22597.349609375,0.0
2018-07-17,22697.359375,0.00442572989106238
2018-07-18,22794.189453125,0.00426613847563484
2018-07-19,22764.6796875,-0.001294617897499073
2018-07-20,22697.880859375,-0.002934318823808346
2018-07-23,22396.990234375,-0.013256331146690337
2018-07-24,22510.48046875,0.00506720917352621
2018-07-25,22614.25,0.00460983191336406
2018-07-26,22586.869140625,-0.0012107790165493126
2018-07-27,22712.75,0.005573187615834252
2018-07-30,22544.83984375,-0.007392770855576658
2018-07-31,22553.720703125,0.00039391982540348813
2018-08-01,22746.69921875,0.008556393783765381
2018-08-02,22512.529296875,-0.010294677026457255
2018-08-03,22525.1796875,0.0005619266701746284
2018-08-06,22507.3203125,-0.0007928627095441509
2018-08-07,22662.740234375,0.0069053054613827936
2018-08-08,22644.310546875,-0.0008132153177154988
2018-08-09,22598.390625,-0.0020278790020982207
2018-08-10,22298.080078125,-0.013289023623778484
2018-08-13,21857.4296875,-0.019761808598816932
2018-08-14,22356.080078125,0.022813770775168996
2018-08-15,22204.220703125,-0.006792755012028806
2018-08-16,22192.0390625,-0.0005486182464078393
2018-08-17,22270.380859375,0.0035301756929304595
2018-08-20,22199.0,-0.003205192575094662
2018-08-21,22219.73046875,0.0009338469638271452
2018-08-22,22362.55078125,0.006427634786158265
2018-08-23,22410.8203125,0.0021584984522637907
2018-08-24,22601.76953125,0.008520402916420533
2018-08-27,22799.640625,0.008754672658546347
2018-08-28,22813.470703125,0.0006065919350428661
2018-08-29,22848.220703125,0.0015232228560138061
2018-08-30,22869.5,0.0009313327786653058
2018-08-31,22865.150390625,-0.0001901925872886956
2018-09-03,22707.380859375,-0.006899999718116279
2018-09-04,22696.900390625,-0.00046154458829505973
2018-09-05,22580.830078125,-0.005113927915370464
2018-09-06,22487.939453125,-0.0041136939908150705
2018-09-07,22307.060546875,-0.008043373943932619
2018-09-10,22373.08984375,0.0029600178264745924
2018-09-11,22664.689453125,0.013033497447669573
2018-09-12,22604.609375,-0.002650822913292439
2018-09-13,22821.3203125,0.009587024217267537
2018-09-14,23094.669921875,0.011977817480843811
2018-09-18,23420.5390625,0.014110144969698757
2018-09-19,23672.51953125,0.010758952562003987
2018-09-20,23674.9296875,0.00010181240939810543
2018-09-21,23869.9296875,0.008236560892637357
2018-09-25,23940.259765625,0.002946388156385371
2018-09-26,24033.7890625,0.003906778697919444
2018-09-27,23796.740234375,-0.009863148399470112
2018-09-28,24120.0390625,0.013585845159497456
2018-10-01,24245.759765625,0.005212292683242747
2018-10-02,24270.619140625,0.001025308146261672
2018-10-03,24110.9609375,-0.006578250113848938
2018-10-04,23975.619140625,-0.005613289210074646
2018-10-05,23783.720703125,-0.00800389914331101
2018-10-09,23469.390625,-0.013216186064769042
2018-10-10,23506.0390625,0.001561541928615906
2018-10-11,22590.859375,-0.038933811224708514
2018-10-12,22694.66015625,0.0045948133059900975
2018-10-15,22271.30078125,-0.018654580949228672
2018-10-16,22549.240234375,0.01247971350461019
2018-10-17,22841.119140625,0.0129440683240869
2018-10-18,22658.16015625,-0.008010070927286117
2018-10-19,22532.080078125,-0.005564444652855993
2018-10-22,22614.8203125,0.003672108127084517
2018-10-23,22010.779296875,-0.026709963080764565
2018-10-24,22091.1796875,0.0036527734679714374
2018-10-25,21268.73046875,-0.03722975551257557
2018-10-26,21184.599609375,-0.003955612653919971
2018-10-29,21149.80078125,-0.00164264743099507
2018-10-30,21457.2890625,0.014538589957906245
2018-10-31,21920.4609375,0.021585759209883815
2018-11-01,21687.650390625,-0.0106206957754581
2018-11-02,22243.66015625,0.02563716011695516
2018-11-05,21898.990234375,-0.01549519815776157
2018-11-06,22147.75,0.011359417167761565
2018-11-07,22085.80078125,-0.0027970885868767725
2018-11-08,22486.919921875,0.018161856325605186
2018-11-09,22250.25,-0.010524781637380687
2018-11-12,22269.880859375,0.000882275901394447
2018-11-13,21810.51953125,-0.020627022256009098
2018-11-14,21846.48046875,0.0016487886704612542
2018-11-15,21803.619140625,-0.001961932869979255
2018-11-16,21680.33984375,-0.005654074953332144
2018-11-19,21821.16015625,0.006495300051331698
2018-11-20,21583.119140625,-0.010908724097184241
2018-11-21,21507.5390625,-0.0035018144334263424
2018-11-22,21646.55078125,0.006463394921475629
2018-11-26,21812.0,0.007643213943041127
2018-11-27,21952.400390625,0.006436841675453886
2018-11-28,22177.01953125,0.010232099297939445
2018-11-29,22262.599609375,0.003858953093512252
2018-11-30,22351.060546875,0.003973522367205939
2018-12-03,22574.759765625,0.010008438672556741
2018-12-04,22036.05078125,-0.023863331878964278
2018-12-05,21919.330078125,-0.005296806777388419
2018-12-06,21501.619140625,-0.019056738322348
2018-12-07,21678.6796875,0.008234754123258803
2018-12-10,21219.5,-0.021181164818112275
2018-12-11,21148.01953125,-0.0033686217276561736
2018-12-12,21602.75,0.021502272024955138
2018-12-13,21816.189453125,0.009880198267581575
2018-12-14,21374.830078125,-0.020230818766417413
2018-12-17,21506.880859375,0.006177863438790121
2018-12-18,21115.44921875,-0.018200297996925574
2018-12-19,20987.919921875,-0.006039620353506692
2018-12-20,20392.580078125,-0.02836583358265521
2018-12-21,20166.189453125,-0.011101617555634768
2018-12-25,19155.740234375,-0.050106105622915176
2018-12-26,19327.060546875,0.008943549578552146
2018-12-27,20077.619140625,0.03883459628688124
2018-12-28,20014.76953125,-0.0031303317855965185
2019-01-04,19561.9609375,-0.022623722598604457
2019-01-07,20038.970703125,0.02438455772143877
2019-01-08,20204.0390625,0.00823736716922574
2019-01-09,20427.060546875,0.011038460363548941
2019-01-10,20163.80078125,-0.012887794845513167
2019-01-11,20359.69921875,0.009715352756418882
2019-01-15,20555.2890625,0.009606715779468589
2019-01-16,20442.75,-0.005474944290874029
2019-01-17,20402.26953125,-0.001980187046752513
2019-01-18,20666.0703125,0.012929972366355624
2019-01-21,20719.330078125,0.0025771597995960516
2019-01-22,20622.91015625,-0.004653621594493451
2019-01-23,20593.720703125,-0.001415389627547503
2019-01-24,20574.630859375,-0.0009269740046101704
2019-01-25,20773.560546875,0.009668688048872331
2019-01-28,20649.0,-0.005996109650723169
2019-01-29,20664.640625,0.0007574519347184339
2019-01-30,20556.5390625,-0.005231233606318719
2019-01-31,20773.490234375,0.010553876370695603
2019-02-01,20788.390625,0.0007172791118337241
2019-02-04,20883.76953125,0.00458808514668263
2019-02-05,20844.44921875,-0.001882816818159272
2019-02-06,20874.060546875,0.0014205857787004117
2019-02-07,20751.279296875,-0.005882001239015389
2019-02-08,20333.169921875,-0.02014860717830369
2019-02-12,20864.2109375,0.02611698115273664
2019-02-13,21144.48046875,0.01343302807326685
2019-02-14,21139.7109375,-0.00022556861858347155
2019-02-15,20900.630859375,-0.01130952446946154
2019-02-18,21281.849609375,0.018239581023412166
2019-02-19,21302.650390625,0.0009773953689080628
2019-02-20,21431.490234375,0.006048066385518913
2019-02-21,21464.23046875,0.0015276695188692901
2019-02-22,21425.509765625,-0.0018039641896956393
2019-02-25,21528.23046875,0.004794317813142657
2019-02-26,21449.390625,-0.0036621608944795714
2019-02-27,21556.509765625,0.004994041206007438
2019-02-28,21385.16015625,-0.007948856806505922
2019-03-01,21602.689453125,0.01017197417674831
2019-03-04,21822.0390625,0.010153810239736938
2019-03-05,21726.279296875,-0.004388213463954349
2019-03-06,21596.810546875,-0.005959085227198679
2019-03-07,21456.009765625,-0.006519517358565374
2019-03-08,21025.560546875,-0.020061941780042836
2019-03-11,21125.08984375,0.004733728580177843
2019-03-12,21503.689453125,0.017921798779332088
2019-03-13,21290.240234375,-0.00992616728470197
2019-03-14,21287.01953125,-0.0001512760349129394
2019-03-15,21450.849609375,0.0076962431440668055
2019-03-18,21584.5,0.006230540657307548
2019-03-19,21566.849609375,-0.000817734514350521
2019-03-20,21608.919921875,0.001950693460657904
2019-03-22,21627.33984375,0.0008524221451879921
2019-03-25,20977.109375,-0.030065207901096014
2019-03-26,21428.390625,0.02151303317976816
2019-03-27,21378.73046875,-0.0023174935121847984
2019-03-28,21033.759765625,-0.016136164101477224
2019-03-29,21205.810546875,0.008179744523429289
2019-04-01,21509.029296875,0.014298852162700548
2019-04-02,21505.310546875,-0.00017289250708030224
2019-04-03,21713.2109375,0.009667397742145534
2019-04-04,21724.94921875,0.0005406054997478815
2019-04-05,21807.5,0.003799814693180137
2019-04-08,21761.650390625,-0.0021024697638427625
2019-04-09,21802.58984375,0.0018812660064899678
2019-04-10,21687.5703125,-0.005275498556561287
2019-04-11,21711.380859375,0.0010978890918580397
2019-04-12,21870.560546875,0.007331624300223494
2019-04-15,22169.109375,0.01365071679279195
2019-04-16,22221.66015625,0.002370450718659045
2019-04-17,22277.970703125,0.0025340387027368294
2019-04-18,22090.119140625,-0.008432166690732323
2019-04-19,22200.560546875,0.00499958400164946
2019-04-22,22217.900390625,0.0007810543212811716
2019-04-23,22259.740234375,0.0018831592101140604
2019-04-24,22200.0,-0.0026837794936503956
2019-04-25,22307.580078125,0.004845949465090094
2019-04-26,22258.73046875,-0.00218982109237853
2019-05-07,21923.720703125,-0.015050713071679267
2019-05-08,21602.58984375,-0.01464764415326758
2019-05-09,21402.130859375,-0.009279395934696066
2019-05-10,21344.919921875,-0.0026731421219649
2019-05-13,21191.279296875,-0.007197994912248151
2019-05-14,21067.23046875,-0.00585376778754898
2019-05-15,21188.560546875,0.005759185019833302
2019-05-16,21062.98046875,-0.005926786666191064
2019-05-17,21250.08984375,0.008883328514575739
2019-05-20,21301.73046875,0.0024301367843482247
2019-05-21,21272.44921875,-0.0013745948970181887
2019-05-22,21283.369140625,0.0005133363705658311
2019-05-23,21151.140625,-0.0062127624038905704
2019-05-24,21117.220703125,-0.0016036923245126289
2019-05-27,21182.580078125,0.0030950746747808733
2019-05-28,21260.140625,0.0036615250167326696
2019-05-29,21003.369140625,-0.012077600468599958
2019-05-30,20942.529296875,-0.002896670688528835
2019-05-31,20601.189453125,-0.016298883430519218
2019-06-03,20410.880859375,-0.009237747858346745
2019-06-04,20408.5390625,-0.00011473276881746042
2019-06-05,20776.099609375,0.018010135157120688
2019-06-06,20774.0390625,-9.91787156271462e-05
2019-06-07,20884.7109375,0.005327412481849869
2019-06-10,21134.419921875,0.011956544915669776
2019-06-11,21204.279296875,0.003305478705270426
2019-06-12,21129.720703125,-0.003516205040790421
2019-06-13,21032.0,-0.004624798618873771
2019-06-14,21116.890625,0.004036260222518129
2019-06-17,21124.0,0.0003366677001008789
2019-06-18,20972.7109375,-0.007161951453323212
2019-06-19,21333.869140625,0.017220387207036447
2019-06-20,21462.859375,0.006046265378527593
2019-06-21,21258.640625,-0.00951498336879919
2019-06-24,21285.990234375,0.0012865173205307556
2019-06-25,21193.810546875,-0.004330533204470743
2019-06-26,21086.58984375,-0.005059057354875218
2019-06-27,21338.169921875,0.011930809106128093
2019-06-28,21275.919921875,-0.00291730735240725
2019-07-01,21729.970703125,0.021341064589323056
2019-07-02,21754.26953125,0.0011182172519683675
2019-07-03,21638.16015625,-0.0053373143526244116
2019-07-04,21702.44921875,0.002971096527420336
2019-07-05,21746.380859375,0.002024271094114294
2019-07-08,21534.349609375,-0.0097501856226615
2019-07-09,21565.150390625,0.0014303093340970463
2019-07-10,21533.48046875,-0.0014685694883337375
2019-07-11,21643.529296875,0.005110591772876871
2019-07-12,21685.900390625,0.001957679506369603
2019-07-16,21535.25,-0.006946928092048554
2019-07-17,21469.1796875,-0.0030680076850744253
2019-07-18,21046.240234375,-0.019699842252065558
2019-07-19,21466.990234375,0.019991694255812265
2019-07-22,21416.7890625,-0.0023385286585081433
2019-07-23,21620.880859375,0.009529523603160284
2019-07-24,21709.5703125,0.004102027743543291
2019-07-25,21756.55078125,0.0021640441553534284
2019-07-26,21658.150390625,-0.004522793691627003
2019-07-29,21616.80078125,-0.0019091939352724463
2019-07-30,21709.310546875,0.004279530840902268
2019-07-31,21521.529296875,-0.00864980256257053
2019-08-01,21540.990234375,0.0009042543971458095
2019-08-02,21087.16015625,-0.021068208712187286
2019-08-05,20720.2890625,-0.017397842622315474
2019-08-06,20585.310546875,-0.006514316244230711
2019-08-07,20516.560546875,-0.0033397601577809244
2019-08-08,20593.349609375,0.003742784387497977
2019-08-09,20684.8203125,0.004441759347559415
2019-08-13,20455.439453125,-0.011089332946072727
2019-08-14,20655.130859375,0.009762264296868661
2019-08-15,20405.650390625,-0.012078377544471719
2019-08-16,20418.810546875,0.0006449270666739615
2019-08-19,20563.16015625,0.007069442612419596
2019-08-20,20677.220703125,0.005546839396683545
2019-08-21,20618.5703125,-0.0028364735989946377
2019-08-22,20628.009765625,0.00045781317433424285
2019-08-23,20710.91015625,0.004018826419364352
2019-08-26,20261.0390625,-0.02172145455491925
2019-08-27,20456.080078125,0.009626407363578338
2019-08-28,20479.419921875,0.001140973425058034
2019-08-29,20460.9296875,-0.0009028690483195989
2019-08-30,20704.369140625,0.011897770865891832
2019-09-02,20620.189453125,-0.004065793404679385
2019-09-03,20625.16015625,0.00024106001238743957
2019-09-04,20649.140625,0.0011626803655502282
2019-09-05,21085.939453125,0.02115336594667605
2019-09-06,21199.5703125,0.005388939849116259
2019-09-09,21318.419921875,0.005606227278338816
2019-09-10,21392.099609375,0.00345615143007838
2019-09-11,21597.759765625,0.009613836883962001
2019-09-12,21759.609375,0.007493814688716016
2019-09-13,21988.2890625,0.010509365474305588
2019-09-17,22001.3203125,0.00059264501949019
2019-09-18,21960.7109375,-0.001845769909405326
2019-09-19,22044.44921875,0.0038130951902384247
2019-09-20,22079.08984375,0.0015713989792285332
2019-09-24,22098.83984375,0.0008945115102012569
2019-09-25,22020.150390625,-0.0035607956653550543
2019-09-26,22048.240234375,0.0012756426841644686
2019-09-27,21878.900390625,-0.007680424466982472
2019-09-30,21755.83984375,-0.005624622109789867
2019-10-01,21885.240234375,0.005947846258951728
2019-10-02,21778.609375,-0.004872272738752792
2019-10-03,21341.740234375,-0.020059551696009037
2019-10-04,21410.19921875,0.0032077508030359247
2019-10-07,21375.25,-0.0016323630804608857
2019-10-08,21587.779296875,0.0099427747921077
2019-10-09,21456.380859375,-0.006086704690325462
2019-10-10,21551.98046875,0.004455532832007281
2019-10-11,21798.869140625,0.011455498126169195
2019-10-15,22207.2109375,0.0187322468078861
2019-10-16,22472.919921875,0.011964986738893568
2019-10-17,22451.859375,-0.0009371522235745999
2019-10-18,22492.6796875,0.0018181261435057383
2019-10-21,22548.900390625,0.0024995111256682634
2019-10-23,22625.380859375,0.0033917604594944084
2019-10-24,22750.599609375,0.0055344372224397365
2019-10-25,22799.810546875,0.0021630611212428708
2019-10-28,22867.26953125,0.0029587519701670395
2019-10-29,22974.130859375,0.004673112720299466
2019-10-30,22843.119140625,-0.0057025756296037455
2019-10-31,22927.0390625,0.0036737505661279535
2019-11-01,22850.76953125,-0.0033266193267297295
2019-11-05,23251.990234375,0.01755830159576477
2019-11-06,23303.8203125,0.002229059861223126
2019-11-07,23330.3203125,0.0011371526060808268
2019-11-08,23391.869140625,0.002638147582226802
2019-11-11,23331.83984375,-0.0025662462676292463
2019-11-12,23520.009765625,0.008064941433472361
2019-11-13,23319.869140625,-0.008509376781488887
2019-11-14,23141.55078125,-0.007646627787647242
2019-11-15,23303.3203125,0.006990436067969563
2019-11-18,23416.759765625,0.0048679523605976716
2019-11-19,23292.650390625,-0.005300023412384669
2019-11-20,23148.5703125,-0.006185645502282178
2019-11-21,23038.580078125,-0.0047514914696743515
2019-11-22,23112.880859375,0.0032250590530338297
2019-11-25,23292.810546875,0.007784823042819244
2019-11-26,23373.3203125,0.0034564212619589973
2019-11-27,23437.76953125,0.002757383969770544
2019-11-28,23409.140625,-0.001221485952911494
2019-11-29,23293.91015625,-0.00492245617196807
2019-12-02,23529.5,0.010113795501473177
2019-12-03,23379.810546875,-0.006361777901145338
2019-12-04,23135.23046875,-0.010461165954900875
2019-12-05,23300.08984375,0.007125901564831283
2019-12-06,23354.400390625,0.0023309157706774553
2019-12-09,23430.69921875,0.003267000087727734
2019-12-10,23410.189453125,-0.0008753373270476983
2019-12-11,23391.859375,-0.0007829957190950143
2019-12-12,23424.810546875,0.001408659796844347
2019-12-13,24023.099609375,0.02554082823008419
2019-12-16,23952.349609375,-0.0029450820731056204
2019-12-17,24066.119140625,0.004749827599605183
2019-12-18,23934.4296875,-0.00547198542297167
2019-12-19,23864.849609375,-0.0029071124331547793
2019-12-20,23816.630859375,-0.0020204925146922736
2019-12-23,23821.109375,0.00018804152658891127
2019-12-24,23830.580078125,0.0003975760732175537
2019-12-25,23782.869140625,-0.00200208880117847
2019-12-26,23924.919921875,0.005972819360442694
2019-12-27,23837.720703125,-0.003644702637866426
2019-12-30,23656.619140625,-0.007597268411499547
2020-01-06,23204.859375,-0.019096548113639922
2020-01-07,23575.720703125,0.0159820545400311
2020-01-08,23204.759765625,-0.015734871572805398
2020-01-09,23739.869140625,0.02306032815701453
2020-01-10,23850.5703125,0.0046630910734701825
2020-01-14,24025.169921875,0.007320563285796666
2020-01-15,23916.580078125,-0.004519836658933629
2020-01-16,23933.130859375,0.0006920212336352094
2020-01-17,24041.259765625,0.004517959095504009
2020-01-20,24083.509765625,0.001757395428188424
2020-01-21,23864.560546875,-0.00909125043985537
2020-01-22,24031.349609375,0.006988985285205196
2020-01-23,23795.439453125,-0.009816766851827863
2020-01-24,23827.1796875,0.0013338788904289078
2020-01-27,23343.509765625,-0.020299083996447087
2020-01-28,23215.7109375,-0.005474704935467423
2020-01-29,23379.400390625,0.007050805102013724
2020-01-30,22977.75,-0.017179670304378725
2020-01-31,23205.1796875,0.009897822349882013
2020-02-03,22971.939453125,-0.010051214320078716
2020-02-04,23084.58984375,0.004903825854794208
2020-02-05,23319.560546875,0.010178682173494158
2020-02-06,23873.58984375,0.023758136254812268
2020-02-07,23827.98046875,-0.0019104531534012148
2020-02-10,23685.98046875,-0.005959380409356618
2020-02-12,23861.2109375,0.007398066927446267
2020-02-13,23827.73046875,-0.0014031336815929496
2020-02-14,23687.58984375,-0.005881408856113879
2020-02-17,23523.240234375,-0.006938215768640732
2020-02-18,23193.80078125,-0.014004850090489795
2020-02-19,23400.69921875,0.008920419704012472
2020-02-20,23479.150390625,0.003352514005741325
2020-02-21,23386.740234375,-0.003935839019409304
2020-02-25,22605.41015625,-0.03340910577082312
2020-02-26,22426.189453125,-0.007928221690569393
2020-02-27,21948.23046875,-0.02131253663820265
2020-02-28,21142.9609375,-0.03668949678638311
2020-03-02,21344.080078125,0.00951234508825527
2020-03-03,21082.73046875,-0.01224459468004202
2020-03-04,21100.060546875,0.000822003494788559
2020-03-05,21329.119140625,0.01085582637268434
2020-03-06,20749.75,-0.02716329431164788
2020-03-09,19698.759765625,-0.05065074202701236
2020-03-10,19867.119140625,0.008546699234019517
2020-03-11,19416.060546875,-0.02270377454110395
2020-03-12,18559.630859375,-0.04410934367619912
2020-03-13,17431.05078125,-0.06080832569764838
2020-03-16,17002.0390625,-0.024611925243857025
2020-03-17,17011.529296875,0.0005581821298088485
2020-03-18,16726.55078125,-0.016752080935918623
2020-03-19,16552.830078125,-0.010385925071876523
2020-03-23,16887.779296875,0.020235163242124043
2020-03-24,18092.349609375,0.07132792839866764
2020-03-25,19546.630859375,0.08038100530880898
2020-03-26,18664.599609375,-0.045124464484218696
2020-03-27,19389.4296875,0.03883448310141757
2020-03-30,19084.970703125,-0.015702317669058607
2020-03-31,18917.009765625,-0.008800691398100913
2020-04-01,18065.41015625,-0.04501766504992144
2020-04-02,17818.720703125,-0.013655347484023417
2020-04-03,17820.189453125,8.242735404362378e-05
2020-04-06,18576.30078125,0.04243003869930262
2020-04-07,18950.1796875,0.020126660881125247
2020-04-08,19353.240234375,0.021269484169633923
2020-04-09,19345.76953125,-0.0003860182085545505
2020-04-10,19498.5,0.007894773506077923
2020-04-13,19043.400390625,-0.023340236909249468
2020-04-14,19638.810546875,0.03126595797161924
2020-04-15,19550.08984375,-0.004517621009339501
2020-04-16,19290.19921875,-0.013293577015610736
2020-04-17,19897.259765625,0.031469895151986726
2020-04-20,19669.119140625,-0.011465931876415536
2020-04-21,19280.779296875,-0.019743631678345697
2020-04-22,19137.94921875,-0.007407899645848315
2020-04-23,19429.439453125,0.015231006783601453
2020-04-24,19262.0,-0.008617822121372076
2020-04-27,19783.220703125,0.027059531882722476
2020-04-28,19771.189453125,-0.0006081542626726888
2020-04-30,20193.689453125,0.021369478098507644
2020-05-01,19619.349609375,-0.028441550766797552
2020-05-07,19674.76953125,0.002824758362454549
2020-05-08,20179.08984375,0.025632844730352433
2020-05-11,20390.66015625,0.010484631077923856
2020-05-12,20366.48046875,-0.0011858217102690416
2020-05-13,20267.05078125,-0.00488202601586285
2020-05-14,19914.779296875,-0.01738148723152666
2020-05-15,20037.470703125,0.006160821790741844
2020-05-18,20133.73046875,0.0048039878411394454
2020-05-19,20433.44921875,0.014886399242564519
2020-05-20,20595.150390625,0.007913552437667892
2020-05-21,20552.310546875,-0.0020800937569021016
2020-05-22,20388.16015625,-0.007986955542084284
2020-05-25,20741.650390625,0.017338015380786498
2020-05-26,21271.169921875,0.02552928630449469
2020-05-27,21419.23046875,0.006960620756582658
2020-05-28,21916.310546875,0.02320718659105081
2020-05-29,21877.890625,-0.0017530287222763397
2020-06-01,22062.390625,0.008433171330931355
2020-06-02,22325.609375,0.011930654047151767
2020-06-03,22613.759765625,0.012906720071330646
2020-06-04,22695.740234375,0.0036252471769253614
2020-06-05,22863.73046875,0.0074018398448427725
2020-06-08,23178.099609375,0.013749687132407207
2020-06-09,23091.029296875,-0.003756576853469973
2020-06-10,23124.94921875,0.0014689653474906361
2020-06-11,22472.91015625,-0.02819634570143481
2020-06-12,22305.48046875,-0.0074502895413141035
2020-06-15,21530.94921875,-0.03472380929364505
2020-06-16,22582.2109375,0.048825609501438993
2020-06-17,22455.759765625,-0.005599592184528546
2020-06-18,22355.4609375,-0.004466507888035709
2020-06-19,22478.7890625,0.005516688980146345
2020-06-22,22437.26953125,-0.0018470537329461356
2020-06-23,22549.05078125,0.0049819453229063
2020-06-24,22534.3203125,-0.0006532633631854967
2020-06-25,22259.7890625,-0.012182805879781267
2020-06-26,22512.080078125,0.011333935596452793
2020-06-29,21995.0390625,-0.022967269742763974
2020-06-30,22288.140625,0.013325803226224675
2020-07-01,22121.73046875,-0.007466309507368374
2020-07-02,22145.9609375,0.0010953242913898098
2020-07-03,22306.48046875,0.0072482531556439245
2020-07-06,22714.439453125,0.01828881005887628
2020-07-07,22614.689453125,-0.004391479710773916
2020-07-08,22438.650390625,-0.007784279455390619
2020-07-09,22529.2890625,0.004039399442351099
2020-07-10,22290.810546875,-0.010585265916000286
2020-07-13,22784.740234375,0.022158444461287008
2020-07-14,22587.009765625,-0.008678197193211279
2020-07-15,22945.5,0.015871522529758764
2020-07-16,22770.359375,-0.00763289642849363
2020-07-17,22696.419921875,-0.0032471798932686147
2020-07-20,22717.48046875,0.0009279237407262553
2020-07-21,22884.220703125,0.007339732705146096
2020-07-22,22751.609375,-0.005794880666698421
2020-07-27,22715.849609375,-0.0015717466415493542
2020-07-28,22657.380859375,-0.002573918695775723
2020-07-29,22397.109375,-0.011487271454295511
2020-07-30,22339.23046875,-0.0025842132250604166
2020-07-31,21710.0,-0.02816706106462441
2020-08-03,22195.380859375,0.022357478552510468
2020-08-04,22573.66015625,0.017043154126153315
2020-08-05,22514.849609375,-0.0026052729804526553
2020-08-06,22418.150390625,-0.004294908490516169
2020-08-07,22329.939453125,-0.003934799970692016
2020-08-11,22750.240234375,0.018822298292939577
2020-08-12,22843.9609375,0.004119547844747107
2020-08-13,23249.609375,0.017757359969658326
2020-08-14,23289.359375,0.0017097061442563621
2020-08-17,23096.75,-0.008270273642939086
2020-08-18,23051.080078125,-0.0019773310909543262
2020-08-19,23110.609375,0.002582494905802424
2020-08-20,22880.619140625,-0.009951716574976732
2020-08-21,22920.30078125,0.0017342905094095418
2020-08-24,22985.509765625,0.0028450317906971723
2020-08-25,23296.76953125,0.013541564611740275
2020-08-26,23290.859375,-0.000253689947959157
2020-08-27,23208.859375,-0.00352069447845349
2020-08-28,22882.650390625,-0.014055364768437717
2020-08-31,23139.759765625,0.011235996294613582
2020-09-01,23138.0703125,-7.30108325286416e-05
2020-09-02,23247.150390625,0.004714311809575156
2020-09-03,23465.529296875,0.009393792468347817
2020-09-04,23205.4296875,-0.011084327401455152
2020-09-07,23089.94921875,-0.004976441733901882
2020-09-08,23274.130859375,0.007976701848934287
2020-09-09,23032.5390625,-0.010380271484023429
2020-09-10,23235.470703125,0.008810650014500654
2020-09-11,23406.490234375,0.0073602783190873655
2020-09-14,23559.30078125,0.0065285544883009194
2020-09-15,23454.890625,-0.004431801996988671
2020-09-16,23475.529296875,0.000879930424958042
2020-09-17,23319.369140625,-0.006652039844349256
2020-09-18,23360.30078125,0.001755263634198867
2020-09-23,23346.490234375,-0.0005911973053910335
2020-09-24,23087.8203125,-0.01107960636816141
2020-09-25,23204.619140625,0.005058893673984599
2020-09-28,23511.619140625,0.013230124491141693
2020-09-29,23539.099609375,0.0011688037555235287
2020-09-30,23185.119140625,-0.015037978283970466
2020-10-02,23029.900390625,-0.006694757488997616
2020-10-05,23312.140625,0.012255382332869047
2020-10-06,23433.73046875,0.005215730537400987
2020-10-07,23422.8203125,-0.0004655748799599069
2020-10-08,23647.0703125,0.009573996513149385
2020-10-09,23619.689453125,-0.001157896475679987
2020-10-12,23558.689453125,-0.002582591109889898
2020-10-13,23601.779296875,0.0018290424786038262
2020-10-14,23626.73046875,0.0010571733410922324
2020-10-15,23507.23046875,-0.005057830585491141
2020-10-16,23410.630859375,-0.00410935731044193
2020-10-19,23671.130859375,0.011127423330229425
2020-10-20,23567.0390625,-0.004397415463307852
2020-10-21,23639.4609375,0.0030730154436429125
2020-10-22,23474.26953125,-0.006987951488688582
2020-10-23,23516.58984375,0.0018028383138253279
2020-10-26,23494.33984375,-0.0009461405819395363
2020-10-27,23485.80078125,-0.0003634519018959059
2020-10-28,23418.509765625,-0.002865178677608604
2020-10-29,23331.939453125,-0.003696661886960606
2020-10-30,22977.130859375,-0.015206991020306204
2020-11-02,23295.48046875,0.013855063598817718
2020-11-04,23695.23046875,0.017159980904289496
2020-11-05,24105.279296875,0.01730512090463887
2020-11-06,24325.23046875,0.009124605824563758
2020-11-09,24839.83984375,0.021155375101629792
2020-11-10,24905.58984375,0.002646957484975232
2020-11-11,25349.599609375,0.01782771532055971
2020-11-12,25520.880859375,0.006756763524448539
2020-11-13,25385.869140625,-0.005290245250308634
2020-11-16,25906.9296875,0.020525613836130052
2020-11-17,26014.619140625,0.004156781773216434
2020-11-18,25728.140625,-0.011012212559269319
2020-11-19,25634.33984375,-0.003645843771502677
2020-11-20,25527.369140625,-0.004172945501113801
2020-11-24,26165.58984375,0.025001428843261397
2020-11-25,26296.859375,0.0050168764409244115
2020-11-26,26537.310546875,0.009143722010529931
2020-11-27,26644.7109375,0.004047146768520138
2020-11-30,26433.619140625,-0.007922465264125211
2020-12-01,26787.5390625,0.013389007384579932
2020-12-02,26800.98046875,0.0005017783163521194
2020-12-03,26809.369140625,0.0003129986936403206
2020-12-04,26751.240234375,-0.0021682310368845714
2020-12-07,26547.439453125,-0.007618367577145735
2020-12-08,26467.080078125,-0.003027010388022222
2020-12-09,26817.939453125,0.0132564443816372
2020-12-10,26756.240234375,-0.0023006696266819615
2020-12-11,26652.51953125,-0.0038765051523100835
2020-12-14,26732.439453125,0.0029985878738891802
2020-12-15,26687.83984375,-0.0016683703503080904
2020-12-16,26757.400390625,0.0026064510009899955
2020-12-17,26806.669921875,0.0018413422279714986
2020-12-18,26763.390625,-0.0016144973247752548
2020-12-21,26714.419921875,-0.0018297645395967121
2020-12-22,26436.390625,-0.010407461501619086
2020-12-23,26524.7890625,0.0033438164367416423
2020-12-24,26668.349609375,0.0054123162501587
2020-12-25,26656.609375,-0.00044023100592893716
2020-12-28,26854.029296875,0.007406040246819678
2020-12-29,27568.150390625,0.0265926980958906
2020-12-30,27444.169921875,-0.004497235650316345
2021-01-04,27258.380859375,-0.006769709669809054
2021-01-05,27158.630859375,-0.003659424986194426
2021-01-06,27055.939453125,-0.003781170221051511
2021-01-07,27490.130859375,0.016047914617869585
2021-01-08,28139.029296875,0.023604778049963526
2021-01-12,28164.33984375,0.0008994818765055701
2021-01-13,28456.58984375,0.010376596846272346
2021-01-14,28698.259765625,0.00849258197141567
2021-01-15,28519.1796875,-0.006240102347233711
2021-01-18,28242.2109375,-0.009711666079981862
2021-01-19,28633.4609375,0.013853377161789249
2021-01-20,28523.259765625,-0.003848685009316344
2021-01-21,28756.859375,0.008189793568283754
2021-01-22,28631.44921875,-0.0043610519012040605
2021-01-25,28822.2890625,0.006665392390442504
2021-01-26,28546.1796875,-0.00957971708635863
2021-01-27,28635.2109375,0.0031188499117793533
2021-01-28,28197.419921875,-0.015288555638040657
2021-01-29,27663.390625,-0.0189389418732141
2021-02-01,28091.05078125,0.015459426577431712
2021-02-02,28362.169921875,0.009651441761159285
2021-02-03,28646.5,0.01002497618864151
2021-02-04,28341.94921875,-0.010631343488733402
2021-02-05,28779.189453125,0.01542731697810451
2021-02-08,29388.5,0.021171914791673796
2021-02-09,29505.9296875,0.003995770029092904
2021-02-10,29562.9296875,0.001931815082720334
2021-02-12,29520.0703125,-0.0014497675113073205
2021-02-15,30084.150390625,0.019108358217092336
2021-02-16,30467.75,0.012750887241094855
2021-02-17,30292.189453125,-0.005762176297068211
2021-02-18,30236.08984375,-0.0018519496407418679
2021-02-19,30017.919921875,-0.007215546818468588
2021-02-22,30156.029296875,0.004600897575829599
2021-02-24,29671.69921875,-0.016060804071946877
2021-02-25,30168.26953125,0.01673548618968912
2021-02-26,28966.009765625,-0.039851797411834644
2021-03-01,29663.5,0.02407961055107899
2021-03-02,29408.169921875,-0.008607550630404415
2021-03-03,29559.099609375,0.005132236650595923
2021-03-04,28930.109375,-0.021279072863758963
2021-03-05,28864.3203125,-0.002274068917169414
2021-03-08,28743.25,-0.00419446261644929
2021-03-09,29027.939453125,0.00990456726796718
2021-03-10,29036.560546875,0.00029699296307006406
2021-03-11,29211.640625,0.006029642451707007
2021-03-12,29717.830078125,0.017328347271662325
2021-03-15,29766.970703125,0.0016535737929321837
2021-03-16,29921.08984375,0.005177521829885734
2021-03-17,29914.330078125,-0.00022591976630192967
2021-03-18,30216.75,0.010109533493987355
2021-03-19,29792.05078125,-0.014055092581101492
2021-03-22,29174.150390625,-0.020740444998633145
2021-03-23,28995.919921875,-0.006109191402786318
2021-03-24,28405.51953125,-0.020361498866590222
2021-03-25,28729.880859375,0.011418954255286717
2021-03-26,29176.69921875,0.015552391656688647
2021-03-29,29384.51953125,0.007122817798609793
2021-03-30,29432.69921875,0.0016396282215458413
2021-03-31,29178.80078125,-0.008626406827758948
2021-04-01,29388.869140625,0.007199348628130986
2021-04-02,29854.0,0.015826769555145503
2021-04-05,30089.25,0.00788001607824751
2021-04-06,29696.630859375,-0.013048485443306168
2021-04-07,29730.7890625,0.0011502383313026776
2021-04-08,29708.98046875,-0.0007335356523553438
2021-04-09,29768.060546875,0.0019886269132374235
2021-04-12,29538.73046875,-0.007703897194238807
2021-04-13,29751.609375,0.007206772358589131
2021-04-14,29620.990234375,-0.004390321847084988
2021-04-15,29642.689453125,0.0007325622330078829
2021-04-16,29683.369140625,0.0013723345705296541
2021-04-19,29685.369140625,6.737779631826868e-05
2021-04-20,29100.380859375,-0.019706282865434632
2021-04-21,28508.55078125,-0.02033753719530218
2021-04-22,29188.169921875,0.023839133242507193
2021-04-23,29020.630859375,-0.00573996461403492
2021-04-26,29126.23046875,0.003638777181884878
2021-04-27,28991.890625,-0.004612331962906557
2021-04-28,29053.970703125,0.002141291126128486
2021-04-30,28812.630859375,-0.008306604498779957
2021-05-06,29331.369140625,0.018003849901169877
2021-05-07,29357.8203125,0.0009018048815989665
2021-05-10,29518.33984375,0.005467692408405833
2021-05-11,28608.58984375,-0.030819822687034426
2021-05-12,28147.509765625,-0.016116840453977543
2021-05-13,27448.009765625,-0.024851221505010734
2021-05-14,28084.470703125,0.02318787201457062
2021-05-17,27824.830078125,-0.009244989081140464
2021-05-18,28406.83984375,0.02091692074995133
2021-05-19,28044.44921875,-0.012757160845532467
2021-05-20,28098.25,0.0019184110492007633
2021-05-21,28317.830078125,0.007814724337814605
2021-05-24,28364.609375,0.0016519379043500315
2021-05-25,28553.98046875,0.006676315941685607
2021-05-26,28642.189453125,0.003089200977479667
2021-05-27,28549.009765625,-0.0032532320077169885
2021-05-28,29149.41015625,0.021030515438329678
2021-05-31,28860.080078125,-0.009925760987069765
2021-06-01,28814.33984375,-0.001584896308367112
2021-06-02,28946.140625,0.004574138500646141
2021-06-03,29058.109375,0.0038681754314182637
2021-06-04,28941.51953125,-0.004012299707644051
2021-06-07,29019.240234375,0.002685439616986196
2021-06-08,28963.560546875,-0.001918716239650009
2021-06-09,28860.80078125,-0.003547898244716574
2021-06-10,28958.560546875,0.003387285278948715
2021-06-11,28948.73046875,-0.00033945327182571816
2021-06-14,29161.80078125,0.007360264476192091
2021-06-15,29441.30078125,0.00958445612109493
2021-06-16,29291.009765625,-0.005104768187440767
2021-06-17,29018.330078125,-0.009309330394611681
2021-06-18,28964.080078125,-0.001869507992153352
2021-06-21,28010.9296875,-0.032908015309102256
2021-06-22,28884.130859375,0.03117358765370315
2021-06-23,28874.890625,-0.00031990695582939654
2021-06-24,28875.23046875,1.1769525100957523e-05
2021-06-25,29066.1796875,0.006612907175118643
2021-06-28,29048.01953125,-0.0006247864853670126
2021-06-29,28812.609375,-0.00810417233425309
2021-06-30,28791.529296875,-0.0007316268322191677
2021-07-01,28707.0390625,-0.002934551808756125
2021-07-02,28783.279296875,0.002655802787915995
2021-07-05,28598.189453125,-0.006430464084406617
2021-07-06,28643.2109375,0.0015742774362970113
2021-07-07,28366.94921875,-0.0096449284039003
2021-07-08,28118.029296875,-0.008774997972304632
2021-07-09,27940.419921875,-0.0063165655432239065
2021-07-12,28569.01953125,0.02249785834044893
2021-07-13,28718.240234375,0.005223165007877784
2021-07-14,28608.490234375,-0.0038216129924504294
2021-07-15,28279.08984375,-0.01151407809102778
2021-07-16,28003.080078125,-0.009760206822427175
2021-07-19,27652.740234375,-0.012510761058162068
2021-07-20,27388.16015625,-0.009567951526051721
2021-07-21,27548.0,0.005836092780168833
2021-07-26,27833.2890625,0.010356071674894718
2021-07-27,27970.220703125,0.004919707488307168
2021-07-28,27581.66015625,-0.013891937106938479
2021-07-29,27782.419921875,0.007278741181194093
2021-07-30,27283.58984375,-0.01795488224307762
2021-08-02,27781.01953125,0.0182318269094619
2021-08-03,27641.830078125,-0.005010235602348256
2021-08-04,27584.080078125,-0.002089224911548171
2021-08-05,27728.119140625,0.005221818603051043
2021-08-06,27820.0390625,0.0033150435270716816
2021-08-10,27888.150390625,0.002448282979473193
2021-08-11,28070.509765625,0.006538955522174206
2021-08-12,28015.01953125,-0.0019768160549387126
2021-08-13,27977.150390625,-0.001351744216446349
2021-08-16,27523.189453125,-0.016226132081418876
2021-08-17,27424.470703125,-0.0035867481916704858
2021-08-18,27585.91015625,0.00588669348891413
2021-08-19,27281.169921875,-0.011046952326347559
2021-08-20,27013.25,-0.009820690338509741
2021-08-23,27494.240234375,0.017805715135165157
2021-08-24,27732.099609375,0.008651243786784502
2021-08-25,27724.80078125,-0.0002631906068349954
2021-08-26,27742.2890625,0.0006307811330361623
2021-08-27,27641.140625,-0.003646001859187842
2021-08-30,27789.2890625,0.00535970781777384
2021-08-31,28089.5390625,0.010804522538331751
2021-09-01,28451.01953125,0.012868864382064027
2021-09-02,28543.509765625,0.0032508583487986797
2021-09-03,29128.109375,0.020480999504799424
2021-09-06,29659.890625,0.018256634618943668
2021-09-07,29916.140625,0.008639613788191447
2021-09-08,30181.2109375,0.00886044479542547
2021-09-09,30008.189453125,-0.0057327548829401165
2021-09-10,30381.83984375,0.01245161395720551
2021-09-13,30447.369140625,0.0021568574257520012
2021-09-14,30670.099609375,0.007315261549242225
2021-09-15,30511.7109375,-0.005164269888011219
2021-09-16,30323.33984375,-0.006173730936814947
2021-09-17,30500.05078125,0.005827555223486547
2021-09-21,29839.7109375,-0.021650450633214913
2021-09-22,29639.400390625,-0.006712884963750332
2021-09-24,30248.810546875,0.020560812574425658
2021-09-27,30240.060546875,-0.0002892675725691962
2021-09-28,30183.9609375,-0.0018551420982785283
2021-09-29,29544.2890625,-0.021192443109919412
2021-09-30,29452.66015625,-0.0031014083993072816
2021-10-01,28771.0703125,-0.023141877172862535
2021-10-04,28444.890625,-0.011337071716733704
2021-10-05,27822.119140625,-0.021893966568029333
2021-10-06,27528.869140625,-0.010540174834195337
2021-10-07,27678.2109375,0.005424915789752349
2021-10-08,28048.939453125,0.013394236949134442
2021-10-11,28498.19921875,0.0160169965205208
2021-10-12,28230.609375,-0.009389710616309555
2021-10-13,28140.279296875,-0.0031997211581622498
2021-10-14,28550.9296875,0.014592974941460612
2021-10-15,29068.630859375,0.01813255041224293
2021-10-18,29025.4609375,-0.0014851033777215639
2021-10-19,29215.51953125,0.006547995711739141
2021-10-20,29255.55078125,0.001370204967848787
2021-10-21,28708.580078125,-0.01869630509487985
2021-10-22,28804.849609375,0.003353336563076903
2021-10-25,28600.41015625,-0.007097396997291061
2021-10-26,29106.009765625,0.017678054496869322
2021-10-27,29098.240234375,-0.0002669390724652221
2021-10-28,28820.08984375,-0.00955901073001686
2021-10-29,28892.689453125,0.0025190625625597374
2021-11-01,29647.080078125,0.02611008664402492
2021-11-02,29520.900390625,-0.00425605783664007
2021-11-04,29794.369140625,0.009263563996403157
2021-11-05,29611.5703125,-0.006135348168045285
2021-11-08,29507.05078125,-0.0035296855299119523
2021-11-09,29285.4609375,-0.007509725231191422
2021-11-10,29106.779296875,-0.0061013770965168135
2021-11-11,29277.859375,0.00587767119062077
2021-11-12,29609.970703125,0.011343429308516617
2021-11-15,29776.80078125,0.0056342534005746625
2021-11-16,29808.119140625,0.0010517704573125286
2021-11-17,29688.330078125,-0.00401867229310493
2021-11-18,29598.66015625,-0.003020376075011044
2021-11-19,29745.869140625,0.004973501624664367
2021-11-22,29774.109375,0.0009493833998091006
2021-11-24,29302.66015625,-0.01583420054021345
2021-11-25,29499.279296875,0.0067099416768501285
2021-11-26,28751.619140625,-0.02534503127095733
2021-11-29,28283.919921875,-0.01626688279579902
2021-11-30,27821.759765625,-0.01634003198731171
2021-12-01,27935.619140625,0.004092457700705099
2021-12-02,27753.369140625,-0.006523929148753549
2021-12-03,28029.5703125,0.009951987107421179
2021-12-06,27927.369140625,-0.003646191173662827
2021-12-07,28455.599609375,0.01891443716342045
2021-12-08,28860.619140625,0.01423338593492729
2021-12-09,28725.470703125,-0.004682797581073372
2021-12-10,28437.76953125,-0.010015542472684436
2021-12-13,28640.490234375,0.007128572545122891
2021-12-14,28432.640625,-0.0072571945408089755
2021-12-15,28459.720703125,0.0009524292337865781
2021-12-16,29066.3203125,0.021314320534016717
2021-12-17,28545.6796875,-0.017912161546506433
2021-12-20,27937.810546875,-0.021294610858090146
2021-12-21,28517.58984375,0.020752495830058892
2021-12-22,28562.2109375,0.0015646867072036663
2021-12-23,28798.369140625,0.008268204574280347
2021-12-24,28782.58984375,-0.0005479232798895062
2021-12-27,28676.4609375,-0.003687260487195032
2021-12-28,29069.16015625,0.013694131211166027
2021-12-29,28906.880859375,-0.005582524434924574
2021-12-30,28791.7109375,-0.003984169804942761
2022-01-04,29301.7890625,0.017716144973366044
2022-01-05,29332.16015625,0.0010364928122723605
2022-01-06,28487.869140625,-0.02878379945859877
2022-01-07,28478.560546875,-0.00032675640652690685
2022-01-11,28222.48046875,-0.008992030257410577
2022-01-12,28765.66015625,0.019246348247151657
2022-01-13,28489.130859375,-0.00961317401974926
2022-01-14,28124.279296875,-0.012806693342136022
2022-01-17,28333.51953125,0.007439843423765469
2022-01-18,28257.25,-0.0026918481188289434
2022-01-19,27467.23046875,-0.02795811804935011
2022-01-20,27772.9296875,0.011129597470622254
2022-01-21,27522.259765625,-0.00902569245288587
2022-01-24,27588.369140625,0.0024020329567040477
2022-01-25,27131.33984375,-0.01656601354525178
2022-01-26,27011.330078125,-0.0044232893147237995
2022-01-27,26170.30078125,-0.031136167469076326
2022-01-28,26717.33984375,0.02090304834753498
2022-01-31,27001.98046875,0.010653778657031543
2022-02-01,27078.48046875,0.00283312552160897
2022-02-02,27533.599609375,0.016807410635550024
2022-02-03,27241.310546875,-0.01061572284941914
2022-02-04,27439.990234375,0.007293323394192974
2022-02-07,27248.869140625,-0.0069650569157483355
2022-02-08,27284.51953125,0.0013083255103547575
2022-02-09,27579.869140625,0.010824805217358735
2022-02-10,27696.080078125,0.004213614535568011
2022-02-14,27079.58984375,-0.02225911510350942
2022-02-15,26865.189453125,-0.007917416469824579
2022-02-16,27460.400390625,0.02215547143408525
2022-02-17,27232.869140625,-0.008285795063559198
2022-02-18,27122.0703125,-0.0040685697695992395
2022-02-21,26910.869140625,-0.007787059374212313
2022-02-22,26449.609375,-0.017140277529300474
2022-02-24,25970.8203125,-0.01810193321616871
2022-02-25,26476.5,0.019471071048788202
2022-02-28,26526.8203125,0.0019005651237891108
2022-03-01,26844.720703125,0.011984112188342388
2022-03-02,26393.029296875,-0.01682607955751314
2022-03-03,26577.26953125,0.006980639937258504
2022-03-04,25985.470703125,-0.02226710412930688
2022-03-07,25221.41015625,-0.029403375278598043
2022-03-08,24790.94921875,-0.017067282710730214
2022-03-09,24717.529296875,-0.0029615615451896726
2022-03-10,25690.400390625,0.039359560660984005
2022-03-11,25162.779296875,-0.020537674996398247
2022-03-14,25307.849609375,0.0057652738113080915
2022-03-15,25346.48046875,0.0015264378432489067
2022-03-16,25762.009765625,0.01639396433707274
2022-03-17,26652.890625,0.03458118630805451
2022-03-18,26827.4296875,0.0065485978596364625
2022-03-22,27224.109375,0.014786347112665466
2022-03-23,28040.16015625,0.02997529763083384
2022-03-24,28110.390625,0.0025046386453804192
2022-03-25,28149.83984375,0.0014033678605276378
2022-03-28,27943.890625,-0.00731617728175904
2022-03-29,28252.419921875,0.011041028646131767
2022-03-30,28027.25,-0.007969933991412104
2022-03-31,27821.4296875,-0.007343578570855103
2022-04-01,27665.98046875,-0.005587391463920399
2022-04-04,27736.470703125,0.00254790299062857
2022-04-05,27787.98046875,0.0018571131913764916
2022-04-06,27350.30078125,-0.015750683573144464
2022-04-07,26888.5703125,-0.016882098388714573
2022-04-08,26985.80078125,0.0036160520109467242
2022-04-11,26821.51953125,-0.006087692239770237
2022-04-12,26334.98046875,-0.01813987689747143
2022-04-13,26843.490234375,0.01930928964342371
2022-04-14,27172.0,0.0122379676695068
2022-04-15,27093.189453125,-0.0029004323154350198
2022-04-18,26799.7109375,-0.010832187776664615
2022-04-19,26985.08984375,0.006917197975841116
2022-04-20,27217.849609375,0.00862549530028378
2022-04-21,27553.060546875,0.012315849426419723
2022-04-22,27105.259765625,-0.016252306363141567
2022-04-25,26590.779296875,-0.018980835203153634
2022-04-26,26700.109375,0.004111578562793428
2022-04-27,26386.630859375,-0.011740720280289163
2022-04-28,26847.900390625,0.0174811833200037
2022-05-02,26818.529296875,-0.0010939810310178766
2022-05-06,27003.560546875,0.006899380944858979
2022-05-09,26319.33984375,-0.02533816612580675
2022-05-10,26167.099609375,-0.0057843485162927255
2022-05-11,26213.640625,0.0017786081117039387
2022-05-12,25748.720703125,-0.01773580131527419
2022-05-13,26427.650390625,0.02636751143203786
2022-05-16,26547.05078125,0.004518010071275835
2022-05-17,26659.75,0.004245263237662389
2022-05-18,26911.19921875,0.0094317920741942
2022-05-19,26402.83984375,-0.01889025349140916
2022-05-20,26739.029296875,0.01273307928671863
2022-05-23,27001.51953125,0.009816745083026435
2022-05-24,26748.140625,-0.009383875820646037
2022-05-25,26677.80078125,-0.0026297096585569113
2022-05-26,26604.83984375,-0.0027348932581908736
2022-05-27,26781.6796875,0.0066469050288811005
2022-05-30,27369.4296875,0.021945972278741177
2022-05-31,27279.80078125,-0.003274781655057124
2022-06-01,27457.890625,0.006528267753054928
2022-06-02,27413.880859375,-0.0016028094155539074
2022-06-03,27761.5703125,0.012682970897427648
2022-06-06,27915.890625,0.005558774621279738
2022-06-07,27943.94921875,0.0010051118958345207
2022-06-08,28234.2890625,0.01039007913581469
2022-06-09,28246.529296875,0.0004335237323633834
2022-06-10,27824.2890625,-0.014948393480034183
2022-06-13,26987.439453125,-0.03007622611651406
2022-06-14,26629.859375,-0.013249870509059902
2022-06-15,26326.16015625,-0.01140446197906364
2022-06-16,26431.19921875,0.003989912006786334
2022-06-17,25963.0,-0.017713884825092063
2022-06-20,25771.220703125,-0.007386638557755232
2022-06-21,26246.310546875,0.01843489872764903
2022-06-22,26149.55078125,-0.003686604463975618
2022-06-23,26171.25,0.0008298122951144737
2022-06-24,26491.970703125,0.012254695634522639
2022-06-27,26871.26953125,0.014317501418656509
2022-06-28,27049.470703125,0.006631661807707356
2022-06-29,26804.599609375,-0.009052712950930686
2022-06-30,26393.0390625,-0.01535410164198292
2022-07-01,25935.619140625,-0.017331081911098112
2022-07-04,26153.810546875,0.008412808850521314
2022-07-05,26423.470703125,0.010310549423254933
2022-07-06,26107.650390625,-0.01195226456237819
2022-07-07,26490.529296875,0.014665391198416255
2022-07-08,26517.189453125,0.0010064033055445787
2022-07-11,26812.30078125,0.011129057574019052
2022-07-12,26336.66015625,-0.017739642296293323
2022-07-13,26478.76953125,0.005395876855945003
2022-07-14,26643.390625,0.006217097571536101
2022-07-15,26788.470703125,0.0054452558297466425
2022-07-19,26961.6796875,0.0064658033784210645
2022-07-20,27680.259765625,0.0266519032365089
2022-07-21,27803.0,0.004434215408896769
2022-07-22,27914.66015625,0.0040161189889580395
2022-07-25,27699.25,-0.0077167393421327946
2022-07-26,27655.2109375,-0.001589900899843899
2022-07-27,27715.75,0.0021890652953910905
2022-07-28,27815.48046875,0.0035983319502448374
2022-07-29,27801.640625,-0.0004975590396703033
2022-08-01,27993.349609375,0.006895599686394416
2022-08-02,27594.73046875,-0.014239780025878113
2022-08-03,27741.900390625,0.005333261799446154
2022-08-04,27932.19921875,0.006859617598126366
2022-08-05,28175.869140625,0.008723621078551957
2022-08-08,28249.240234375,0.002604040123263207
2022-08-09,27999.9609375,-0.00882428323051554
2022-08-10,27819.330078125,-0.0064511111204117455
2022-08-12,28546.98046875,0.026156287321856375
2022-08-15,28871.779296875,0.011377694691056872
2022-08-16,28868.91015625,-9.937526175640699e-05
2022-08-17,29222.76953125,0.012257455272290274
2022-08-18,28942.140625,-0.009603090697817063
2022-08-19,28930.330078125,-0.00040807440707402165
2022-08-22,28794.5,-0.004695075298422058
2022-08-23,28452.75,-0.011868586014690319
2022-08-24,28313.470703125,-0.004895108447338092
2022-08-25,28479.009765625,0.005846653850237082
2022-08-26,28641.380859375,0.005701430460057111
2022-08-29,27878.9609375,-0.026619523884632845
2022-08-30,28195.580078125,0.011356920415176441
2022-08-31,28091.529296875,-0.0036903224179709593
2022-09-01,27661.470703125,-0.015309191222915741
2022-09-02,27650.83984375,-0.00038432010680466977
2022-09-05,27619.609375,-0.00112945823441446
2022-09-06,27626.509765625,0.00024983664798838845
2022-09-07,27430.30078125,-0.007102199519214647
2022-09-08,28065.279296875,0.023148798866217346
2022-09-09,28214.75,0.005325822755722243
2022-09-12,28542.109375,0.011602419833597777
2022-09-13,28614.630859375,0.002540859311488841
2022-09-14,27818.619140625,-0.027818346588567078
2022-09-15,27875.91015625,0.0020594485777813976
2022-09-16,27567.650390625,-0.011058285232558918
2022-09-20,27688.419921875,0.004380842383689965
2022-09-21,27313.130859375,-0.013554007905070331
2022-09-22,27153.830078125,-0.005832388167807623
2022-09-26,26431.55078125,-0.026599536595644513
2022-09-27,26571.869140625,0.005308744860878178
2022-09-28,26173.98046875,-0.014974056577249928
2022-09-29,26422.05078125,0.009477744999320192
2022-09-30,25937.2109375,-0.01834981878446995
2022-10-03,26215.7890625,0.010740481143916458
2022-10-04,26992.2109375,0.029616574696606168
2022-10-05,27120.529296875,0.00475390325276126
2022-10-06,27311.30078125,0.007034209483403497
2022-10-07,27116.109375,-0.007146909911519339
2022-10-11,26401.25,-0.026362903509272284
2022-10-12,26396.830078125,-0.00016741335637515675
2022-10-13,26237.419921875,-0.006038988612579788
2022-10-14,27090.759765625,0.032523771250790645
2022-10-17,26775.7890625,-0.011626499435599458
2022-10-18,27156.140625,0.014205055231507169
2022-10-19,27257.380859375,0.0037280788817906085
2022-10-20,27006.9609375,-0.009187233475107304
2022-10-21,26890.580078125,-0.004309291209934063
2022-10-24,26974.900390625,0.003135682170299914
2022-10-25,27250.279296875,0.010208708920597331
2022-10-26,27431.83984375,0.006662704073489012
2022-10-27,27345.240234375,-0.0031569012457154377
2022-10-28,27105.19921875,-0.008778164447180492
2022-10-31,27587.4609375,0.017792221885474913
2022-11-01,27678.919921875,0.003315237476265054
2022-11-02,27663.390625,-0.0005610514036975545
2022-11-04,27199.740234375,-0.01676043247590875
2022-11-07,27527.640625,0.012055276550420935
2022-11-08,27872.109375,0.012513558815032022
2022-11-09,27716.4296875,-0.005585500738585547
2022-11-10,27446.099609375,-0.009753423553211737
2022-11-11,28263.5703125,0.029784585597210755
2022-11-14,27963.470703125,-0.010617894556735341
2022-11-15,27990.169921875,0.000954789161669245
2022-11-16,28028.30078125,0.0013622946727880336
2022-11-17,27930.5703125,-0.0034868495779586395
2022-11-18,27899.76953125,-0.0011027623462530611
2022-11-21,27944.7890625,0.001613616599935419
2022-11-22,28115.740234375,0.006117461523601264
2022-11-24,28383.08984375,0.009508894560354975
2022-11-25,28283.029296875,-0.0035253577896500188
2022-11-28,28162.830078125,-0.004249870743629369
2022-11-29,28027.83984375,-0.004793205583406568
2022-11-30,27968.990234375,-0.002099684089215459
2022-12-01,28226.080078125,0.009191960152856282
2022-12-02,27777.900390625,-0.015878212144921133
2022-12-05,27820.400390625,0.0015299932465142607
2022-12-06,27885.869140625,0.002353264118443832
2022-12-07,27686.400390625,-0.007153040451925774
2022-12-08,27574.4296875,-0.004044249217854845
2022-12-09,27901.009765625,0.011843584140311059
2022-12-12,27842.330078125,-0.002103138488281364
2022-12-13,27954.849609375,0.004041311590454955
2022-12-14,28156.2109375,0.007203091089335478
2022-12-15,28051.69921875,-0.0037118530963555774
2022-12-16,27527.119140625,-0.018700474222052343
2022-12-19,27237.640625,-0.010516120998574907
2022-12-20,26568.029296875,-0.02458404299197625
2022-12-21,26387.720703125,-0.00678667550894374
2022-12-22,26507.869140625,0.00455319498230744
2022-12-23,26235.25,-0.01028446078327716
2022-12-26,26405.869140625,0.006503431094615042
2022-12-27,26447.869140625,0.0015905554850828008
2022-12-28,26340.5,-0.004059651840158107
2022-12-29,26093.669921875,-0.009370743840284024
2022-12-30,26094.5,3.181147487052449e-05
2023-01-04,25716.859375,-0.01447203912701911
2023-01-05,25820.80078125,0.004041761271636579
2023-01-06,25973.849609375,0.005927346305856451
2023-01-10,26175.560546875,0.007765923824676113
2023-01-11,26446.0,0.010331754028369389
2023-01-12,26449.8203125,0.00014445710126298472
2023-01-13,26119.51953125,-0.012487827038049959
2023-01-16,25822.3203125,-0.011378433603819738
2023-01-17,26138.6796875,0.012251392251797721
2023-01-18,26791.119140625,0.024960688945471432
2023-01-19,26405.23046875,-0.014403604039439077
2023-01-20,26553.529296875,0.0056162671369413
2023-01-23,26906.0390625,0.013275439271512868
2023-01-24,27299.189453125,0.01461197576171469
2023-01-25,27395.009765625,0.003510005770117619
2023-01-26,27362.75,-0.0011775781757698
2023-01-27,27382.560546875,0.000723996925564796
2023-01-30,27433.400390625,0.0018566504641874815
2023-01-31,27327.109375,-0.003874511147415882
2023-02-01,27346.880859375,0.0007235117371429123
2023-02-02,27402.05078125,0.002017411863484586
2023-02-03,27509.4609375,0.00391978531488224
2023-02-06,27693.650390625,0.006695494816981951
2023-02-07,27685.470703125,-0.00029536328308565896
2023-02-08,27606.4609375,-0.0028538350123150646
2023-02-09,27584.349609375,-0.0008009475816208589
2023-02-10,27670.98046875,0.0031405800971127107
2023-02-13,27427.3203125,-0.008805620622123422
2023-02-14,27602.76953125,0.006396877884932817
2023-02-15,27501.859375,-0.003655798239222241
2023-02-16,27696.439453125,0.007075160827194171
2023-02-17,27513.130859375,-0.0066184895015203304
2023-02-20,27531.939453125,0.000683622443630183
2023-02-21,27473.099609375,-0.002137148523451371
2023-02-22,27104.3203125,-0.013423286855814287
2023-02-24,27453.48046875,0.012882084930533111
2023-02-27,27423.9609375,-0.0010752564245397611
2023-02-28,27445.560546875,0.0007876181498445156
2023-03-01,27516.529296875,0.0025858007118779724
2023-03-02,27498.869140625,-0.0006418017352212146
2023-03-03,27927.470703125,0.015586152299870815
2023-03-06,28237.779296875,0.011111231555791301
2023-03-07,28309.16015625,0.002527849609721189
2023-03-08,28444.189453125,0.00476980935251059
2023-03-09,28623.150390625,0.0062916518607400995
2023-03-10,28143.970703125,-0.01674098346829589
2023-03-13,27832.9609375,-0.011050671168815085
2023-03-14,27222.0390625,-0.021949582596398898
2023-03-15,27229.48046875,0.0002733596198623012
2023-03-16,27010.609375,-0.008038019454729928
2023-03-17,27333.7890625,0.011964916563456773
2023-03-20,26945.669921875,-0.014199244010318024
2023-03-22,27466.609375,0.01933295607922858
2023-03-23,27419.609375,-0.001711168617804737
2023-03-24,27385.25,-0.0012530949850557693
2023-03-27,27476.869140625,0.003345565244976756
2023-03-28,27518.25,0.0015060252739573787
2023-03-29,27883.779296875,0.013283159244319664
2023-03-30,27782.9296875,-0.0036167840916134786
2023-03-31,28041.48046875,0.009306102133869842
2023-04-03,28188.150390625,0.005230462850863038
2023-04-04,28287.419921875,0.003521675948025882
2023-04-05,27813.259765625,-0.016762227080431846
2023-04-06,27472.630859375,-0.012246996904368257
2023-04-07,27518.310546875,0.0016627343676629547
2023-04-10,27633.66015625,0.004191740229783081
2023-04-11,27923.369140625,0.010483916453227327
2023-04-12,28082.69921875,0.005705976142155178
2023-04-13,28156.970703125,0.0026447416538013524
2023-04-14,28493.470703125,0.011950859470925002
2023-04-17,28514.779296875,0.0007478412851846805
2023-04-18,28658.830078125,0.005051793659359927
2023-04-19,28606.759765625,-0.0018169029356067679
2023-04-20,28657.5703125,0.0017761727399849825
2023-04-21,28564.369140625,-0.0032522356521741402
2023-04-24,28593.51953125,0.001020515821003709
2023-04-25,28620.0703125,0.0009285593968584305
2023-04-26,28416.470703125,-0.0071138752334258815
2023-04-27,28457.6796875,0.0014501795386738792
2023-04-28,28856.439453125,0.01401237802954669
2023-05-01,29123.1796875,0.009243698787173571
2023-05-02,29157.94921875,0.0011938782654603575
2023-05-08,28949.880859375,-0.007135905128787368
2023-05-09,29242.8203125,0.0101188483140211
2023-05-10,29122.1796875,-0.0041254784494377805
2023-05-11,29126.720703125,0.00015592979899614612
2023-05-12,29388.30078125,0.008980759653349324
2023-05-15,29626.33984375,0.008099789922249245
2023-05-16,29842.990234375,0.007312762621627167
2023-05-17,30093.58984375,0.008397268752457165
2023-05-18,30573.9296875,0.015961533543986883
2023-05-19,30808.349609375,0.007667314089848221
2023-05-22,31086.8203125,0.009038806254011877
2023-05-23,30957.76953125,-0.004151302061539797
2023-05-24,30682.6796875,-0.008885971047504326
2023-05-25,30801.130859375,0.003860522388572818
2023-05-26,30916.310546875,0.0037394629445868244
2023-05-29,31233.5390625,0.01026087880518678
2023-05-30,31328.16015625,0.0030294707737301696
2023-05-31,30887.880859375,-0.014053787221435798
2023-06-01,31148.009765625,0.00842171424560667
2023-06-02,31524.220703125,0.012078169370397074
2023-06-05,32217.4296875,0.021989726277556576
2023-06-06,32506.779296875,0.008981151264443099
2023-06-07,31913.740234375,-0.018243550278664866
2023-06-08,31641.26953125,-0.008537723912144801
2023-06-09,32265.169921875,0.019717931671762168
2023-06-12,32434.0,0.005232579854183239
2023-06-13,33018.6484375,0.018025788909786122
2023-06-14,33502.421875,0.01465152150051563
2023-06-15,33485.48828125,-0.0005054438694963581
2023-06-16,33706.078125,0.006587625119790053
2023-06-19,33370.421875,-0.0099583300304239
2023-06-20,33388.91015625,0.0005540319903432067
2023-06-21,33575.140625,0.0055776144797328175
2023-06-22,33264.87890625,-0.009240816657041129
2023-06-23,32781.5390625,-0.014530034668461922
2023-06-26,32698.810546875,-0.0025236312263213767
2023-06-27,32538.330078125,-0.004907838116005592
2023-06-28,33193.98828125,0.020150333515910557
2023-06-29,33234.140625,0.0012096269785297764
2023-06-30,33189.0390625,-0.0013570852638828956
2023-07-03,33753.328125,0.017002271787301737
2023-07-04,33422.51953125,-0.00980076964632659
2023-07-05,33338.69921875,-0.0025078992749671958
2023-07-06,32773.01953125,-0.016967659229543575
2023-07-07,32388.419921875,-0.0117352509739993
2023-07-10,32189.73046875,-0.006134583088778789
2023-07-11,32203.5703125,0.000429945934571796
2023-07-12,31943.9296875,-0.00806247948536376
2023-07-13,32419.330078125,0.014882339000734435
2023-07-14,32391.259765625,-0.0008658510966251809
2023-07-18,32493.890625,0.003168473845031272
2023-07-19,32896.03125,0.012375884120524594
2023-07-20,32490.51953125,-0.012327071179749072
2023-07-21,32304.25,-0.005733042559410095
2023-07-24,32700.939453125,0.012279791455458655
2023-07-25,32682.509765625,-0.0005635828146900446
2023-07-26,32668.33984375,-0.00043356284375395404
2023-07-27,32891.16015625,0.006820680621229425
2023-07-28,32759.23046875,-0.004011098631768073
2023-07-31,33172.21875,0.012606776024362443
2023-08-01,33476.578125,0.00917512866093717
2023-08-02,32707.689453125,-0.022967958941442768
2023-08-03,32159.279296875,-0.016767010003441385
2023-08-04,32192.75,0.0010407790179629561
2023-08-07,32254.560546875,0.0019200145024889093
2023-08-08,32377.2890625,0.0038049972947744592
2023-08-09,32204.330078125,-0.005341984748665207
2023-08-10,32473.650390625,0.008362860268996464
2023-08-14,32059.91015625,-0.012740798444219381
2023-08-15,32238.890625,0.005582687782894835
2023-08-16,31766.8203125,-0.014642883280044594
2023-08-17,31626.0,-0.004432936979990698
2023-08-18,31450.759765625,-0.005541017971763762
2023-08-21,31565.640625,0.003652721277040971
2023-08-22,31856.7109375,0.00922111215666166
2023-08-23,32010.259765625,0.004819983721051635
2023-08-24,32287.2109375,0.008651950152944732
2023-08-25,31624.279296875,-0.020532329097990853
2023-08-28,32169.990234375,0.017256075067422216
2023-08-29,32226.970703125,0.0017712305268005046
2023-08-30,32333.4609375,0.0033043823869141065
2023-08-31,32619.33984375,0.008841580763735646
2023-09-01,32710.619140625,0.002798318338514516
2023-09-04,32939.1796875,0.006987350067952036
2023-09-05,33036.76171875,0.0029624912391801317
2023-09-06,33241.01953125,0.006182743158633208
2023-09-07,32991.078125,-0.00751906559349147
2023-09-08,32606.83984375,-0.011646733089296424
2023-09-11,32467.759765625,-0.004265365143984012
2023-09-12,32776.37109375,0.009505162362687614
2023-09-13,32706.51953125,-0.002131156078877816
2023-09-14,33168.1015625,0.014112844713084716
2023-09-15,33533.08984375,0.011004195719861665
2023-09-19,33242.58984375,-0.008663084772492113
2023-09-20,33023.78125,-0.006582176502446524
2023-09-21,32571.029296875,-0.013709876216098094
2023-09-22,32402.41015625,-0.005176966901723867
2023-09-25,32678.619140625,0.008524334549284251
2023-09-26,32315.05078125,-0.011125572895551827
2023-09-27,32371.900390625,0.0017592300801205774
2023-09-28,31872.51953125,-0.015426368342577157
2023-09-29,31857.619140625,-0.00046749961547254415
2023-10-02,31759.880859375,-0.003067971929056168
2023-10-03,31237.939453125,-0.016433985019056907
2023-10-04,30526.880859375,-0.02276265996407989
2023-10-05,31075.359375,0.017967067063012987
2023-10-06,30994.669921875,-0.002596573450729389
2023-10-10,31746.529296875,0.02425769904616293
2023-10-11,31936.509765625,0.005984290974720752
2023-10-12,32494.66015625,0.01747687504743456
2023-10-13,32315.990234375,-0.0054984394671576675
2023-10-16,31659.029296875,-0.02032928382312671
2023-10-17,32040.2890625,0.01204268652869378
2023-10-18,32042.25,6.120224122119211e-05
2023-10-19,31430.619140625,-0.019088261884699143
2023-10-20,31259.359375,-0.005448819345834743
2023-10-23,30999.55078125,-0.008311385739970922
2023-10-24,31062.349609375,0.0020257980048854485
2023-10-25,31269.919921875,0.006682376417441072
2023-10-26,30601.779296875,-0.02136687994946218
2023-10-27,30991.689453125,0.012741421094093708
2023-10-30,30696.9609375,-0.009509920911887626
2023-10-31,30858.849609375,0.005273768703182302
2023-11-01,31601.650390625,0.024070916144078636
2023-11-02,31949.890625,0.011019685050319694
2023-11-06,32708.48046875,0.023743112383502796
2023-11-07,32271.8203125,-0.013350059372742473
2023-11-08,32166.48046875,-0.0032641432286730776
2023-11-09,32646.4609375,0.014921758978770017
2023-11-10,32568.109375,-0.0024000017230044746
2023-11-13,32585.109375,0.0005219830173208706
2023-11-14,32695.9296875,0.003400949532642139
2023-11-15,33519.69921875,0.025194864899802383
2023-11-16,33424.41015625,-0.0028427779699973232
2023-11-17,33585.19921875,0.004810528046668816
2023-11-20,33388.03125,-0.0058706803394491525
2023-11-21,33354.140625,-0.0010150531112852468
2023-11-22,33451.828125,0.002928796790128585
2023-11-24,33625.53125,0.005192634744831226
2023-11-27,33447.671875,-0.00528941457244636
2023-11-28,33408.390625,-0.0011744090933085705
2023-11-29,33321.21875,-0.002609280883311027
2023-11-30,33486.890625,0.004971963247892841
2023-12-01,33431.51171875,-0.001653748831748958
2023-12-04,33231.26953125,-0.005989624076367828
2023-12-05,32775.8203125,-0.013705441446397515
2023-12-06,33445.8984375,0.020444282358493604
2023-12-07,32858.30859375,-0.017568367758098113
2023-12-08,32307.859375,-0.016752207959197962
2023-12-11,32791.80078125,0.014979061306193309
2023-12-12,32843.69921875,0.0015826650645449636
2023-12-13,32926.3515625,0.002516535765338279
2023-12-14,32686.25,-0.007292079173856991
2023-12-15,32970.55078125,0.008697870855482126
2023-12-18,32758.98046875,-0.006416948079020823
2023-12-19,33219.390625,0.014054471465899221
2023-12-20,33675.94140625,0.013743502594728785
2023-12-21,33140.46875,-0.015900747949116556
2023-12-22,33169.05078125,0.0008624510252288609
2023-12-25,33254.03125,0.0025620410216271594
2023-12-26,33305.8515625,0.0015583167078427884
2023-12-27,33681.23828125,0.011270893886186073
2023-12-28,33539.62109375,-0.004204631264368874
2023-12-29,33464.171875,-0.0022495548932739418
2024-01-04,33288.2890625,-0.005255854325544984
2024-01-05,33377.421875,0.0026776026948291953
2024-01-09,33763.1796875,0.011557447844374513
2024-01-10,34441.71875,0.020097013041435074
2024-01-11,35049.859375,0.01765709282438177
2024-01-12,35577.109375,0.015042856359534174
2024-01-15,35901.7890625,0.009126083968141296
2024-01-16,35619.1796875,-0.007871735152474302
2024-01-17,35477.75,-0.0039706048466251476
2024-01-18,35466.171875,-0.0003263489088231042
2024-01-19,35963.26953125,0.014016106897637881
2024-01-22,36546.94921875,0.016229883853936533
2024-01-23,36517.5703125,-0.0008038675423810426
2024-01-24,36226.48046875,-0.007971227035615813
2024-01-25,36236.46875,0.0002757176827767882
2024-01-26,35751.0703125,-0.013395301866990006
2024-01-29,36026.94140625,0.007716442929921019
2024-01-30,36065.859375,0.0010802462610175478
2024-01-31,36286.7109375,0.006123563012977451
2024-02-01,36011.4609375,-0.007585421574142881
2024-02-02,36158.01953125,0.004069776397140901
2024-02-05,36354.16015625,0.005424540047899606
2024-02-06,36160.66015625,-0.005322637056346169
2024-02-07,36119.921875,-0.0011265911925825156
2024-02-08,36863.28125,0.02058031513945524
2024-02-09,36897.421875,0.0009261417823460683
2024-02-13,37963.96875,0.028905728931772456
2024-02-14,37703.3203125,-0.006865679381848122
2024-02-15,38157.94140625,0.01205785299495954
2024-02-16,38487.23828125,0.00862983858311761
2024-02-19,38470.37890625,-0.0004380510463442011
2024-02-20,38363.609375,-0.002775369889394419
2024-02-21,38262.16015625,-0.002644412775616223
2024-02-22,39098.6796875,0.021862841194379312
2024-02-26,39233.7109375,0.0034536012744994515
2024-02-27,39239.51953125,0.00014805109206350586
2024-02-28,39208.03125,-0.0008024634762645588
2024-02-29,39166.19140625,-0.0010671243216273663
2024-03-01,39910.8203125,0.019012032559570624
2024-03-04,40109.23046875,0.004971337464288128
2024-03-05,40097.62890625,-0.00028924919187967024
2024-03-06,40090.78125,-0.0001707745928322124
2024-03-07,39598.7109375,-0.012273901808785515
2024-03-08,39688.94140625,0.0022786213645291653
2024-03-11,38820.48828125,-0.021881488753016765
2024-03-12,38797.51171875,-0.0005918669114498565
2024-03-13,38695.96875,-0.002617254670508329
2024-03-14,38807.37890625,0.0028791153148219895
2024-03-15,38707.640625,-0.0025700854853131228
2024-03-18,39740.44140625,0.026682090785532075
2024-03-19,40003.6015625,0.006621973660529523
2024-03-21,40815.66015625,0.020299637083457833
2024-03-22,40888.4296875,0.0017828826232730854
2024-03-25,40414.12109375,-0.011600068708312428
2024-03-26,40398.03125,-0.00039812430196550785
2024-03-27,40762.73046875,0.009027648315163894
2024-03-28,40168.0703125,-0.014588329815292567
2024-03-29,40369.44140625,0.00501321303670732
2024-04-01,39803.08984375,-0.014029214741928975
2024-04-02,39838.91015625,0.0008999379857346224
2024-04-03,39451.8515625,-0.009715591923371902
2024-04-04,39773.140625,0.00814382721660123
2024-04-05,38992.078125,-0.019637938762850693
2024-04-08,39347.0390625,0.009103411630487335
2024-04-09,39773.12890625,0.010829019257921457
2024-04-10,39581.80859375,-0.0048102907103678705
2024-04-11,39442.62890625,-0.0035162538662262266
2024-04-12,39523.55078125,0.0020516349250538912
2024-04-15,39232.80078125,-0.0073563734596926444
2024-04-16,38471.19921875,-0.019412367899667826
2024-04-17,37961.80078125,-0.013241033496344201
2024-04-18,38079.69921875,0.0031057124549853654
2024-04-19,37068.3515625,-0.026558709154720028
2024-04-22,37438.609375,0.009988515725489311
2024-04-23,37552.16015625,0.003032986084302136
2024-04-24,38460.078125,0.024177516419089162
2024-04-25,37628.48046875,-0.021622360036482657
2024-04-26,37934.76171875,0.0081396125005464
2024-04-30,38405.66015625,0.012413375388812486
2024-05-01,38274.05078125,-0.00342682236067704
2024-05-02,38236.0703125,-0.0009923294758391599
2024-05-07,38835.1015625,0.01566665311325588
2024-05-08,38202.37109375,-0.01629274659502833
2024-05-09,38073.98046875,-0.003360802518904471
2024-05-10,38229.109375,0.0040744073600953445
2024-05-13,38179.4609375,-0.0012987076683630416
2024-05-14,38356.05859375,0.004625462275098524
2024-05-15,38385.73046875,0.0007735903032757285
2024-05-16,38920.26171875,0.013925259294861325
2024-05-17,38787.37890625,-0.0034142322438696082
2024-05-20,39069.6796875,0.007278160814432111
2024-05-21,38946.9296875,-0.0031418225330184235
2024-05-22,38617.1015625,-0.008468655363759181
2024-05-23,39103.21875,0.012588132403288821
2024-05-24,38646.109375,-0.011689814537326315
2024-05-27,38900.01953125,0.006570135011165101
2024-05-28,38855.37109375,-0.0011477741666461316
2024-05-29,38556.87109375,-0.007682335584436428
2024-05-30,38054.12890625,-0.013038977832967702
2024-05-31,38487.8984375,0.011398750772054989
2024-06-03,38923.03125,0.011305704654324122
2024-06-04,38837.4609375,-0.0021984493435361907
2024-06-05,38490.171875,-0.008942115527554195
2024-06-06,38703.51171875,0.005542709563439718
2024-06-07,38683.9296875,-0.0005059497286008519
2024-06-10,39038.16015625,0.00915704458186073
2024-06-11,39134.7890625,0.002475242323491722
2024-06-12,38876.7109375,-0.006594596040567335
2024-06-13,38720.46875,-0.004018914762392911
2024-06-14,38814.55859375,0.0024299768775397634
2024-06-17,38102.44140625,-0.01834665170235028
2024-06-18,38482.109375,0.009964400042033139
2024-06-19,38570.76171875,0.002303728802548255
2024-06-20,38633.01953125,0.0016141193413283794
2024-06-21,38596.46875,-0.0009461021088562616
2024-06-24,38804.6484375,0.005393749590109742
2024-06-25,39173.1484375,0.009496284977134062
2024-06-26,39667.0703125,0.012608684639888956
2024-06-27,39341.5390625,-0.00820658665828966
2024-06-28,39583.078125,0.006139542790033703
2024-07-01,39631.05859375,0.001212145973046308
2024-07-02,40074.69140625,0.011194069203338541
2024-07-03,40580.76171875,0.012628177404282459
2024-07-04,40913.6484375,0.008203067282401166
2024-07-05,40912.37109375,-3.122048017667467e-05
2024-07-08,40780.69921875,-0.003218387775625997
2024-07-09,41580.171875,0.019604191972324436
2024-07-10,41831.98828125,0.006056165592749796
2024-07-11,42224.01953125,0.009371566260830022
2024-07-12,41190.6796875,-0.024472796650381046
2024-07-16,41275.078125,0.00204896928480669
2024-07-17,41097.69140625,-0.004297671302106121
2024-07-18,40126.3515625,-0.023634900416870663
2024-07-19,40063.7890625,-0.0015591375134754726
2024-07-22,39599.0,-0.011601225779591773
2024-07-23,39594.390625,-0.0001164012980126028
2024-07-24,39154.8515625,-0.011101043747910988
2024-07-25,37869.51171875,-0.03282709019336483
2024-07-26,37667.41015625,-0.00533678817939276
2024-07-29,38468.62890625,0.021270874389198058
2024-07-30,38525.94921875,0.0014900534313218028
2024-07-31,39101.8203125,0.014947615968660788
2024-08-01,38126.328125,-0.024947487858721362
2024-08-02,35909.69921875,-0.05813906072944175
2024-08-05,31458.419921875,-0.12395757674714236
2024-08-06,34675.4609375,0.10226327398560753
2024-08-07,35089.62109375,0.011943897645556811
2024-08-08,34831.1484375,-0.007366071453420164
2024-08-09,35025.0,0.005565465716637075
2024-08-13,36232.51171875,0.03447570931477517
2024-08-14,36442.4296875,0.005793635571816225
2024-08-15,36726.640625,0.007798901992462026
2024-08-16,38062.671875,0.0363777145762294
2024-08-19,37388.62109375,-0.017708971757516734
2024-08-20,38062.921875,0.01803491975698246
2024-08-21,37951.80078125,-0.0029194052446873675
2024-08-22,38211.01171875,0.006830003640514004
2024-08-23,38364.26953125,0.004010828439404923
2024-08-26,38110.21875,-0.006622067469395199
2024-08-27,38288.62109375,0.004681220669981112
2024-08-28,38371.76171875,0.0021714186258217083
2024-08-29,38362.53125,-0.00024055368678810307
2024-08-30,38647.75,0.007434826136505368
2024-09-02,38700.87109375,0.0013744938256432526
2024-09-03,38686.30859375,-0.00037628351994256626
2024-09-04,37047.609375,-0.042358634832756814
2024-09-05,36657.08984375,-0.01054101837711352
2024-09-06,36391.46875,-0.007246104229282846
2024-09-09,36215.75,-0.0048285698828794965
2024-09-10,36159.16015625,-0.0015625755023711552
2024-09-11,35619.76953125,-0.014917122595469623
2024-09-12,36833.26953125,0.03406815978793376
2024-09-13,36581.76171875,-0.006828278230544216
2024-09-17,36203.21875,-0.01034786054483472
2024-09-18,36380.171875,0.0048877732729220025
2024-09-19,37155.328125,0.021307107967037275
2024-09-20,37723.91015625,0.01530283972562807
2024-09-24,37940.58984375,0.005743828956291219
2024-09-25,37870.26171875,-0.0018536381561180537
2024-09-26,38925.62890625,0.02786796656801238
2024-09-27,39829.55859375,0.0232219674517542
2024-09-30,37919.55078125,-0.04795453125608362
2024-10-01,38651.96875,0.01931504866645617
2024-10-02,37808.76171875,-0.021815370821182345
2024-10-03,38552.05859375,0.019659381614483884
2024-10-04,38635.62109375,0.0021675236822125132
2024-10-07,39332.73828125,0.018043379859441933
2024-10-08,38937.5390625,-0.010047589769217602
2024-10-09,39277.9609375,0.008742768115200583
2024-10-10,39380.890625,0.002620545594609336
2024-10-11,39605.80078125,0.0057111495621489095
2024-10-15,39910.55078125,0.007694579934974355
2024-10-16,39180.30078125,-0.018297166681625288
2024-10-17,38911.19140625,-0.006868486704644794
2024-10-18,38981.75,0.001813323910166087
2024-10-21,38954.6015625,-0.0006964396801066863
2024-10-22,38411.9609375,-0.013930077660513907
2024-10-23,38104.859375,-0.007994946235618694
2024-10-24,38143.2890625,0.0010085245853239666
2024-10-25,37913.921875,-0.006013303863863673
2024-10-28,38605.53125,0.01824156776184216
2024-10-29,38903.6796875,0.007722946112806106
2024-10-30,39277.390625,0.00960605630371969
2024-10-31,39081.25,-0.00499372850077151
2024-11-01,38053.671875,-0.02629337917799457
2024-11-05,38474.8984375,0.011069275098698927
2024-11-06,39480.671875,0.026141029043489583
2024-11-07,39381.41015625,-0.002514185145183756
2024-11-08,39500.37109375,0.0030207383897125073
2024-11-11,39533.3203125,0.0008341496000581206
2024-11-12,39376.08984375,-0.0039771632513316835
2024-11-13,38721.66015625,-0.016619976490730104
2024-11-14,38535.69921875,-0.004802504250840722
2024-11-15,38642.91015625,0.0027821199478283987
2024-11-18,38220.8515625,-0.010922018865645367
2024-11-19,38414.4296875,0.005064725590518515
2024-11-20,38352.33984375,-0.0016163156463625539
2024-11-21,38026.171875,-0.00850451289488019
2024-11-22,38283.8515625,0.00677637728949021
2024-11-25,38780.140625,0.01296340473188251
2024-11-26,38442.0,-0.008719427509811917
2024-11-27,38134.96875,-0.007986869829873622
2024-11-28,38349.05859375,0.005614003387638844
2024-11-29,38208.03125,-0.003677465599455032
2024-12-02,38513.01953125,0.007982308202545862
2024-12-03,39248.859375,0.019106262056469703
2024-12-04,39276.390625,0.0007014535056153459
2024-12-05,39395.6015625,0.0030351805652966135
2024-12-06,39091.171875,-0.007727504478311609
2024-12-09,39160.5,0.0017734982522827902
2024-12-10,39367.578125,0.00528793363210367
2024-12-11,39372.23046875,0.00011817703733840723
2024-12-12,39849.140625,0.01211285595385636
2024-12-13,39470.44140625,-0.009503322099559064
2024-12-16,39457.48828125,-0.00032817279307018055
2024-12-17,39364.6796875,-0.0023521161075552577
2024-12-18,39081.7109375,-0.007188392036881042
2024-12-19,38813.578125,-0.006860825845849017
2024-12-20,38701.8984375,-0.0028773355329502204
2024-12-23,39161.33984375,0.011871288613708675
2024-12-24,39036.8515625,-0.0031788565392986134
2024-12-25,39130.4296875,0.0023971739844381723
2024-12-26,39568.05859375,0.01118385128261945
2024-12-27,40281.16015625,0.01802215190342027
2024-12-30,39894.5390625,-0.009598062524770912
2025-01-06,39307.05078125,-0.014726032561239055
2025-01-07,40083.30078125,0.019748365358672082
2025-01-08,39981.05859375,-0.002550742715974774
2025-01-09,39605.08984375,-0.009403671719156903
2025-01-10,39190.3984375,-0.01047065939973979
2025-01-14,38474.30078125,-0.01827227292399225
2025-01-15,38444.578125,-0.0007725327204513022
2025-01-16,38572.6015625,0.0033300778352605143
2025-01-17,38451.4609375,-0.0031405873623461256
2025-01-20,38902.5,0.01173008909162454
2025-01-21,39027.98046875,0.003225511695906347
2025-01-22,39646.25,0.015841699309679935
2025-01-23,39958.87109375,0.007885262635179968
2025-01-24,39931.98046875,-0.0006729575752255634
2025-01-27,39565.80078125,-0.009170085810959572
2025-01-28,39016.87109375,-0.013873842476610165
2025-01-29,39414.78125,0.010198412765952014
2025-01-30,39513.96875,0.0025165051499556057
2025-01-31,39572.48828125,0.001480983386413115
2025-02-03,38520.08984375,-0.026594194179056507
2025-02-04,38798.37109375,0.0072243146661599145
2025-02-05,38831.48046875,0.0008533702335078441
2025-02-06,39066.53125,0.00605309863061132
2025-02-07,38787.01953125,-0.007154761628599959
2025-02-10,38801.171875,0.0003648731952348161
2025-02-12,38963.69921875,0.004188722553885471
2025-02-13,39461.46875,0.012775212344583231
2025-02-14,39149.4296875,-0.007907436605486207
2025-02-17,39174.25,0.0006339891206110781
2025-02-18,39270.3984375,0.002454378513947253
2025-02-19,39164.609375,-0.0026938627238113355
2025-02-20,38678.0390625,-0.012423724384459045
2025-02-21,38776.94140625,0.002557067166465865
2025-02-25,38237.7890625,-0.013903941987108315
2025-02-26,38142.37109375,-0.0024953840451925613
2025-02-27,38256.171875,0.0029835791007928325
2025-02-28,37155.5,-0.0287710928996342
2025-03-03,37785.46875,0.016954925919446584
2025-03-04,37331.1796875,-0.012022851046409211
2025-03-05,37418.23828125,0.0023320611477797293
2025-03-06,37704.9296875,0.007661809305267608
2025-03-07,36887.171875,-0.021688352671059508
2025-03-10,37028.26953125,0.003825114506694538
2025-03-11,36793.109375,-0.006350827603529674
2025-03-12,36819.08984375,0.000706123216855703
2025-03-13,36790.03125,-0.000789226291940337
2025-03-14,37053.1015625,0.007150586818270188
2025-03-17,37396.51953125,0.009268265118663077
2025-03-18,37845.421875,0.012003853550458965
2025-03-19,37751.87890625,-0.002471711613070804
2025-03-21,37677.05859375,-0.0019818963894698838
2025-03-24,37608.48828125,-0.0018199486652966668
2025-03-25,37780.5390625,0.004574785882467403
2025-03-26,38027.2890625,0.00653114026752788
2025-03-27,37799.96875,-0.005977820615253093
2025-03-28,37120.328125,-0.017979925578642142
2025-03-31,35617.55859375,-0.040483735116498276
2025-04-01,35624.48046875,0.0001943388394176626
2025-04-02,35725.87109375,0.002846094137118449
2025-04-03,34735.9296875,-0.027709370714915416
2025-04-04,33780.578125,-0.027503267397613107
2025-04-07,31136.580078125,-0.07826976901020699
2025-04-08,33012.578125,0.060250613335437686
2025-04-09,31714.029296875,-0.039334971755557224
2025-04-10,34609.0,0.0912835980576665
2025-04-11,33585.578125,-0.029570975035395408
2025-04-14,33982.359375,0.011814036623792656
2025-04-15,34267.5390625,0.008391991984811886
2025-04-16,33920.3984375,-0.010130305078717705
2025-04-17,34377.6015625,0.013478707387309052
2025-04-18,34730.28125,0.010258996307779489
2025-04-21,34279.921875,-0.012967340280320983
2025-04-22,34220.6015625,-0.0017304681357299678
2025-04-23,34868.62890625,0.01893676072778705
2025-04-24,35039.1484375,0.004890342310518436
2025-04-25,35705.73828125,0.019024145091282918
2025-04-28,35839.98828125,0.003759899849781201
2025-04-30,36045.37890625,0.005730767080285304
2025-05-01,36452.30078125,0.011289155152408359
2025-05-02,36830.69140625,0.010380431876460205
2025-05-07,36779.66015625,-0.0013855631825402392
2025-05-08,36928.62890625,0.004050302514138071
2025-05-09,37503.328125,0.01556243044411354
2025-05-12,37644.26171875,0.0037578956534274344
2025-05-13,38183.26171875,0.014318251318806707
2025-05-14,38128.12890625,-0.001443900023683109
2025-05-15,37755.51171875,-0.009772763526272099
2025-05-16,37753.71875,-4.748892726857967e-05
2025-05-19,37498.62890625,-0.006756681254081798
2025-05-20,37529.48828125,0.0008229467556575276
2025-05-21,37298.98046875,-0.006142045177183086
2025-05-22,36985.87109375,-0.008394582668615591
2025-05-23,37160.46875,0.004720658215874973
2025-05-26,37531.53125,0.009985409562413006
2025-05-27,37724.109375,0.005131102264845699
2025-05-28,37722.3984375,-4.5353953435745e-05
2025-05-29,38432.98046875,0.018837138164141898
2025-05-30,37965.1015625,-0.012173890771506324
2025-06-02,37470.671875,-0.013023267873682465
2025-06-03,37446.80859375,-0.0006368522381879904
2025-06-04,37747.44921875,0.008028471217976563
2025-06-05,37554.48828125,-0.005111893425745806
2025-06-06,37741.609375,0.0049826559304610996
2025-06-09,38088.5703125,0.009193061537270397
2025-06-10,38211.51171875,0.003227776869578536
2025-06-11,38421.19140625,0.00548734342266588
2025-06-12,38173.08984375,-0.006457414604265521
2025-06-13,37834.25,-0.008876406000586812
2025-06-16,38311.328125,0.012609688972293531
2025-06-17,38536.73828125,0.00588364244420192
2025-06-18,38885.1484375,0.009040987166771153
2025-06-19,38488.33984375,-0.010204631065965697
2025-06-20,38403.23046875,-0.0022113028347160446
2025-06-23,38354.08984375,-0.0012795961277264345
2025-06-24,38790.55859375,0.011379979339312118
2025-06-25,38942.0703125,0.0039058916458709625
2025-06-26,39584.578125,0.016499066622396752
2025-06-27,40150.7890625,0.014303826498087702
2025-06-30,40487.390625,0.008383435801872618
2025-07-01,39986.328125,-0.012375766683531464
2025-07-02,39762.48046875,-0.005598104820983774
2025-07-03,39785.8984375,0.0005889463754256141
2025-07-04,39810.87890625,0.0006278724304602523
2025-07-07,39587.6796875,-0.00560648809777875
2025-07-08,39688.80859375,0.002554555029451011
2025-07-09,39821.28125,0.003337783645913195
2025-07-10,39646.359375,-0.004392673201593644
2025-07-11,39569.6796875,-0.0019340915208561071
2025-07-14,39459.62109375,-0.002781387027117277
2025-07-15,39678.01953125,0.005534732251511354
2025-07-16,39663.3984375,-0.00036849353679269115
2025-07-17,39901.19140625,0.005995274689452268
2025-07-18,39819.109375,-0.0020571323400920827
2025-07-22,39774.921875,-0.0011097058847765462
2025-07-23,41171.3203125,0.035107509246364854
2025-07-24,41826.33984375,0.015909607131329384
2025-07-25,41456.23046875,-0.008848715340204594
2025-07-28,40998.26953125,-0.011046854292389496
2025-07-29,40674.55078125,-0.007895912527558058
2025-07-30,40654.69921875,-0.00048805855550226873
2025-07-31,41069.8203125,0.010210900627166453
2025-08-01,40799.6015625,-0.006579496767794679
2025-08-04,40290.69921875,-0.012473218469313374
2025-08-05,40549.5390625,0.006424307564003362
2025-08-06,40794.859375,0.006049891519651629
2025-08-07,41059.1484375,0.006478489362362172
2025-08-08,41820.48046875,0.01854232394539057
2025-08-12,42718.171875,0.021465353725928393
2025-08-13,43274.671875,0.013027242870514266
2025-08-14,42649.26171875,-0.014452106258749042
2025-08-15,43378.30859375,0.017094009265803622
2025-08-18,43714.30859375,0.00774580685352988
2025-08-19,43546.2890625,-0.003843582036523907
2025-08-20,42888.55078125,-0.01510434747507372
2025-08-21,42610.171875,-0.006490751055447164
2025-08-22,42633.2890625,0.0005425274408141778
2025-08-25,42807.8203125,0.004093778684167271
2025-08-26,42394.3984375,-0.009657624984920843
2025-08-27,42520.26953125,0.0029690501195709373
2025-08-28,42828.7890625,0.007255822567711068
2025-08-29,42718.46875,-0.002575844774387881
2025-09-01,42188.7890625,-0.012399313528765
2025-09-02,42310.48828125,0.0028846340806252257
2025-09-03,41938.890625,-0.00878263691451353
2025-09-04,42580.26953125,0.015293177685240744
2025-09-05,43018.75,0.010297738214836594
2025-09-08,43643.80859375,0.014529910649426103
2025-09-09,43459.2890625,-0.00422785126219305
2025-09-10,43837.671875,0.008706603827684178
2025-09-11,44372.5,0.01220019453872978
2025-09-12,44768.12109375,0.00891590723421043
2025-09-16,44902.26953125,0.002996517035393831
2025-09-17,44790.37890625,-0.00249187014750174
2025-09-18,45303.4296875,0.011454486293225097
2025-09-19,45045.80859375,-0.005686569328791524
2025-09-22,45493.66015625,0.00994213616052475
2025-09-24,45630.30859375,0.0030036808871978238
2025-09-25,45754.9296875,0.002731103461506512
2025-09-26,45354.98828125,-0.00874094680030213
2025-09-29,45043.75,-0.006862272333089003
2025-09-30,44932.62890625,-0.002466959206327224
2025-10-01,44550.8515625,-0.008496661625264856
2025-10-02,44936.73046875,0.008661538280781311
2025-10-03,45769.5,0.018532045446188583
2025-10-06,47944.76171875,0.04752644706081566
2025-10-07,47950.87890625,0.0001275882344746737
2025-10-08,47734.98828125,-0.0045023288399382855
2025-10-09,48580.44140625,0.017711392742335574
2025-10-10,48088.80078125,-0.010120134991954743
2025-10-14,46847.3203125,-0.025816415643162727
2025-10-15,47672.671875,0.017617903371941024
2025-10-16,48277.73828125,0.012692101836383696
2025-10-17,47582.1484375,-0.014408086801782738
2025-10-20,49185.5,0.03369649364626803
2025-10-21,49316.05859375,0.002654412250561622
2025-10-22,49307.7890625,-0.00016768435040848129
2025-10-23,48641.609375,-0.013510637977614093
2025-10-24,49299.6484375,0.013528316002599405
2025-10-27,50512.3203125,0.024597982205438518
2025-10-28,50219.1796875,-0.005803349028246085
2025-10-29,51307.6484375,0.021674363396081642
2025-10-30,51325.609375,0.0003500635489439574
2025-10-31,52411.33984375,0.021153776486457998
2025-11-04,51497.19921875,-0.017441657239163466
2025-11-05,50212.26953125,-0.024951447981508057
2025-11-06,50883.6796875,0.013371436155303451
2025-11-07,50276.37109375,-0.011935233408428059
2025-11-10,50911.76171875,0.012637957179033377
2025-11-11,50842.9296875,-0.0013519868283138337
2025-11-12,51063.30859375,0.004334504474949208
2025-11-13,51281.828125,0.004279384498730776
2025-11-14,50376.53125,-0.01765336588222499
2025-11-17,50323.91015625,-0.0010445557175992048
2025-11-18,48702.98046875,-0.03220993127257399
2025-11-19,48537.69921875,-0.003393657809218742
2025-11-20,49823.94140625,0.02649985904159058
2025-11-21,48625.87890625,-0.024045919816566563
2025-11-25,48659.51953125,0.0006918255413923546
2025-11-26,49559.0703125,0.01848663509043269
2025-11-27,50167.1015625,0.012268818728156106
2025-11-28,50253.91015625,0.0017303888613506846
2025-12-01,49303.28125,-0.018916516213251744
2025-12-02,49303.44921875,3.4068472876125355e-06
2025-12-03,49864.6796875,0.011383188755413887
2025-12-04,51028.421875,0.023338005874962597
2025-12-05,50491.87109375,-0.010514743774838742
2025-12-08,50581.94140625,0.0017838576893449698
2025-12-09,50655.1015625,0.001446369083828003
2025-12-10,50602.80078125,-0.0010324879357999084
2025-12-11,50148.8203125,-0.008971449440367985
2025-12-12,50836.55078125,0.013713791560089339
2025-12-15,50168.109375,-0.013148834765094652
2025-12-16,49383.2890625,-0.01564380883149441
2025-12-17,49512.28125,0.002612061487778705
2025-12-18,49001.5,-0.010316253606270642
2025-12-19,49507.2109375,0.010320315449527051
2025-12-22,50402.390625,0.018081804055375184
2025-12-23,50412.87109375,0.0002079359454987273
2025-12-24,50344.1015625,-0.001364126457350845
2025-12-25,50407.7890625,0.0012650439281538528
2025-12-26,50750.390625,0.006796599669848913
2025-12-29,50526.921875,-0.004403291230824835
2025-12-30,50339.48046875,-0.0037097333321376436
2026-01-05,51832.80078125,0.029664992538551038
2026-01-06,52518.078125,0.013220920602806663
2026-01-07,51961.98046875,-0.010588690144494928
2026-01-08,51117.26171875,-0.016256477185430107
2026-01-09,51939.890625,0.016092976786905133
2026-01-13,53549.16015625,0.030983306123394394
2026-01-14,54341.23046875,0.014791460971354864
2026-01-15,54110.5,-0.004245955911555743
2026-01-16,53936.171875,-0.0032217060459615032
2026-01-19,53583.5703125,-0.006537385769927684
2026-01-20,52991.1015625,-0.011056910663935104
2026-01-21,52774.640625,-0.004084854458907494
2026-01-22,53688.890625,0.01732366131105234
2026-01-23,53846.87109375,0.0029425169138517226
2026-01-26,52885.25,-0.017858439575361262
2026-01-27,53333.5390625,0.008476636916720626
2026-01-28,53358.7109375,0.00047197083565930775
2026-01-29,53375.6015625,0.0003165485954070846
2026-01-30,53322.8515625,-0.0009882792597332157
2026-02-02,52655.1796875,-0.01252130850911859
2026-02-03,54720.66015625,0.03922653917446106
2026-02-04,54293.359375,-0.007808765099505011
2026-02-05,53818.0390625,-0.008754667568403707
2026-02-06,54253.6796875,0.008094695246961381
2026-02-09,56363.94140625,0.03889619526094923
2026-02-10,57650.5390625,0.022826609072220228
2026-02-12,57639.83984375,-0.00018558748840835637
2026-02-13,56941.96875,-0.012107443317708522
2026-02-16,56806.41015625,-0.00238064465851473
2026-02-17,56566.48828125,-0.004223500030015592
2026-02-18,57143.83984375,0.010206600763855045
2026-02-19,57467.828125,0.005669697418582587
2026-02-20,56825.69921875,-0.011173711051917334
2026-02-24,57321.08984375,0.008717721590947747
2026-02-25,58583.12109375,0.02201687465189761
2026-02-26,58753.390625,0.002906460565279767
2026-02-27,58850.26953125,0.001648907496561991
2026-03-02,58057.23828125,-0.013475405572762833
2026-03-03,56279.05078125,-0.03062817923556449
2026-03-04,54245.5390625,-0.03613265843189184
2026-03-05,55278.05859375,0.019034183254412085
2026-03-06,55620.83984375,0.006201036337386112
2026-03-09,52728.71875,-0.051997077028583916
2026-03-10,54248.390625,0.02882057275476657
2026-03-11,55025.37109375,0.014322645516269716
2026-03-12,54452.9609375,-0.010402658716735402
2026-03-13,53819.609375,-0.01163116847267398
2026-03-16,53751.1484375,-0.0012720444888959515
2026-03-17,53700.390625,-0.0009443112189317926
2026-03-18,55239.3984375,0.028659154888596383
2026-03-19,53372.53125,-0.0337959362394622
2026-03-23,51515.48828125,-0.0347939834453701
2026-03-24,52252.28125,0.014302358248600155
2026-03-25,53749.62109375,0.028655970762042182
2026-03-26,53603.6484375,-0.0027157894935742055
2026-03-27,53373.0703125,-0.0043015378938029425
2026-03-30,51885.8515625,-0.027864590537743372
2026-03-31,51063.71875,-0.015845028803462613
2026-04-01,53739.6796875,0.05240434897820667
2026-04-02,52463.26953125,-0.0237517261671899
2026-04-03,53123.48828125,0.012584399636144328
2026-04-06,53413.6796875,0.00546258191317639
2026-04-07,53429.55859375,0.0002972816391400013
2026-04-08,56308.421875,0.0538814722977472
2026-04-09,55895.3203125,-0.0073364081028065575
2026-04-10,56924.109375,0.018405638553428805
2026-04-13,56502.76953125,-0.007401781922916517
2026-04-14,57877.390625,0.02432838434565121
2026-04-15,58134.23828125,0.004437789151797933
2026-04-16,59518.33984375,0.023808715886218357
2026-04-17,58475.8984375,-0.017514625054842914
2026-04-20,58824.890625,0.005968137246715521
2026-04-21,59349.171875,0.008912575007443913
2026-04-22,59585.859375,0.003988050591480885
2026-04-23,59140.23046875,-0.007478769475245173
2026-04-24,59716.1796875,0.00973870433349644
2026-04-27,60537.359375,0.013751376792643155
2026-04-28,59917.4609375,-0.010239931901555588
2026-04-30,59284.921875,-0.010556840236601528
2026-05-01,59513.12109375,0.0038491948969949785
2026-05-07,62833.83984375,0.055798094419698296
2026-05-08,62713.6484375,-0.0019128451571459593
2026-05-11,62417.87890625,-0.004716190791303809
2026-05-12,62742.5703125,0.0052018974681544705
2026-05-13,63272.109375,0.00843986881414871
2026-05-14,62654.05078125,-0.009768262823148577
2026-05-15,61409.2890625,-0.01986721853142348
2026-05-18,60815.94921875,-0.009662053621010358
2026-05-19,60550.58984375,-0.00436331880713603
2026-05-20,59804.41015625,-0.012323243909357573
2026-05-21,61684.140625,0.03143130186952536
2026-05-22,63339.0703125,0.02682909530280897
2026-05-25,65158.19140625,0.02872036303619363
2026-05-26,64996.08984375,-0.002487815560891282
2026-05-27,64999.41015625,5.1084803839529513e-05
2026-05-28,64693.12109375,-0.0047121821838648215
